CUST_ID,BALANCE,BALANCE_FREQUENCY,PURCHASES,ONEOFF_PURCHASES,INSTALLMENTS_PURCHASES,CASH_ADVANCE,PURCHASES_FREQUENCY,ONEOFF_PURCHASES_FREQUENCY,PURCHASES_INSTALLMENTS_FREQUENCY,CASH_ADVANCE_FREQUENCY,CASH_ADVANCE_TRX,PURCHASES_TRX,CREDIT_LIMIT,PAYMENTS,MINIMUM_PAYMENTS,PRC_FULL_PAYMENT,TENURE
C17875,16.834929,0.454545,15.0,15.0,0.0,209.025389,0.090909,0.090909,0.0,0.090909,1,1,7500.0,430.213001,86.959785,0.0,11
C16296,540.020858,1.0,612.23,495.61,116.62,1708.923217,0.666667,0.166667,0.5,0.333333,10,10,2000.0,1642.068707,419.956251,0.0,12
C17219,119.237712,1.0,342.74,0.0,342.74,0.0,1.0,0.0,1.0,0.0,0,20,2000.0,327.166041,165.207233,0.0,12
C13108,894.081947,1.0,1901.71,1853.11,48.6,206.61878,0.666667,0.666667,0.416667,0.083333,1,33,1500.0,947.130141,220.745296,0.0,12
C13576,1294.145453,1.0,3059.1,1836.98,1222.12,0.0,1.0,0.416667,1.0,0.0,0,42,7000.0,5560.033502,497.637767,0.083333,12
C14650,32.229139,0.727273,145.85,0.0,145.85,0.0,0.583333,0.0,0.583333,0.0,0,7,1000.0,263.681773,130.725349,0.125,12
C16884,812.839893,0.875,1160.09,932.09,228.0,3129.703318,0.875,0.375,0.5,0.875,8,13,2000.0,4900.523879,197.894736,0.2,8
C12545,1054.905969,1.0,885.44,0.0,885.44,0.0,0.833333,0.0,0.833333,0.0,0,111,1000.0,1057.25415,1613.401207,0.0,12
C12969,600.777518,1.0,760.38,269.53,490.85,0.0,1.0,0.166667,1.0,0.0,0,35,4500.0,829.712416,186.053091,0.0,12
C16584,2184.965504,1.0,0.0,0.0,0.0,2893.023143,0.0,0.0,0.0,0.916667,26,0,8000.0,1730.364781,481.160634,0.0,12
C12915,335.360271,1.0,3237.47,3237.47,0.0,0.0,0.75,0.75,0.0,0.0,0,19,2000.0,3137.11501,124.831219,0.571429,12
C13874,4380.251712,1.0,0.0,0.0,0.0,404.036972,0.0,0.0,0.0,0.333333,3,0,4500.0,776.241676,1326.776456,0.0,9
C11045,1239.889457,1.0,3914.15,2643.0,1271.15,0.0,0.583333,0.25,0.416667,0.0,0,12,9500.0,3980.107176,511.121978,0.083333,12
C13074,212.080181,1.0,618.0,333.0,285.0,0.0,0.5,0.083333,0.333333,0.0,0,7,6000.0,378.383325,169.341588,0.0,12
C15304,90.017392,0.909091,1247.39,427.02,820.37,0.0,0.909091,0.272727,0.818182,0.0,0,25,5000.0,762.863333,115.044143,0.454545,11
C16327,547.484638,0.909091,1225.96,1071.23,154.73,0.0,0.833333,0.666667,0.166667,0.0,0,13,1500.0,400.154087,276.642257,0.0,12
C14255,1189.030969,1.0,1122.3,1122.3,0.0,1425.965785,0.416667,0.416667,0.0,0.416667,9,9,4000.0,3231.526204,318.563445,0.0,12
C12928,2221.252825,0.545455,0.0,0.0,0.0,6448.247202,0.0,0.0,0.0,0.333333,12,0,7000.0,397.799248,477.915036,0.0,12
C11840,1053.639683,1.0,1027.01,1002.8,24.21,314.032321,0.583333,0.25,0.25,0.083333,3,8,2200.0,1181.14154,225.348166,0.0,12
C10220,2458.376257,0.818182,0.0,0.0,0.0,102.275984,0.0,0.0,0.0,0.083333,1,0,7500.0,4543.63481,647.20869,0.0,12
C16574,1155.509859,1.0,564.0,564.0,0.0,0.0,0.166667,0.166667,0.0,0.0,0,6,4000.0,279.047416,295.461365,0.0,12
C10100,1139.782882,1.0,0.0,0.0,0.0,120.612912,0.0,0.0,0.0,0.083333,1,0,1200.0,151.823651,2906.110765,0.0,12
C18361,1411.096444,1.0,270.0,0.0,270.0,711.48812,0.833333,0.0,0.833333,0.25,3,10,1500.0,1279.52965,902.25194,0.0,12
C13032,2848.735428,1.0,95.67,95.67,0.0,272.559361,0.083333,0.083333,0.0,0.083333,1,1,5500.0,679.138272,892.599825,0.0,12
C15804,2584.317807,1.0,0.0,0.0,0.0,6036.492283,0.0,0.0,0.0,0.25,7,0,3000.0,6024.595066,826.013735,0.181818,12
C16255,2244.345037,1.0,2969.3,1238.55,1730.75,0.0,1.0,0.75,1.0,0.0,0,91,9500.0,713.218297,643.266736,0.0,12
C16639,276.93292,0.454545,0.0,0.0,0.0,936.59473,0.0,0.0,0.0,0.083333,2,0,1000.0,247.914645,152.028346,0.0,12
C17942,4.326857,0.545455,100.12,0.0,100.12,0.0,0.75,0.0,0.666667,0.0,0,9,4000.0,123.485948,61.021667,0.3,12
C12359,5355.922523,1.0,2469.28,905.98,1563.3,5839.680075,0.916667,0.583333,0.833333,0.666667,27,33,8000.0,1226.857482,2016.38299,0.0,12
C10760,492.916599,1.0,4371.82,2765.16,1606.66,0.0,1.0,0.916667,1.0,0.0,0,97,20000.0,3603.230966,207.887409,0.583333,12
C14370,12596.42194,1.0,0.0,0.0,0.0,3252.260115,0.0,0.0,0.0,0.083333,6,0,14000.0,3031.587665,2946.488163,0.0,12
C16872,544.314078,1.0,111.8,111.8,0.0,912.814627,0.083333,0.083333,0.0,0.166667,3,1,1200.0,135.415952,183.945301,0.0,12
C18440,435.518068,1.0,27.22,27.22,0.0,0.0,0.083333,0.083333,0.0,0.0,0,1,500.0,160.536841,220.943631,0.0,12
C16826,972.958145,1.0,100.0,100.0,0.0,37.470292,0.083333,0.083333,0.0,0.166667,2,1,1000.0,318.226488,577.927525,0.0,12
C11358,1094.221693,1.0,35.0,35.0,0.0,18.804195,0.083333,0.083333,0.0,0.083333,1,2,1200.0,348.094372,493.967774,0.0,12
C11331,396.419487,1.0,4349.34,4349.34,0.0,0.0,0.916667,0.916667,0.0,0.0,0,14,5000.0,4381.453625,163.370313,1.0,12
C11830,1269.019947,0.818182,445.46,0.0,445.46,0.0,1.0,0.0,1.0,0.0,0,13,2600.0,2875.999728,489.750966,0.0,12
C15999,338.310239,1.0,2855.04,2488.95,366.09,0.0,0.75,0.25,0.583333,0.0,0,15,6000.0,2801.205072,125.713305,0.375,12
C18086,182.514528,1.0,157.67,0.0,157.67,214.94366,0.916667,0.0,0.916667,0.416667,6,11,1000.0,138.547392,209.716038,0.0,12
C16931,947.223495,1.0,0.0,0.0,0.0,648.548716,0.0,0.0,0.0,0.25,3,0,6500.0,2415.827922,3933.230932,0.0,12
C15003,661.940291,1.0,755.14,482.9,272.24,0.0,0.916667,0.75,0.75,0.0,0,29,6500.0,2284.482833,247.277952,0.333333,12
C16673,55.907108,1.0,439.91,0.0,439.91,0.0,1.0,0.0,1.0,0.0,0,25,6000.0,449.043148,172.225824,1.0,12
C16454,2848.442843,1.0,2148.02,1634.44,513.58,385.68198,1.0,0.666667,0.583333,0.083333,1,32,3500.0,922.603695,764.90448,0.0,12
C15956,5938.788939,1.0,3394.94,1705.78,1689.16,0.0,1.0,0.833333,0.916667,0.0,0,59,12000.0,1367.537734,1374.956496,0.0,12
C16753,56.68168,1.0,827.2,0.0,827.2,0.0,1.0,0.0,1.0,0.0,0,20,1000.0,798.681574,174.491545,0.666667,12
C11905,1276.941373,1.0,2196.54,1037.8,1158.74,0.0,1.0,0.333333,1.0,0.0,0,44,1000.0,1410.009813,3446.470208,0.0,12
C19124,931.907808,1.0,1142.12,0.0,1142.12,1113.924335,1.0,0.0,0.857143,0.285714,3,14,1000.0,957.421268,1064.015704,0.0,7
C16597,1959.35945,1.0,0.0,0.0,0.0,2757.579869,0.0,0.0,0.0,0.5,6,0,4000.0,1542.366508,460.734661,0.0,12
C16448,965.514081,1.0,8945.67,8945.67,0.0,0.0,0.916667,0.916667,0.0,0.0,0,23,5500.0,7917.840874,261.663214,1.0,12
C15645,40.074484,1.0,423.37,423.37,0.0,0.0,1.0,1.0,0.0,0.0,0,12,7000.0,430.466572,187.954393,0.083333,12
C17167,47.336863,0.909091,464.95,134.9,330.05,0.0,0.75,0.166667,0.416667,0.0,0,14,1000.0,424.138187,153.671805,0.454545,12
C10231,41.642389,0.857143,75.99,75.99,0.0,0.0,0.142857,0.142857,0.0,0.0,0,1,2700.0,69.163384,99.401747,0.0,7
C10727,3063.017462,1.0,0.0,0.0,0.0,3550.209696,0.0,0.0,0.0,0.166667,3,0,5500.0,757.537513,891.059927,0.0,12
C16806,3345.311478,1.0,767.13,20.0,747.13,0.0,1.0,0.083333,1.0,0.0,0,70,3000.0,976.91687,26873.51595,0.0,12
C17221,1281.911087,1.0,3173.5,0.0,3173.5,651.192848,1.0,0.0,0.909091,0.090909,4,11,1000.0,2757.343301,4800.913225,0.0,11
C17588,23.587067,1.0,837.48,0.0,837.48,0.0,1.0,0.0,1.0,0.0,0,12,3500.0,775.895535,3.300026,0.166667,12
C17257,780.382656,0.636364,0.0,0.0,0.0,1372.812459,0.0,0.0,0.0,0.083333,3,0,1500.0,201.628458,429.816935,0.0,12
C12922,2735.480264,0.636364,100.0,0.0,100.0,6964.780053,0.333333,0.0,0.25,0.5,11,4,9000.0,1129.128267,1362.581887,0.0,12
C11182,1180.758966,1.0,1274.54,396.24,878.3,0.0,0.833333,0.833333,0.416667,0.0,0,21,4500.0,1351.787519,285.440312,0.0,12
C15896,1874.572121,1.0,0.0,0.0,0.0,1359.837109,0.0,0.0,0.0,0.916667,17,0,2500.0,329.797397,507.068261,0.0,12
C14734,108.766657,0.857143,750.19,750.19,0.0,0.0,0.714286,0.714286,0.0,0.0,0,7,2500.0,498.643829,95.901909,0.0,7
C17005,770.636646,0.818182,0.0,0.0,0.0,1615.027379,0.0,0.0,0.0,0.25,4,0,1500.0,809.365677,257.156519,0.0,12
C10763,0.25571,0.090909,24.0,0.0,24.0,0.0,0.166667,0.0,0.166667,0.0,0,2,1500.0,9.533313,8.8426,0.0,12
C13763,19.104261,0.636364,322.77,0.0,322.77,0.0,0.583333,0.0,0.5,0.0,0,7,5300.0,409.550536,174.81905,0.857143,12
C10645,1088.031913,1.0,9734.63,3756.01,5978.62,0.0,1.0,1.0,1.0,0.0,0,194,8500.0,8571.945329,204.762568,0.083333,12
C13133,117.205812,0.818182,215.0,215.0,0.0,0.0,0.083333,0.083333,0.0,0.0,0,1,1750.0,86.403222,182.994424,0.0,12
C16760,291.654079,1.0,1528.77,1528.77,0.0,0.0,0.416667,0.416667,0.0,0.0,0,9,9000.0,930.081668,122.43225,0.0,12
C16082,1157.305572,1.0,0.0,0.0,0.0,1195.791823,0.0,0.0,0.0,0.166667,5,0,1200.0,328.141952,293.804549,0.0,12
C12728,1517.559661,1.0,0.0,0.0,0.0,456.396077,0.0,0.0,0.0,0.166667,2,0,1950.0,473.175712,381.272303,0.0,12
C15164,1241.565972,1.0,3637.75,3396.25,241.5,6419.421654,0.833333,0.583333,0.5,0.333333,8,26,7000.0,8754.779769,407.886506,0.416667,12
C18054,785.704401,1.0,1059.82,899.82,160.0,2083.277724,0.666667,0.416667,0.25,0.5,11,10,3600.0,2380.838508,242.76267,0.0,12
C18117,257.564141,0.363636,2971.83,2971.83,0.0,0.0,0.333333,0.333333,0.0,0.0,0,21,6000.0,3946.991516,358.523649,0.333333,12
C13862,716.970968,1.0,378.35,0.0,378.35,801.879454,1.0,0.0,0.857143,0.428571,8,7,1000.0,211.734375,317.6652,0.0,7
C16226,2490.340771,1.0,2197.28,2064.28,133.0,0.0,0.833333,0.75,0.333333,0.0,0,40,4200.0,775.676457,795.224277,0.0,12
C14278,809.572784,1.0,691.66,691.66,0.0,992.321871,0.333333,0.333333,0.0,0.25,4,4,1500.0,1395.925667,263.711559,0.0,12
C11950,365.005559,1.0,421.04,341.0,80.04,0.0,0.333333,0.083333,0.333333,0.0,0,6,4000.0,1386.413639,110.535797,0.0,12
C19184,5.871712,0.5,20.9,20.9,0.0,0.0,0.166667,0.166667,0.0,0.0,0,1,500.0,58.644883,43.473717,0.0,6
C11342,5561.206188,1.0,1120.29,965.09,155.2,0.0,0.666667,0.583333,0.583333,0.0,0,19,6000.0,2013.621078,2741.09648,0.0,12
C18435,4436.557694,1.0,6005.9,5838.38,167.52,567.971877,1.0,0.583333,0.916667,0.083333,1,61,10500.0,1650.425296,1067.515656,0.0,12
C13538,1413.006634,1.0,1678.69,1528.69,150.0,392.356874,0.5,0.166667,0.333333,0.083333,1,8,1800.0,2308.456562,510.627017,0.083333,12
C17968,4.115287,0.363636,60.0,0.0,60.0,0.0,0.333333,0.0,0.25,0.0,0,4,2500.0,109.888829,166.384674,0.0,12
C12092,311.341555,0.909091,3721.39,3721.39,0.0,0.0,0.5,0.5,0.0,0.0,0,26,4000.0,4004.905569,156.580586,0.714286,12
C13025,1173.662921,0.818182,0.0,0.0,0.0,1422.490362,0.0,0.0,0.0,0.083333,1,0,1800.0,238.582391,258.649795,0.0,12
C16372,502.236778,1.0,603.46,328.68,274.78,0.0,0.583333,0.333333,0.416667,0.0,0,13,1200.0,233.768374,353.463494,0.0,12
C15780,40.778677,1.0,100.98,100.98,0.0,0.0,0.333333,0.333333,0.0,0.0,0,4,400.0,227.659466,196.226103,0.0,12
C18263,2731.663846,0.833333,0.0,0.0,0.0,5724.953197,0.0,0.0,0.0,0.333333,4,0,8000.0,574.931823,541.703109,0.0,6
C12421,4059.211725,1.0,0.0,0.0,0.0,4524.312762,0.0,0.0,0.0,0.25,4,0,5000.0,3246.575307,866.693315,0.0,12
C11614,3630.771485,1.0,0.0,0.0,0.0,10519.48252,0.0,0.0,0.0,0.666667,15,0,9000.0,5171.793236,929.686078,0.090909,12
C18116,670.177406,0.818182,4562.69,4562.69,0.0,0.0,0.25,0.25,0.0,0.0,0,5,9000.0,5060.2174,165.965951,0.0,12
C11477,449.556041,0.454545,143.0,143.0,0.0,1135.028534,0.083333,0.083333,0.0,0.25,4,2,5000.0,4723.998143,351.230553,0.0,12
C14203,1155.692527,1.0,981.2,326.2,655.0,0.0,0.583333,0.166667,0.416667,0.0,0,12,1200.0,1279.911936,1176.743934,0.0,12
C13240,410.021801,0.636364,1438.76,1060.66,378.1,0.0,0.583333,0.5,0.333333,0.0,0,24,3000.0,424.595959,258.959313,0.0,12
C11850,1194.651852,1.0,322.29,0.0,322.29,0.0,0.916667,0.0,0.833333,0.0,0,13,1200.0,482.355548,946.189043,0.0,12
C16485,1390.563775,1.0,0.0,0.0,0.0,154.241717,0.0,0.0,0.0,0.083333,1,0,1500.0,506.958786,606.10374,0.0,12
C18596,391.07025,1.0,2616.0,0.0,2616.0,0.0,1.0,0.0,1.0,0.0,0,12,2000.0,2186.334191,224.709953,0.083333,12
C15199,871.499977,1.0,20.0,20.0,0.0,197.024597,0.083333,0.083333,0.0,0.333333,5,1,2000.0,278.265172,277.580245,0.0,12
C17913,1322.64748,1.0,799.92,0.0,799.92,0.0,1.0,0.0,1.0,0.0,0,20,1000.0,469.485706,9299.951204,0.0,12
C10175,349.441102,1.0,1975.4,1393.5,581.9,0.0,0.666667,0.416667,0.333333,0.0,0,17,4000.0,1795.012223,167.219681,0.0,12
C14756,107.600851,1.0,1461.15,1034.03,427.12,0.0,1.0,1.0,0.916667,0.0,0,33,7500.0,1334.893122,193.531249,0.833333,12
C16134,6022.224462,1.0,0.0,0.0,0.0,4111.465632,0.0,0.0,0.0,0.166667,6,0,7000.0,4560.77572,42629.55117,0.0,12
C17175,51.65143,0.727273,398.98,0.0,398.98,0.0,0.5,0.0,0.333333,0.0,0,6,2500.0,452.347581,264.697366,0.571429,12
C15313,2002.429291,1.0,3500.03,1814.42,1685.61,0.0,1.0,0.666667,1.0,0.0,0,129,6000.0,1619.62737,537.587864,0.0,12
C17042,72.575706,0.181818,0.0,0.0,0.0,907.958603,0.0,0.0,0.0,0.083333,2,0,1000.0,2988.425347,42.653262,0.0,12
C14558,1654.369427,1.0,736.24,480.0,256.24,0.0,1.0,0.166667,0.916667,0.0,0,20,7000.0,2267.012612,518.201767,0.083333,12
C17867,717.764625,1.0,3358.25,3358.25,0.0,0.0,1.0,1.0,0.0,0.0,0,127,4000.0,2370.592652,202.790825,0.0,12
C17300,54.567517,1.0,0.0,0.0,0.0,207.390596,0.0,0.0,0.0,0.166667,4,0,3000.0,276.975673,161.150923,0.25,12
C11360,3007.093879,1.0,0.0,0.0,0.0,2374.346946,0.0,0.0,0.0,0.75,31,0,3500.0,878.602529,734.58611,0.0,12
C18408,772.647723,0.875,0.0,0.0,0.0,970.37112,0.0,0.0,0.0,0.125,1,0,2500.0,125.862157,209.002905,0.0,8
C16465,4217.472407,1.0,7311.99,7311.99,0.0,0.0,0.5,0.5,0.0,0.0,0,11,6700.0,2773.245445,1960.522407,0.0,12
C10372,601.92037,1.0,983.77,603.77,380.0,0.0,0.666667,0.416667,0.25,0.0,0,15,2400.0,389.411161,219.465695,0.0,12
C11553,632.679411,1.0,1363.79,800.0,563.79,0.0,0.75,0.083333,0.666667,0.0,0,16,6000.0,2432.980638,219.177144,0.0,12
C10562,68.039722,0.454545,734.11,734.11,0.0,0.0,0.333333,0.333333,0.0,0.0,0,6,5000.0,1537.307484,102.554198,0.5,12
C17779,11.673388,0.272727,76.0,76.0,0.0,0.0,0.083333,0.083333,0.0,0.0,0,1,4000.0,447.312571,84.678373,0.0,12
C14896,37.911473,0.818182,254.0,84.0,170.0,0.0,0.666667,0.166667,0.5,0.0,0,12,3000.0,248.076679,185.502626,0.5,12
C18482,104.693836,1.0,783.24,0.0,783.24,0.0,1.0,0.0,1.0,0.0,0,12,2700.0,734.364933,201.315774,0.666667,12
C17733,1.097736,0.272727,343.82,0.0,343.82,169.355104,0.833333,0.0,0.833333,0.083333,1,10,4000.0,169.895641,9.801394,0.0,12
C15907,0.892901,0.363636,492.0,0.0,492.0,0.0,1.0,0.0,1.0,0.0,0,24,7500.0,450.655804,19.582178,0.0,12
C18991,0.979061,0.272727,0.0,0.0,0.0,329.93065,0.0,0.0,0.0,0.083333,1,0,500.0,1316.748413,1.721007,1.0,12
C18534,420.348086,1.0,3986.24,833.24,3153.0,0.0,1.0,0.166667,1.0,0.0,0,22,1500.0,3100.021072,202.854078,0.666667,12
C15150,41.049799,0.727273,413.31,133.31,280.0,0.0,0.583333,0.083333,0.416667,0.0,0,8,6000.0,475.939508,106.476161,0.625,12
C18750,11.748193,0.181818,80.75,80.75,0.0,0.0,0.083333,0.083333,0.0,0.0,0,1,2000.0,0.0,,0.0,12
C15879,3881.679582,1.0,15.92,15.92,0.0,2183.782456,0.083333,0.083333,0.0,0.333333,9,1,5500.0,1032.183632,1129.747227,0.0,12
C13086,233.376877,1.0,1178.12,901.5,276.62,0.0,1.0,0.25,1.0,0.0,0,28,6000.0,1098.390459,177.323148,0.0,12
C11474,112.973151,1.0,0.0,0.0,0.0,152.483846,0.0,0.0,0.0,0.083333,1,0,6000.0,552.938783,207.920808,0.0,12
C15037,322.411152,1.0,1506.92,813.02,693.9,0.0,1.0,1.0,0.583333,0.0,0,33,2500.0,1567.278435,167.076537,0.0,12
C16616,846.091011,1.0,2599.2,1212.28,1386.92,0.0,0.916667,0.333333,0.916667,0.0,0,19,3000.0,1900.699307,195.516066,0.0,12
C10859,227.781773,1.0,1497.82,690.57,807.25,0.0,1.0,0.333333,0.833333,0.0,0,31,3500.0,342.79543,183.964777,0.090909,12
C14453,3.005343,0.333333,0.0,0.0,0.0,265.334594,0.0,0.0,0.0,0.111111,1,0,1200.0,1233.178997,1.334075,0.0,9
C16407,637.379659,1.0,37.62,0.0,37.62,0.0,0.25,0.0,0.25,0.0,0,3,1500.0,1691.81869,4887.636705,0.083333,12
C13091,27.585915,0.090909,0.0,0.0,0.0,1209.369868,0.0,0.0,0.0,0.083333,1,0,11000.0,14176.74867,46.573054,0.0,12
C11697,1647.932117,1.0,0.0,0.0,0.0,93.690441,0.0,0.0,0.0,0.333333,4,0,1800.0,390.2023,717.310059,0.0,12
C17505,2130.050015,1.0,1044.2,835.96,208.24,0.0,1.0,0.7,0.7,0.0,0,26,6000.0,597.906134,422.543556,0.0,10
C11784,5.270593,0.181818,69.57,69.57,0.0,0.0,0.083333,0.083333,0.0,0.0,0,2,4000.0,411.825987,83.449559,0.0,12
C17012,251.273637,0.272727,1861.74,1861.74,0.0,0.0,0.25,0.25,0.0,0.0,0,31,3000.0,195.73661,273.119363,0.0,12
C17622,1441.993476,0.909091,0.0,0.0,0.0,2464.684708,0.0,0.0,0.0,0.333333,5,0,3000.0,3206.577257,481.175275,0.0,12
C16431,95.517105,0.818182,1305.72,0.0,1305.72,0.0,0.75,0.0,0.666667,0.0,0,9,1700.0,1127.40911,77.116725,0.2,12
C14923,17.141376,0.818182,182.1,33.6,148.5,113.918826,0.25,0.083333,0.083333,0.083333,1,4,6000.0,255.074373,93.628909,0.2,12
C16809,1670.918981,1.0,1543.83,1406.33,137.5,899.326582,1.0,1.0,0.25,0.083333,2,32,7000.0,757.409319,370.39189,0.0,12
C16938,462.918623,1.0,3497.99,626.85,2871.14,0.0,1.0,0.416667,1.0,0.0,0,130,3000.0,3581.048471,174.461435,0.166667,12
C15610,810.089776,0.909091,1428.89,1428.89,0.0,0.0,0.181818,0.181818,0.0,0.0,0,11,2500.0,1576.842421,395.761881,0.0,11
C18643,1029.713408,0.909091,1141.21,110.0,1031.21,1812.095991,0.833333,0.083333,0.75,0.333333,5,36,3000.0,420.99268,443.644764,0.111111,12
C18060,2030.838228,1.0,3165.54,1591.65,1573.89,0.0,1.0,0.583333,1.0,0.0,0,151,6000.0,1872.134044,438.77119,0.0,12
C10999,2872.838687,1.0,555.0,0.0,555.0,0.0,0.666667,0.0,0.583333,0.0,0,12,3000.0,1397.027257,1680.543762,0.0,12
C18523,1973.025342,1.0,0.0,0.0,0.0,2009.582123,0.0,0.0,0.0,0.666667,6,0,2000.0,325.367575,476.302544,0.0,9
C12232,1467.162166,1.0,1313.26,0.0,1313.26,0.0,1.0,0.0,1.0,0.0,0,28,11500.0,1129.248446,429.760387,0.0,12
C18206,27.254213,0.454545,316.3,316.3,0.0,0.0,0.166667,0.166667,0.0,0.0,0,2,2500.0,312.771691,57.214333,0.1,12
C10974,95.645669,0.272727,566.43,463.8,102.63,0.0,0.166667,0.166667,0.083333,0.0,0,3,9000.0,73.895095,199.884984,0.0,12
C13557,1199.490675,1.0,2093.55,1727.08,366.47,0.0,1.0,0.916667,0.333333,0.0,0,35,4000.0,2833.409817,344.952165,0.083333,12
C13295,1838.159648,1.0,0.0,0.0,0.0,713.245337,0.0,0.0,0.0,0.166667,9,0,3500.0,2958.852784,835.751337,0.0,12
C13436,1176.753991,1.0,0.0,0.0,0.0,1817.167913,0.0,0.0,0.0,0.333333,6,0,2000.0,768.296414,318.681676,0.0,12
C13243,7776.4369,1.0,107.33,107.33,0.0,3404.231913,0.083333,0.083333,0.0,0.333333,7,1,8500.0,1891.304756,1829.724497,0.0,12
C12558,102.751154,1.0,1063.69,0.0,1063.69,0.0,1.0,0.0,1.0,0.0,0,29,7000.0,1928.089519,164.687639,0.454545,12
C11439,2837.112414,1.0,0.0,0.0,0.0,99.965503,0.0,0.0,0.0,0.083333,1,0,8000.0,660.781751,803.189729,0.0,12
C13474,62.986919,1.0,693.43,62.0,631.43,0.0,1.0,0.083333,0.916667,0.0,0,15,8500.0,593.0196,152.069656,1.0,12
C10745,2386.932058,1.0,861.79,181.81,679.98,457.699229,0.333333,0.166667,0.166667,0.083333,1,7,6000.0,6532.686986,634.388953,0.083333,12
C15415,3267.962664,1.0,1910.51,0.0,1910.51,0.0,1.0,0.0,1.0,0.0,0,65,3000.0,2553.372888,3339.39289,0.0,12
C13096,411.894578,1.0,2948.1,2706.59,241.51,0.0,0.916667,0.916667,0.5,0.0,0,22,4000.0,2520.35969,185.983855,0.333333,12
C17587,1669.488962,1.0,0.0,0.0,0.0,254.011804,0.0,0.0,0.0,0.166667,4,0,1800.0,571.589438,494.062935,0.0,12
C16000,1541.047251,1.0,100.0,0.0,100.0,0.0,0.166667,0.0,0.166667,0.0,0,2,7000.0,325.179537,329.548006,0.0,12
C12721,1327.653853,1.0,20.9,20.9,0.0,0.0,0.083333,0.083333,0.0,0.0,0,1,1500.0,287.690115,483.2481,0.0,12
C13955,1129.284728,1.0,1211.42,0.0,1211.42,0.0,1.0,0.0,1.0,0.0,0,42,4000.0,3390.831252,341.402204,0.333333,12
C15412,291.598301,0.454545,0.0,0.0,0.0,1118.361104,0.0,0.0,0.0,0.083333,2,0,3000.0,1174.005094,85.227184,0.083333,12
C16909,82.902896,0.727273,430.43,0.0,430.43,0.0,0.5,0.0,0.416667,0.0,0,10,2500.0,315.075002,87.824996,0.083333,12
C10112,4986.400804,1.0,0.0,0.0,0.0,5439.467563,0.0,0.0,0.0,0.583333,40,0,8000.0,1241.538024,1439.230899,0.0,12
C11415,281.469522,1.0,2500.03,2170.26,329.77,0.0,0.916667,0.916667,0.416667,0.0,0,25,12000.0,2463.043567,199.936768,0.909091,12
C15411,267.253822,1.0,2326.71,1333.71,993.0,457.383814,1.0,0.75,0.916667,0.083333,2,27,16000.0,2803.060431,169.41646,1.0,12
C13124,2709.099711,1.0,354.92,354.92,0.0,340.821615,0.25,0.25,0.0,0.416667,6,3,8500.0,997.929231,642.622594,0.0,12
C18955,18.885677,0.375,57.0,57.0,0.0,0.0,0.125,0.125,0.0,0.0,0,1,1500.0,0.0,,0.0,8
C18078,11.332157,0.545455,136.08,136.08,0.0,0.0,0.333333,0.333333,0.0,0.0,0,4,1200.0,257.582031,111.278576,0.666667,12
C10278,2734.66412,1.0,560.73,560.73,0.0,0.0,0.916667,0.916667,0.0,0.0,0,11,7500.0,717.798364,670.049653,0.0,12
C11977,2282.814895,1.0,1522.72,1059.38,463.34,1905.919704,1.0,0.833333,1.0,0.25,3,38,9500.0,4419.287987,613.846694,0.0,12
C10648,9.581344,1.0,118.6,70.0,48.6,0.0,1.0,0.083333,0.916667,0.0,0,25,3300.0,117.780082,56.500841,0.1,12
C19187,19.183215,1.0,300.0,0.0,300.0,0.0,1.0,0.0,0.833333,0.0,0,6,1000.0,275.861322,,0.0,6
C14241,2605.6002,1.0,0.0,0.0,0.0,4127.528187,0.0,0.0,0.0,0.25,5,0,12000.0,2077.205644,601.214943,0.083333,12
C16992,255.851136,0.909091,311.8,0.0,311.8,0.0,0.666667,0.0,0.666667,0.0,0,8,2500.0,709.240603,2703.147477,0.0,12
C14591,300.395286,1.0,394.95,277.95,117.0,0.0,0.916667,0.25,0.75,0.0,0,33,6000.0,339.702306,175.28579,0.0,12
C18193,17.734657,1.0,209.28,0.0,209.28,0.0,1.0,0.0,1.0,0.0,0,12,2700.0,142.453268,151.615333,0.416667,12
C16682,545.819208,1.0,49.55,0.0,49.55,0.0,0.25,0.0,0.25,0.0,0,3,2500.0,397.410932,247.041179,0.0,12
C13410,1256.034535,1.0,545.74,110.0,435.74,381.203187,0.583333,0.166667,0.5,0.166667,2,9,7000.0,561.983691,294.602332,0.0,12
C13359,6209.488896,1.0,0.0,0.0,0.0,3674.314806,0.0,0.0,0.0,0.166667,3,0,8500.0,1417.16906,1425.192934,0.0,12
C18998,67.377243,1.0,295.0,0.0,295.0,0.0,0.5,0.0,0.416667,0.0,0,6,1000.0,245.689379,167.126034,0.3,12
C11743,4530.639094,1.0,0.0,0.0,0.0,3162.719581,0.0,0.0,0.0,0.25,5,0,8000.0,995.539176,1032.384353,0.0,12
C10248,1874.716289,1.0,301.1,83.0,218.1,0.0,0.583333,0.166667,0.333333,0.0,0,10,1950.0,586.974046,1089.040271,0.0,12
C10137,4637.848144,1.0,1271.12,351.54,919.58,0.0,0.833333,0.25,0.833333,0.0,0,33,5000.0,1906.032044,3572.279251,0.0,12
C10791,5308.90635,1.0,0.0,0.0,0.0,4954.608429,0.0,0.0,0.0,0.5,21,0,9500.0,1334.749456,1272.080547,0.0,12
C18195,922.615452,1.0,45.65,45.65,0.0,0.0,0.083333,0.083333,0.0,0.0,0,1,1700.0,191.287802,309.777674,0.0,12
C17772,2966.412112,1.0,1473.26,0.0,1473.26,979.388828,1.0,0.0,1.0,0.166667,2,20,3500.0,1464.911757,1562.426492,0.0,12
C16110,6245.256644,1.0,539.55,0.0,539.55,2804.63059,0.833333,0.0,0.75,0.083333,2,32,6500.0,1405.944742,3269.298234,0.0,12
C18582,1678.5937,1.0,1846.81,1846.81,0.0,0.0,0.625,0.625,0.0,0.0,0,18,3500.0,350.646998,297.503609,0.0,8
C14097,54.096839,0.727273,185.99,44.99,141.0,0.0,0.333333,0.083333,0.25,0.0,0,5,4000.0,367.310313,128.442353,0.0,12
C10887,9901.685569,1.0,2190.95,832.49,1358.46,1913.350112,1.0,0.416667,0.916667,0.25,4,43,11500.0,2972.248185,2849.235124,0.0,12
C16414,400.462305,1.0,0.0,0.0,0.0,822.959124,0.0,0.0,0.0,0.666667,12,0,5000.0,1034.178777,156.202558,0.083333,12
C14265,655.712971,1.0,264.35,202.8,61.55,0.0,0.333333,0.083333,0.166667,0.0,0,6,1500.0,180.129661,295.417192,0.0,12
C17176,2.484819,0.363636,41.2,41.2,0.0,0.0,0.083333,0.083333,0.0,0.0,0,1,2000.0,91.092518,104.026643,0.0,12
C18746,796.558943,1.0,531.24,0.0,531.24,888.107988,1.0,0.0,0.833333,0.333333,4,6,1000.0,684.858625,654.573104,0.0,6
C14577,444.630038,1.0,0.0,0.0,0.0,145.557904,0.0,0.0,0.0,0.25,3,0,500.0,172.645901,231.115707,0.0,12
C11162,661.423035,0.636364,1109.53,630.01,479.52,952.743339,0.416667,0.083333,0.416667,0.083333,1,6,7500.0,3137.508664,137.306097,0.0,12
C18561,229.752417,1.0,82.28,0.0,82.28,0.0,0.333333,0.0,0.333333,0.0,0,4,1000.0,203.78769,171.875166,0.0,12
C15515,923.977036,1.0,0.0,0.0,0.0,6616.555691,0.0,0.0,0.0,0.416667,6,0,2500.0,5155.088326,320.494371,0.2,12
C12608,74.254958,1.0,952.16,463.04,489.12,0.0,1.0,0.916667,0.583333,0.0,0,24,7000.0,913.302873,174.963013,1.0,12
C14951,336.640397,1.0,589.59,165.0,424.59,0.0,0.833333,0.083333,0.75,0.0,0,17,5000.0,839.728514,184.635553,0.0,12
C13279,0.0,0.0,61.21,61.21,0.0,0.0,0.083333,0.083333,0.0,0.0,0,1,2600.0,0.0,,0.0,12
C17075,4.334047,0.2,73.17,0.0,73.17,0.0,0.3,0.0,0.3,0.0,0,3,2900.0,160.363635,94.101695,0.0,10
C17120,14.002192,0.363636,76.0,0.0,76.0,0.0,0.166667,0.0,0.166667,0.0,0,4,5000.0,186.022727,81.496891,0.0,12
C15578,94.110539,1.0,1090.19,0.0,1090.19,0.0,1.0,0.0,1.0,0.0,0,19,7000.0,1174.739824,176.285795,0.916667,12
C17836,45.905486,1.0,398.4,0.0,398.4,0.0,1.0,0.0,1.0,0.0,0,12,4000.0,403.594309,171.92066,0.916667,12
C14913,1417.157652,1.0,562.5,0.0,562.5,0.0,0.416667,0.0,0.416667,0.0,0,5,1500.0,987.794574,861.298259,0.0,12
C13679,1140.805503,1.0,1296.47,1060.24,236.23,490.16229,1.0,0.75,0.833333,0.333333,5,32,1800.0,287.539782,299.883459,0.0,12
C13650,40.069534,0.909091,833.29,833.29,0.0,0.0,1.0,1.0,0.0,0.0,0,12,7000.0,766.596225,112.992397,0.3,12
C11106,62.635576,1.0,611.31,0.0,611.31,0.0,1.0,0.0,1.0,0.0,0,37,1500.0,514.6675,139.832021,0.916667,12
C12138,3250.621234,1.0,247.31,0.0,247.31,823.112588,0.583333,0.0,0.5,0.416667,6,7,4000.0,1016.490545,1014.858941,0.0,12
C18737,1087.565213,1.0,0.0,0.0,0.0,216.51414,0.0,0.0,0.0,0.444444,4,0,1200.0,283.409367,267.813111,0.0,9
C16903,37.759404,1.0,398.64,0.0,398.64,0.0,1.0,0.0,1.0,0.0,0,12,2500.0,429.594704,186.268047,1.0,12
C17429,3215.344017,1.0,1149.92,729.86,420.06,5157.157638,1.0,0.416667,0.916667,0.75,42,20,6500.0,2171.419976,953.90622,0.090909,12
C11863,1611.475175,1.0,807.72,0.0,807.72,0.0,1.0,0.0,1.0,0.0,0,36,1500.0,1019.454819,2134.562981,0.0,12
C10532,5036.870531,1.0,1752.15,1564.16,187.99,1072.351863,1.0,0.916667,0.583333,0.25,4,53,10300.0,1489.597574,1549.64691,0.0,12
C13888,1432.350154,1.0,0.0,0.0,0.0,353.621982,0.0,0.0,0.0,0.416667,7,0,1500.0,525.178843,540.921834,0.0,12
C15400,133.957441,0.571429,128.5,0.0,128.5,357.492328,0.142857,0.0,0.142857,0.142857,2,1,1500.0,507.934017,37.947135,0.0,7
C16167,1546.414616,0.909091,0.0,0.0,0.0,4544.457479,0.0,0.0,0.0,0.416667,15,0,3500.0,3440.235297,729.873545,0.1,12
C11307,317.657562,1.0,4398.35,4398.35,0.0,0.0,0.916667,0.916667,0.0,0.0,0,47,16500.0,4028.380624,179.19571,0.916667,12
C18900,1016.826034,0.833333,0.0,0.0,0.0,1364.852957,0.0,0.0,0.0,0.333333,5,0,1500.0,139.841142,171.458084,0.0,6
C14832,976.370187,1.0,0.0,0.0,0.0,1622.255801,0.0,0.0,0.0,0.25,4,0,1600.0,3056.718074,429.217423,0.166667,12
C15300,2762.536531,1.0,0.0,0.0,0.0,478.933445,0.0,0.0,0.0,0.083333,1,0,3000.0,652.759069,6038.567518,0.0,12
C18067,1337.287314,1.0,1662.41,1662.41,0.0,0.0,0.5,0.5,0.0,0.0,0,10,1500.0,1670.844026,1995.395096,0.0,12
C10542,43.42718,1.0,569.34,0.0,569.34,0.0,1.0,0.0,1.0,0.0,0,19,16500.0,758.421856,163.044353,1.0,12
C17299,7.388588,0.545455,84.05,0.0,84.05,0.0,0.416667,0.0,0.416667,0.0,0,5,4000.0,171.883336,99.694319,0.2,12
C15708,1175.922628,1.0,14.72,14.72,0.0,79.252166,0.083333,0.083333,0.0,0.25,3,1,1200.0,347.568201,463.992512,0.0,12
C15774,1631.603874,1.0,0.0,0.0,0.0,831.780875,0.0,0.0,0.0,0.181818,2,0,1800.0,357.259124,687.048707,0.0,11
C13891,683.849179,1.0,7387.83,3894.51,3493.32,0.0,1.0,0.5,0.916667,0.0,0,50,8000.0,6873.576182,229.157755,0.75,12
C11853,16.005542,0.272727,151.33,151.33,0.0,0.0,0.166667,0.166667,0.0,0.0,0,3,5000.0,450.83685,132.752406,0.5,12
C10332,9206.811696,1.0,874.98,350.0,524.98,4653.693195,0.75,0.083333,0.666667,0.333333,9,16,12500.0,2055.100879,2199.077716,0.0,12
C14052,95.597121,1.0,101.97,101.97,0.0,97.921034,0.25,0.25,0.0,0.166667,3,3,3000.0,306.960201,174.329733,0.0,12
C13338,129.314624,1.0,94.5,0.0,94.5,0.0,0.583333,0.0,0.583333,0.0,0,7,1500.0,132.94586,849.067783,0.0,12
C12850,2632.469367,1.0,0.0,0.0,0.0,535.955512,0.0,0.0,0.0,0.25,4,0,3000.0,737.932369,736.750992,0.0,12
C11373,3013.581545,1.0,0.0,0.0,0.0,218.091392,0.0,0.0,0.0,0.5,6,0,3000.0,729.037137,1307.25605,0.0,12
C12282,689.697644,1.0,22.68,0.0,22.68,0.0,0.083333,0.0,0.083333,0.0,0,1,11500.0,906.092735,224.709183,0.0,12
C18192,14.471941,1.0,120.0,0.0,120.0,0.0,1.0,0.0,1.0,0.0,0,12,3000.0,113.011493,116.286777,0.0,12
C17482,35.862466,0.545455,361.49,361.49,0.0,0.0,0.454545,0.454545,0.0,0.0,0,9,1500.0,625.790303,155.444689,0.5,11
C14250,22.151355,0.333333,134.87,64.98,69.89,0.0,0.333333,0.166667,0.166667,0.0,0,3,3000.0,41.580849,81.595815,0.0,6
C16499,694.70767,1.0,0.0,0.0,0.0,1640.291172,0.0,0.0,0.0,0.583333,21,0,4500.0,498.736792,201.320157,0.0,12
C16060,2643.019532,1.0,554.38,191.13,363.25,0.0,1.0,0.25,0.916667,0.0,0,15,8000.0,681.881907,882.049542,0.0,12
C18201,1200.937942,0.833333,0.0,0.0,0.0,1981.157622,0.0,0.0,0.0,0.5,4,0,2000.0,152.106361,200.106261,0.0,6
C18723,161.442459,1.0,1767.61,320.02,1447.59,0.0,1.0,0.083333,1.0,0.0,0,20,2000.0,1688.46643,176.27937,0.583333,12
C13718,3789.302616,1.0,49.98,0.0,49.98,0.0,0.166667,0.0,0.166667,0.0,0,3,8500.0,1046.938327,1131.579706,0.0,12
C12417,994.367302,0.857143,0.0,0.0,0.0,4058.539188,0.0,0.0,0.0,0.571429,15,0,10000.0,168.100048,237.414459,0.0,7
C11539,937.434519,1.0,1124.88,1085.63,39.25,0.0,0.416667,0.333333,0.083333,0.0,0,9,2500.0,993.196174,252.572491,0.0,12
C11448,584.287125,0.818182,0.0,0.0,0.0,918.151142,0.0,0.0,0.0,0.083333,2,0,1000.0,1029.191073,277.371035,0.125,12
C16595,6255.078201,1.0,195.29,124.17,71.12,2881.905049,0.5,0.083333,0.333333,0.416667,10,9,7500.0,1797.863187,1926.996357,0.0,12
C10084,17.357563,0.909091,244.85,40.21,204.64,0.0,0.666667,0.166667,0.583333,0.0,0,13,5000.0,357.802082,121.523416,0.181818,12
C14494,3277.092999,1.0,3936.51,3249.14,687.37,517.562968,1.0,0.666667,0.916667,0.166667,2,57,10000.0,2183.769759,812.766517,0.0,12
C15147,368.330629,1.0,1029.29,1029.29,0.0,0.0,0.416667,0.416667,0.0,0.0,0,6,6500.0,1393.630631,170.881343,0.0,12
C17626,1439.410201,1.0,184.7,184.7,0.0,0.0,0.166667,0.166667,0.0,0.0,0,2,1500.0,299.988581,4792.61355,0.0,12
C13534,673.930629,1.0,689.93,0.0,689.93,916.447583,0.833333,0.0,0.75,0.083333,2,14,1800.0,1603.66063,204.556137,0.0,12
C15865,106.390419,1.0,1038.38,1038.38,0.0,0.0,0.666667,0.666667,0.0,0.0,0,14,6000.0,918.029106,140.547255,0.6,12
C15126,50.803778,0.25,0.0,0.0,0.0,892.941422,0.0,0.0,0.0,0.125,2,0,1500.0,1272.269385,28.024972,0.333333,8
C16443,40.607669,1.0,479.0,80.0,399.0,0.0,0.916667,0.083333,0.666667,0.0,0,14,2000.0,389.241521,141.850602,0.8,12
C13174,13.959639,0.636364,149.88,29.9,119.98,0.0,0.583333,0.083333,0.5,0.0,0,8,4000.0,235.74496,156.767607,0.75,12
C12205,1571.382204,1.0,1849.26,1616.76,232.5,0.0,1.0,1.0,0.5,0.0,0,19,7000.0,1522.895942,414.775083,0.0,12
C10792,62.209376,0.090909,782.88,782.88,0.0,0.0,0.083333,0.083333,0.0,0.0,0,2,3000.0,2941.300379,280.618072,0.0,12
C17647,106.45347,0.818182,2014.84,874.84,1140.0,0.0,0.583333,0.416667,0.166667,0.0,0,24,3000.0,2139.733072,138.434369,1.0,12
C15181,434.099616,1.0,4392.05,3817.98,574.07,0.0,1.0,1.0,1.0,0.0,0,79,6000.0,4076.914448,188.019302,1.0,12
C12362,248.200613,1.0,2329.12,1567.22,761.9,0.0,1.0,0.916667,0.583333,0.0,0,31,5500.0,812.097275,231.774034,0.166667,12
C17145,670.120718,1.0,0.0,0.0,0.0,12281.83439,0.0,0.0,0.0,0.583333,31,0,1200.0,12485.43289,591.573521,0.5,12
C12948,1539.46423,1.0,629.78,423.89,205.89,0.0,0.333333,0.083333,0.166667,0.0,0,6,2000.0,559.336578,467.519551,0.0,12
C12194,478.834962,1.0,1060.99,1040.99,20.0,0.0,0.166667,0.083333,0.083333,0.0,0,4,1300.0,1162.790308,208.55975,0.0,12
C17565,17.905235,0.363636,159.0,0.0,159.0,0.0,0.166667,0.0,0.083333,0.0,0,2,4000.0,134.532028,61.971748,0.166667,12
C18901,59.695937,1.0,370.56,0.0,370.56,0.0,1.0,0.0,1.0,0.0,0,19,1500.0,290.863599,164.173138,0.166667,12
C15728,3467.619262,1.0,468.49,278.5,189.99,2493.180667,0.833333,0.083333,0.666667,0.5,10,10,4000.0,1612.002883,898.050967,0.0,12
C17225,1118.057185,1.0,0.0,0.0,0.0,73.140635,0.0,0.0,0.0,0.083333,1,0,1200.0,335.79384,439.082668,0.0,12
C15663,67.72881,1.0,869.48,685.79,183.69,0.0,0.916667,0.833333,0.666667,0.0,0,20,3000.0,824.557797,175.239392,0.75,12
C12582,71.542751,1.0,561.38,0.0,561.38,0.0,1.0,0.0,1.0,0.0,0,32,1500.0,482.868194,168.926878,0.416667,12
C17490,1242.886266,1.0,17.6,17.6,0.0,0.0,0.083333,0.083333,0.0,0.0,0,1,4000.0,589.674674,472.763536,0.0,12
C13007,2304.087171,1.0,0.0,0.0,0.0,3511.369006,0.0,0.0,0.0,0.166667,3,0,3000.0,3004.655015,586.763635,0.083333,12
C16005,7969.504857,1.0,0.0,0.0,0.0,4714.040663,0.0,0.0,0.0,0.5,16,0,11500.0,2184.446847,2086.545633,0.0,12
C10326,185.396312,1.0,0.0,0.0,0.0,842.456926,0.0,0.0,0.0,0.363636,7,0,1000.0,117.542764,137.6915,0.0,11
C17235,99.700878,0.555556,912.98,912.98,0.0,284.659738,0.333333,0.333333,0.0,0.111111,1,3,1200.0,1652.011127,80.430704,0.5,9
C18151,1333.252963,1.0,0.0,0.0,0.0,408.108731,0.0,0.0,0.0,0.272727,10,0,4000.0,627.520326,325.729395,0.0,11
C15952,269.816561,0.636364,1965.95,1965.95,0.0,0.0,0.083333,0.083333,0.0,0.0,0,2,5500.0,0.0,,0.0,12
C12530,117.777688,0.727273,853.3,853.3,0.0,0.0,0.25,0.25,0.0,0.0,0,3,2000.0,851.921672,73.600798,0.0,12
C13325,165.544411,0.818182,468.6,335.4,133.2,18.126683,1.0,0.25,1.0,0.083333,1,15,1700.0,1389.092134,198.260864,0.0,12
C17877,1354.623473,1.0,495.43,495.43,0.0,453.244036,0.75,0.75,0.0,0.5,8,13,2000.0,280.31102,442.992384,0.0,12
C13923,28.054194,0.636364,824.27,0.0,824.27,0.0,1.0,0.0,1.0,0.0,0,26,2500.0,673.029715,68.550818,0.333333,12
C16449,1033.346718,0.875,0.0,0.0,0.0,142.123093,0.0,0.0,0.0,0.375,4,0,1500.0,1682.814334,249.673023,0.0,8
C18458,2144.040539,1.0,0.0,0.0,0.0,14127.46664,0.0,0.0,0.0,0.416667,23,0,3500.0,12571.81466,525.168936,0.3,12
C12978,4007.610043,1.0,83.0,83.0,0.0,9003.084705,0.083333,0.083333,0.0,0.25,12,1,10000.0,1308.070478,1221.251121,0.0,12
C13797,41.080375,0.818182,280.0,0.0,280.0,0.0,0.666667,0.0,0.666667,0.0,0,8,9000.0,479.765654,140.712772,0.5,12
C16106,121.117428,0.909091,968.64,0.0,968.64,0.0,1.0,0.0,1.0,0.0,0,24,3000.0,764.973252,189.162675,0.181818,12
C11704,2004.914139,1.0,3628.29,1937.35,1690.94,0.0,1.0,0.916667,1.0,0.0,0,73,11500.0,1718.220924,551.63308,0.0,12
C12319,5815.890916,1.0,1245.33,1245.33,0.0,2697.454999,0.5,0.5,0.0,0.583333,10,18,7000.0,1287.745322,1531.220292,0.0,12
C17338,1232.345324,1.0,0.0,0.0,0.0,369.262743,0.0,0.0,0.0,0.083333,2,0,1700.0,299.568227,252.694662,0.0,12
C17265,4204.42117,1.0,74.99,0.0,74.99,2826.208633,0.25,0.0,0.166667,0.25,6,4,4500.0,872.642121,1396.59728,0.0,12
C13442,7595.24699,1.0,1422.12,1196.98,225.14,4798.127161,0.75,0.333333,0.5,0.666667,14,23,10000.0,2283.468603,2631.254565,0.0,12
C14500,1236.018537,0.909091,0.0,0.0,0.0,2132.985725,0.0,0.0,0.0,0.25,3,0,3000.0,540.703321,359.715011,0.0,12
C10111,408.656365,1.0,941.64,0.0,941.64,0.0,1.0,0.0,1.0,0.0,0,12,2500.0,1097.78942,176.610605,0.083333,12
C19159,11.294184,0.666667,155.0,0.0,155.0,0.0,0.666667,0.0,0.5,0.0,0,4,1000.0,149.588599,43.341698,0.5,6
C18107,0.19009,0.090909,267.0,0.0,267.0,0.0,1.0,0.0,1.0,0.0,0,12,4000.0,198.562574,,0.0,12
C10534,2549.128288,1.0,13771.63,4503.31,9268.32,0.0,1.0,0.5,1.0,0.0,0,83,14500.0,16826.42443,451.636081,0.25,12
C18037,463.59969,1.0,811.11,811.11,0.0,234.763929,0.5,0.5,0.0,0.166667,2,11,500.0,990.743027,257.174899,0.0,12
C12373,3304.423662,1.0,0.0,0.0,0.0,1270.287892,0.0,0.0,0.0,0.416667,9,0,7000.0,1026.076088,1478.485801,0.0,12
C11165,677.188172,0.909091,3777.59,3777.59,0.0,329.214459,0.818182,0.818182,0.0,0.181818,3,28,4000.0,5499.745992,261.247523,0.090909,11
C18989,8.34698,0.181818,390.0,0.0,390.0,0.0,1.0,0.0,0.916667,0.0,0,12,1500.0,410.528786,30.784961,0.0,12
C10297,2420.761135,1.0,0.0,0.0,0.0,567.233798,0.0,0.0,0.0,0.083333,2,0,3000.0,871.713321,609.206784,0.0,12
C18837,32.182264,1.0,208.61,0.0,208.61,0.0,1.0,0.0,1.0,0.0,0,15,1000.0,146.936578,134.915444,0.181818,12
C19149,21.357267,1.0,212.87,0.0,212.87,0.0,1.0,0.0,0.857143,0.0,0,7,1000.0,169.713838,103.387362,1.0,7
C14020,475.675998,1.0,5421.73,5421.73,0.0,0.0,1.0,1.0,0.0,0.0,0,34,10500.0,5510.903074,183.857011,1.0,12
C12668,339.406259,1.0,14.28,0.0,14.28,0.0,0.416667,0.0,0.416667,0.0,0,5,10500.0,1263.292815,1486.059666,0.083333,12
C15153,339.183041,1.0,139.5,139.5,0.0,0.0,0.25,0.25,0.0,0.0,0,3,1200.0,877.494612,167.323383,0.090909,12
C15371,50.366106,0.363636,507.57,507.57,0.0,0.0,0.083333,0.083333,0.0,0.0,0,2,6000.0,503.254349,34.488495,0.0,12
C16990,1708.506241,1.0,0.0,0.0,0.0,236.443443,0.0,0.0,0.0,0.083333,1,0,2000.0,702.214941,417.488671,0.0,12
C13946,40.479403,1.0,452.61,0.0,452.61,0.0,1.0,0.0,0.916667,0.0,0,18,5000.0,426.404957,178.830469,0.818182,12
C15534,1368.906278,1.0,0.0,0.0,0.0,5809.802917,0.0,0.0,0.0,0.166667,8,0,6000.0,322.580506,419.059837,0.0,12
C13377,2101.04762,1.0,184.0,184.0,0.0,1881.773648,0.166667,0.166667,0.0,0.666667,24,3,2500.0,2231.251407,726.381528,0.0,12
C10578,1758.979585,0.818182,1199.0,1199.0,0.0,8552.910316,0.090909,0.090909,0.0,0.636364,17,1,6750.0,11634.38713,422.041626,0.111111,11
C14109,488.340514,1.0,4908.93,2290.36,2618.57,0.0,1.0,0.916667,1.0,0.0,0,108,7500.0,4589.621491,195.304936,0.75,12
C11239,8884.816576,1.0,1233.58,1233.58,0.0,13674.24402,0.416667,0.416667,0.0,0.75,26,7,13000.0,5574.916601,4576.531483,0.0,12
C13056,1083.787792,1.0,110.0,110.0,0.0,342.027342,0.083333,0.083333,0.0,0.333333,7,1,1200.0,504.434613,438.752592,0.0,12
C11227,189.969435,1.0,2071.55,2001.55,70.0,47.875577,1.0,0.916667,0.166667,0.083333,1,19,9000.0,1679.943402,191.234533,1.0,12
C17009,190.056883,1.0,501.88,25.0,476.88,0.0,1.0,0.083333,1.0,0.0,0,13,2000.0,493.981832,189.50275,0.0,12
C11787,304.945628,1.0,2788.81,2788.81,0.0,266.383091,0.727273,0.727273,0.0,0.090909,6,22,4000.0,2803.353036,130.626533,0.714286,11
C13644,3012.642667,1.0,6999.56,6999.56,0.0,0.0,1.0,1.0,0.0,0.0,0,81,3500.0,5446.940305,573.86773,0.166667,12
C11703,246.864346,1.0,2995.55,2301.11,694.44,0.0,1.0,0.75,1.0,0.0,0,35,6000.0,2734.138816,181.027921,0.916667,12
C11340,31.473181,0.272727,220.5,220.5,0.0,0.0,0.083333,0.083333,0.0,0.0,0,2,3750.0,1199.475254,89.231655,0.0,12
C14079,1798.042812,1.0,0.0,0.0,0.0,478.838983,0.0,0.0,0.0,0.083333,1,0,6300.0,1192.610471,564.715406,0.0,12
C16129,1275.142146,1.0,454.72,454.72,0.0,959.005156,1.0,1.0,0.0,0.083333,2,12,1500.0,826.036748,350.661181,0.0,12
C14870,1845.210833,1.0,0.0,0.0,0.0,1960.264859,0.0,0.0,0.0,0.25,3,0,4500.0,331.387568,600.297574,0.0,12
C12557,818.310935,0.545455,1071.8,1020.0,51.8,752.292181,0.333333,0.25,0.166667,0.166667,3,6,2500.0,4763.080391,751.737661,0.2,12
C16398,38.316222,0.272727,436.75,0.0,436.75,0.0,0.25,0.0,0.25,0.0,0,3,3000.0,1634.962881,139.00528,1.0,12
C11680,2876.009336,1.0,152.61,152.61,0.0,3719.650168,0.333333,0.333333,0.0,1.166667,24,2,4000.0,248.342971,584.926336,0.0,6
C11746,51.923357,0.3,835.31,250.0,585.31,0.0,0.5,0.1,0.4,0.0,0,13,7000.0,832.140348,70.583398,0.25,10
C11560,75.012641,0.545455,480.02,480.02,0.0,0.0,0.083333,0.083333,0.0,0.0,0,1,1950.0,485.738057,86.502541,0.0,12
C16759,37.980086,1.0,450.0,0.0,450.0,0.0,1.0,0.0,1.0,0.0,0,12,2700.0,425.280332,166.65223,0.666667,12
C10910,847.013195,0.833333,0.0,0.0,0.0,1159.447747,0.0,0.0,0.0,0.333333,5,0,1200.0,101.664939,196.261567,0.0,6
C12515,8771.507851,1.0,1082.98,497.08,585.9,4504.545269,1.0,0.5,0.833333,0.666667,26,26,18500.0,1964.195588,1978.414023,0.0,12
C18779,1594.994317,0.875,667.0,569.0,98.0,1880.647102,0.875,0.125,0.75,0.5,5,8,2500.0,248.746263,455.027879,0.0,8
C18810,9.630478,1.0,257.49,0.0,257.49,0.0,1.0,0.0,1.0,0.0,0,14,1500.0,251.907165,114.027084,0.7,12
C18828,5.529633,0.181818,45.0,0.0,45.0,0.0,0.166667,0.0,0.166667,0.0,0,2,1000.0,515.842674,112.442224,0.5,12
C18605,41.479055,1.0,243.96,0.0,243.96,0.0,1.0,0.0,1.0,0.0,0,24,3000.0,1146.784474,132.697082,0.4,12
C15329,1964.369476,0.727273,0.0,0.0,0.0,2706.493856,0.0,0.0,0.0,0.083333,1,0,3000.0,636.224436,675.460542,0.0,12
C16791,540.157857,1.0,181.5,0.0,181.5,0.0,0.833333,0.0,0.833333,0.0,0,11,500.0,246.839723,669.292383,0.0,12
C11419,2792.534256,1.0,9661.37,9661.37,0.0,0.0,0.416667,0.416667,0.0,0.0,0,12,8500.0,6000.763458,682.274622,0.0,12
C19121,331.070135,0.75,81.2,81.2,0.0,419.341394,0.125,0.125,0.0,0.25,7,1,500.0,116.761487,205.065526,0.0,8
C14710,7789.190958,1.0,1307.39,84.45,1222.94,1836.893684,1.0,0.166667,1.0,0.25,3,66,8500.0,2072.817061,2983.977594,0.0,12
C19050,28.277795,1.0,394.8,44.8,350.0,0.0,1.0,0.1,0.9,0.0,0,11,1000.0,351.266319,144.369426,1.0,10
C10757,660.397749,1.0,776.89,698.99,77.9,0.0,0.166667,0.083333,0.083333,0.0,0,2,1500.0,487.294072,215.007957,0.0,12
C10940,939.152528,1.0,3393.25,3364.59,77.66,0.0,0.25,0.25,0.083333,0.0,0,5,9000.0,2768.821579,267.093439,0.0,12
C17424,231.593057,1.0,2123.43,0.0,2123.43,424.95317,0.583333,0.0,0.583333,0.083333,1,7,7500.0,2812.54066,2399.605979,0.166667,12
C16537,46.000465,0.818182,531.5,0.0,531.5,0.0,0.75,0.0,0.5,0.0,0,15,4000.0,544.460735,159.519007,1.0,12
C17064,1592.221829,1.0,616.95,452.88,164.07,109.299409,0.833333,0.333333,0.666667,0.166667,4,15,2000.0,522.169095,388.683266,0.0,12
C16793,779.431874,1.0,721.78,223.53,498.25,152.51189,1.0,0.166667,0.916667,0.083333,2,48,1500.0,796.646284,211.487323,0.0,12
C10591,3457.086184,1.0,2448.6,0.0,2448.6,0.0,1.0,0.0,1.0,0.0,0,12,1700.0,227.514473,38512.12477,0.0,12
C18866,70.162707,0.636364,599.0,0.0,599.0,0.0,0.5,0.0,0.416667,0.0,0,6,1000.0,1007.348156,139.86007,1.0,12
C12674,4413.803457,1.0,0.0,0.0,0.0,2007.044461,0.0,0.0,0.0,0.666667,11,0,5000.0,1305.912583,1423.184018,0.0,12
C16670,4021.881912,1.0,300.1,0.0,300.1,955.742173,0.333333,0.0,0.25,0.083333,1,9,6000.0,1120.837531,1243.924125,0.0,12
C12153,1681.16287,0.454545,1138.85,0.0,1138.85,4044.377495,0.416667,0.0,0.333333,0.25,6,5,4500.0,3763.240294,1818.174017,0.0,12
C11670,502.653982,1.0,4748.5,1845.75,2902.75,0.0,1.0,1.0,1.0,0.0,0,82,12000.0,4517.823754,205.244926,0.583333,12
C18281,118.918332,0.833333,1151.64,365.0,786.64,0.0,0.833333,0.166667,0.5,0.0,0,8,2000.0,891.287913,70.63746,1.0,6
C15502,21.409828,1.0,149.71,0.0,149.71,0.0,0.916667,0.0,0.916667,0.0,0,11,1500.0,141.974905,150.500248,0.166667,12
C12796,5901.592192,1.0,1704.95,1141.55,563.4,0.0,0.583333,0.25,0.333333,0.0,0,9,8000.0,1886.692272,1474.409318,0.0,12
C14823,268.797746,1.0,70.0,0.0,70.0,0.0,0.5,0.0,0.416667,0.0,0,6,1000.0,105.954038,229.157988,0.0,12
C12687,210.870503,1.0,664.05,664.05,0.0,0.0,0.2,0.2,0.0,0.0,0,5,7500.0,728.19268,140.348508,0.0,10
C13089,2380.291402,1.0,1433.2,487.74,945.46,254.450638,0.666667,0.416667,0.583333,0.166667,3,33,7000.0,1877.023036,616.430163,0.0,12
C18645,510.339352,1.0,509.55,509.55,0.0,696.126211,0.25,0.25,0.0,0.166667,4,6,2500.0,1346.043822,194.915188,0.1,12
C15919,1139.691004,1.0,117.0,117.0,0.0,0.0,0.083333,0.083333,0.0,0.0,0,1,1200.0,492.089429,437.099794,0.0,12
C10230,3061.213971,1.0,1829.2,1792.7,36.5,0.0,1.0,1.0,0.083333,0.0,0,17,7000.0,971.234118,985.954762,0.0,12
C16550,2054.983361,1.0,1058.58,0.0,1058.58,0.0,1.0,0.0,1.0,0.0,0,16,6000.0,461.980524,439.448245,0.0,12
C15647,2594.878719,1.0,160.0,160.0,0.0,3095.18013,0.083333,0.083333,0.0,0.25,7,3,9500.0,851.52967,596.332001,0.0,12
C14903,1540.879308,0.909091,0.0,0.0,0.0,154.550357,0.0,0.0,0.0,0.090909,1,0,4000.0,720.558343,334.635642,0.0,11
C12907,1589.083369,1.0,0.0,0.0,0.0,1527.089071,0.0,0.0,0.0,0.428571,4,0,2000.0,287.350882,411.733393,0.0,7
C11621,223.818492,1.0,1702.42,725.0,977.42,0.0,0.916667,0.083333,0.833333,0.0,0,12,7300.0,1913.220366,208.079912,0.25,12
C17532,784.627873,1.0,641.0,641.0,0.0,913.146344,0.916667,0.916667,0.0,0.083333,1,12,1800.0,1657.991354,288.038151,0.0,12
C14727,1150.724569,1.0,797.27,482.31,314.96,180.115216,0.75,0.333333,0.583333,0.083333,1,12,6000.0,1177.010626,261.521082,0.0,12
C14402,4709.342642,1.0,1614.27,1193.06,421.21,588.059618,0.916667,0.916667,0.75,0.083333,1,56,7500.0,1276.0373,1207.45351,0.0,12
C14422,1281.936062,1.0,43.0,43.0,0.0,0.0,0.083333,0.083333,0.0,0.0,0,1,1500.0,298.266234,287.394907,0.0,12
C14781,158.878732,1.0,738.65,0.0,738.65,109.368455,0.833333,0.0,0.833333,0.083333,1,16,7500.0,899.2372,170.492035,0.166667,12
C10610,0.327199,0.454545,24.64,24.64,0.0,0.0,0.083333,0.083333,0.0,0.0,0,1,1800.0,45.640106,26.849523,0.0,12
C10606,7088.358802,1.0,0.0,0.0,0.0,3118.050456,0.0,0.0,0.0,0.083333,2,0,7500.0,4539.526102,2183.319473,0.0,12
C10124,2662.629852,1.0,0.0,0.0,0.0,509.023801,0.0,0.0,0.0,0.333333,4,0,3000.0,932.418855,709.207016,0.0,12
C14264,3447.674222,1.0,205.0,205.0,0.0,4548.057776,0.090909,0.090909,0.0,0.545455,7,1,10500.0,665.239171,817.844662,0.0,11
C17050,14.04272,0.727273,47.79,47.79,0.0,0.0,0.25,0.083333,0.0,0.0,0,1,1200.0,62.177249,187.682034,0.0,12
C12322,462.916347,1.0,270.97,107.15,163.82,0.0,0.333333,0.333333,0.25,0.0,0,7,10000.0,1293.523382,181.597864,0.083333,12
C12605,4424.767314,0.833333,0.0,0.0,0.0,7013.528326,0.0,0.0,0.0,0.666667,13,0,7000.0,864.1411,983.378772,0.0,6
C14055,8260.825897,1.0,3709.71,2420.76,1288.95,2379.462062,1.0,0.666667,1.0,0.833333,47,79,8500.0,6847.476495,7793.867173,0.0,12
C16930,1728.948802,1.0,148.0,148.0,0.0,3521.786884,0.083333,0.083333,0.0,0.416667,8,1,6100.0,2441.612338,453.517757,0.0,12
C11696,86.905609,1.0,1106.4,0.0,1106.4,440.972634,1.0,0.0,1.0,0.083333,1,12,2500.0,1538.001397,186.726083,1.0,12
C11073,328.242971,1.0,1555.66,1023.9,531.76,0.0,1.0,0.25,1.0,0.0,0,26,3500.0,1052.275904,206.423078,0.0,12
C17753,3025.373271,1.0,202.72,0.0,202.72,988.076605,0.583333,0.0,0.583333,0.083333,1,9,4500.0,3989.645744,884.183626,0.0,12
C17801,28.497217,1.0,258.91,0.0,258.91,0.0,1.0,0.0,1.0,0.0,0,21,5000.0,247.067092,162.594517,0.75,12
C16501,1428.265873,1.0,1490.63,1411.88,78.75,5411.208676,0.416667,0.333333,0.166667,0.333333,10,19,5250.0,4644.297034,456.049907,0.166667,12
C16557,7803.071972,1.0,1000.55,0.0,1000.55,1490.239239,1.0,0.0,1.0,0.333333,6,35,8000.0,3478.320794,2722.218432,0.0,12
C15856,97.064177,0.545455,863.97,114.0,749.97,0.0,0.416667,0.083333,0.416667,0.0,0,9,7000.0,1384.018459,103.701385,0.363636,12
C14962,344.532447,1.0,3603.0,1990.05,1612.95,0.0,1.0,1.0,1.0,0.0,0,44,6000.0,2912.826118,186.295633,1.0,12
C12216,1441.679257,1.0,0.0,0.0,0.0,914.794214,0.0,0.0,0.0,0.083333,1,0,6500.0,568.212802,308.89183,0.0,12
C10617,1642.024936,1.0,2094.38,2094.38,0.0,0.0,0.416667,0.416667,0.0,0.0,0,17,4500.0,576.699993,556.378998,0.0,12
C11602,2945.285382,1.0,185.98,55.0,130.98,0.0,0.416667,0.083333,0.333333,0.0,0,9,3000.0,1009.97564,1102.79511,0.0,12
C15039,99.643727,1.0,677.68,655.68,22.0,0.0,1.0,1.0,0.083333,0.0,0,14,3000.0,809.678399,148.487769,0.272727,12
C11520,27.694103,0.444444,474.96,0.0,474.96,0.0,0.333333,0.0,0.222222,0.0,0,7,7500.0,611.396021,81.113509,1.0,9
C13878,7899.171076,1.0,0.0,0.0,0.0,11657.31244,0.0,0.0,0.0,0.5,12,0,13000.0,1646.946937,2154.909881,0.0,12
C14910,1669.128355,1.0,0.0,0.0,0.0,335.056814,0.0,0.0,0.0,0.166667,2,0,1800.0,528.612762,607.334479,0.0,12
C15156,390.008261,1.0,0.0,0.0,0.0,463.287959,0.0,0.0,0.0,0.083333,1,0,2500.0,250.588485,205.177541,0.0,12
C12559,11416.64736,1.0,1347.7,0.0,1347.7,0.0,0.583333,0.0,0.583333,0.0,0,9,15500.0,2704.076105,2580.556298,0.0,12
C16601,538.768762,0.909091,226.95,129.58,97.37,452.00913,0.545455,0.090909,0.454545,0.272727,8,9,1200.0,946.649324,211.220001,0.0,11
C13213,9753.114706,1.0,10199.63,4585.44,5614.19,113.120409,1.0,0.916667,1.0,0.166667,2,131,15000.0,8292.65306,2296.958624,0.0,12
C19157,22.084372,0.833333,173.6,0.0,173.6,0.0,0.5,0.0,0.333333,0.0,0,3,1500.0,209.452538,63.510706,0.333333,6
C16640,14.983682,0.272727,280.0,280.0,0.0,0.0,0.083333,0.083333,0.0,0.0,0,1,300.0,304.243382,41.89984,0.0,12
C14218,10116.70899,1.0,10166.69,3300.0,6866.69,0.0,0.833333,0.333333,0.666667,0.0,0,45,14000.0,2190.466875,4253.469898,0.0,12
C17803,1007.440908,1.0,430.54,0.0,430.54,687.666124,1.0,0.0,1.0,0.166667,2,21,4000.0,1526.508633,286.221253,0.0,12
C16158,1236.088709,1.0,0.0,0.0,0.0,2546.081531,0.0,0.0,0.0,0.5,24,0,2500.0,1612.24135,438.47095,0.0,12
C17617,43.087983,0.571429,133.0,133.0,0.0,0.0,0.142857,0.142857,0.0,0.0,0,1,3000.0,189.248952,96.858626,0.0,7
C12648,3037.476732,0.727273,1225.79,0.0,1225.79,6560.352738,1.0,0.0,1.0,0.25,10,58,5100.0,7799.250959,1347.127384,0.0,12
C15549,44.586199,0.272727,413.7,0.0,413.7,0.0,0.166667,0.0,0.166667,0.0,0,4,2500.0,2271.738188,131.138844,0.0,12
C12510,1961.322415,1.0,476.16,0.0,476.16,0.0,1.0,0.0,1.0,0.0,0,48,2000.0,791.091826,768.758551,0.0,12
C11611,498.355964,1.0,2434.7,931.7,1503.0,0.0,1.0,0.416667,1.0,0.0,0,27,4500.0,4242.383449,245.295678,0.25,12
C14050,5643.992345,1.0,6141.58,5070.48,1071.1,1003.760024,1.0,0.916667,1.0,0.333333,6,92,13000.0,11514.83756,1494.575739,0.0,12
C15138,858.857651,1.0,1013.61,631.13,382.48,0.0,0.5,0.25,0.416667,0.0,0,13,2500.0,739.761292,257.745004,0.0,12
C10315,9261.310686,1.0,0.0,0.0,0.0,8603.045938,0.0,0.0,0.0,0.416667,10,0,11000.0,1933.413908,2576.552758,0.0,12
C13204,972.283554,0.363636,0.0,0.0,0.0,3210.308898,0.0,0.0,0.0,0.083333,5,0,6000.0,413.800076,1023.857832,0.0,12
C11418,1064.037564,0.9,55.52,0.0,55.52,0.0,0.4,0.0,0.3,0.0,0,4,4000.0,2427.690302,717.747014,0.0,10
C18638,18.908241,0.272727,126.0,126.0,0.0,0.0,0.090909,0.090909,0.0,0.0,0,1,1000.0,643.427524,81.346722,0.0,11
C16148,2589.824766,1.0,0.0,0.0,0.0,4354.657224,0.0,0.0,0.0,0.333333,19,0,3000.0,3410.296105,992.707868,0.083333,12
C17872,1587.706693,1.0,450.0,0.0,450.0,270.92481,0.5,0.0,0.5,0.25,4,6,1800.0,600.299728,1032.599236,0.0,12
C13249,4418.554352,1.0,960.0,0.0,960.0,958.069623,1.0,0.0,1.0,0.25,8,12,4500.0,1656.726415,2422.033266,0.0,12
C10329,40.089221,1.0,225.0,0.0,225.0,0.0,1.0,0.0,1.0,0.0,0,12,1500.0,325.578502,286.122587,0.166667,12
C18179,5658.938986,1.0,111.54,111.54,0.0,3344.962624,0.083333,0.083333,0.0,0.333333,7,1,6500.0,1386.242232,1781.099062,0.0,12
C10015,2772.772734,1.0,0.0,0.0,0.0,346.81139,0.0,0.0,0.0,0.083333,1,0,3000.0,805.647974,989.962866,0.0,12
C15539,1022.71734,1.0,120.09,120.09,0.0,0.0,0.083333,0.083333,0.0,0.0,0,1,2500.0,368.7253,410.924268,0.0,12
C10080,1727.638449,1.0,606.11,606.11,0.0,0.0,1.0,1.0,0.0,0.0,0,17,11000.0,2959.920544,623.656993,0.0,12
C18922,1189.934589,0.818182,0.0,0.0,0.0,2271.460329,0.0,0.0,0.0,0.272727,6,0,3000.0,2423.466368,287.460527,0.111111,11
C14520,1403.574083,1.0,1831.57,697.94,1133.63,1909.684135,1.0,0.583333,1.0,0.083333,1,61,8000.0,427.189102,325.34638,0.0,12
C12991,811.564879,1.0,558.08,492.04,66.04,0.0,0.583333,0.416667,0.166667,0.0,0,12,8500.0,694.594504,201.679842,0.0,12
C15867,117.324773,1.0,1101.0,0.0,1101.0,0.0,1.0,0.0,1.0,0.0,0,21,7500.0,1002.953582,178.537408,0.5,12
C16970,1251.26572,1.0,494.04,0.0,494.04,0.0,0.727273,0.0,0.727273,0.0,0,12,1000.0,179.372971,8411.177378,0.0,11
C11533,1057.585071,1.0,1008.3,1008.3,0.0,0.0,0.916667,0.916667,0.0,0.0,0,15,1200.0,1083.253347,416.746641,0.0,12
C17118,2545.706139,1.0,2443.2,0.0,2443.2,0.0,0.833333,0.0,0.833333,0.0,0,38,6000.0,6540.889639,2250.946034,0.0,12
C17045,592.466798,1.0,5629.41,0.0,6229.41,0.0,0.916667,0.0,1.0,0.0,0,82,6000.0,5723.333315,187.963174,0.833333,12
C16041,26.96054,0.636364,157.45,0.0,157.45,0.0,0.416667,0.0,0.416667,0.0,0,5,1000.0,238.253379,116.450584,0.0,12
C13384,1455.180323,1.0,81.1,81.1,0.0,249.897384,0.083333,0.083333,0.0,0.25,5,1,1800.0,377.255832,587.838614,0.0,12
C10093,4037.305658,1.0,45.0,45.0,0.0,104.238064,0.083333,0.083333,0.0,0.083333,1,1,4500.0,1073.844885,968.941265,0.0,12
C11297,75.039332,0.272727,588.05,588.05,0.0,0.0,0.166667,0.166667,0.0,0.0,0,5,9000.0,707.386471,18.113017,0.0,12
C15012,5911.506531,0.9,0.0,0.0,0.0,7098.892954,0.0,0.0,0.0,0.3,13,0,8000.0,1156.310659,1880.717414,0.0,10
C18449,51.08934,0.818182,140.75,0.0,140.75,0.0,0.416667,0.0,0.416667,0.0,0,5,1000.0,347.240071,238.811356,0.111111,12
C14596,1817.618232,1.0,623.19,0.0,623.19,408.434019,1.0,0.0,0.916667,0.083333,1,26,2800.0,719.914581,867.218309,0.0,12
C12589,3891.346976,1.0,3629.8,50.0,3579.8,2538.561644,1.0,0.083333,1.0,0.166667,5,254,7500.0,8259.411897,4725.470314,0.083333,12
C12392,900.482738,1.0,0.0,0.0,0.0,77.012362,0.0,0.0,0.0,0.083333,1,0,1000.0,197.631228,214.62422,0.0,12
C15073,2342.724406,0.909091,0.0,0.0,0.0,4697.170219,0.0,0.0,0.0,0.333333,7,0,8000.0,6049.990217,517.090852,0.090909,12
C18653,22.493402,0.272727,291.28,146.29,144.99,0.0,0.25,0.166667,0.166667,0.0,0,7,1000.0,563.715318,168.008886,0.0,12
C11113,206.305547,1.0,1594.0,1084.0,510.0,0.0,0.333333,0.25,0.166667,0.0,0,10,4500.0,1605.613993,119.213806,0.090909,12
C12657,45.295495,1.0,451.01,0.0,451.01,0.0,1.0,0.0,1.0,0.0,0,78,7500.0,481.372024,172.53607,0.666667,12
C12884,11.4334,0.090909,250.0,250.0,0.0,0.0,0.083333,0.083333,0.0,0.0,0,1,1800.0,1445.844749,84.417079,0.0,12
C13451,1355.179528,1.0,0.0,0.0,0.0,119.945758,0.0,0.0,0.0,0.083333,2,0,1500.0,338.541279,348.388563,0.0,12
C17940,448.808529,0.909091,0.0,0.0,0.0,667.057963,0.0,0.0,0.0,0.083333,1,0,4000.0,651.33864,192.140691,0.0,12
C14114,4802.507595,1.0,0.0,0.0,0.0,286.576749,0.0,0.0,0.0,0.083333,1,0,5000.0,986.609534,1852.577516,0.0,12
C12372,447.808002,1.0,1593.29,214.2,1379.09,0.0,1.0,0.25,0.916667,0.0,0,36,7000.0,1660.750541,188.340279,0.0,12
C11777,5239.120768,1.0,1823.23,1823.23,0.0,0.0,0.75,0.75,0.0,0.0,0,14,5750.0,2107.740768,2658.139243,0.0,12
C18254,676.771001,1.0,356.8,356.8,0.0,1213.388649,0.5,0.5,0.0,0.416667,13,15,1200.0,2042.747509,600.434653,0.166667,12
C11087,65.645186,0.545455,735.69,85.5,650.19,0.0,0.5,0.083333,0.416667,0.0,0,16,3000.0,1302.778971,140.751691,1.0,12
C12212,1777.440238,1.0,78.47,0.0,78.47,332.13781,0.5,0.0,0.416667,0.083333,2,7,8500.0,3799.466293,499.536689,0.0,12
C15839,121.671833,0.818182,540.0,540.0,0.0,0.0,0.583333,0.583333,0.0,0.0,0,9,1800.0,238.201855,231.170968,0.285714,12
C13354,409.38122,0.545455,3197.42,3197.42,0.0,1668.819905,0.333333,0.333333,0.0,0.166667,2,6,6000.0,5000.150942,204.042253,1.0,12
C14976,46.773238,0.545455,2166.56,0.0,2166.56,0.0,0.666667,0.0,0.583333,0.0,0,16,3000.0,1969.308069,100.53897,0.4,12
C19189,13.457564,0.833333,0.0,0.0,0.0,36.558778,0.0,0.0,0.0,0.166667,2,0,500.0,52.549959,55.755628,0.25,6
C13793,2784.364948,1.0,1178.31,1178.31,0.0,0.0,0.583333,0.583333,0.0,0.0,0,8,8500.0,4188.764712,776.323383,0.0,12
C12643,14.58126,0.272727,87.3,0.0,87.3,0.0,0.083333,0.0,0.083333,0.0,0,1,8000.0,669.767901,162.269258,0.75,12
C10098,1307.717841,1.0,405.6,405.6,0.0,0.0,0.166667,0.166667,0.0,0.0,0,2,2400.0,0.0,,0.0,12
C11270,341.467517,1.0,3446.96,2831.62,615.34,0.0,1.0,1.0,0.333333,0.0,0,46,10500.0,3273.239834,187.681228,1.0,12
C16009,1613.502125,1.0,65.6,0.0,112.6,0.0,0.4,0.0,0.3,0.0,0,5,5000.0,390.916581,426.142311,0.0,10
C16746,1519.317855,1.0,0.0,0.0,0.0,548.289216,0.0,0.0,0.0,0.166667,2,0,2000.0,456.098668,392.102723,0.0,12
C12889,2728.076143,1.0,155.32,0.0,155.32,713.751955,0.333333,0.0,0.25,0.166667,2,4,4500.0,630.56085,945.633907,0.0,12
C16080,912.912728,0.857143,0.0,0.0,0.0,1563.920556,0.0,0.0,0.0,0.285714,9,0,1500.0,212.084925,331.487123,0.0,7
C14059,592.416944,1.0,6228.01,3454.7,2773.31,0.0,1.0,1.0,1.0,0.0,0,117,4500.0,6052.32316,169.979797,1.0,12
C13494,2158.754686,1.0,0.0,0.0,0.0,3027.725404,0.0,0.0,0.0,0.5,7,0,9000.0,1392.104949,494.197293,0.0,12
C12830,766.261051,1.0,1462.73,1100.23,362.5,0.0,0.666667,0.5,0.416667,0.0,0,26,6000.0,202.561336,195.306688,0.0,12
C17952,153.027262,1.0,1455.78,631.63,824.15,0.0,1.0,0.916667,0.916667,0.0,0,32,1500.0,1057.971559,167.104469,0.916667,12
C18364,43.405954,0.818182,520.65,112.0,408.65,0.0,0.818182,0.090909,0.636364,0.0,0,10,2000.0,515.760919,132.358795,0.333333,11
C11028,1268.352178,1.0,1533.28,0.0,1533.28,2294.002357,1.0,0.0,0.916667,0.333333,8,20,1200.0,3363.275481,2639.29297,0.0,12
C11854,6937.806466,1.0,339.75,0.0,339.75,0.0,0.25,0.0,0.25,0.0,0,3,10500.0,2163.154746,3228.084937,0.0,12
C16935,3559.634883,1.0,7654.81,6984.29,670.52,0.0,0.666667,0.666667,0.333333,0.0,0,45,7000.0,2785.055072,783.737906,0.0,12
C14369,1168.844004,0.454545,1310.31,1310.31,0.0,1502.01432,0.083333,0.083333,0.0,0.083333,5,1,3500.0,272.821647,1227.013099,0.0,12
C11669,1034.555485,1.0,5787.66,5093.0,694.66,0.0,0.833333,0.666667,0.75,0.0,0,63,2700.0,5651.220766,263.619684,0.583333,12
C14828,4070.500764,0.833333,710.8,140.0,570.8,4620.069456,0.833333,0.166667,0.666667,0.166667,11,16,4900.0,364.205524,3231.905456,0.0,6
C13789,284.510677,0.818182,83.2,83.2,0.0,0.0,0.083333,0.083333,0.0,0.0,0,1,6500.0,1033.94329,146.825436,0.090909,12
C11196,42.366061,0.818182,463.32,0.0,463.32,0.0,0.75,0.0,0.666667,0.0,0,9,6500.0,499.856766,179.524229,0.714286,12
C11395,2153.498372,1.0,5428.77,3064.59,2364.18,2399.569867,1.0,0.5,1.0,0.166667,3,45,12500.0,4059.3757,496.075078,0.083333,12
C10735,13763.47358,1.0,9670.84,6701.08,2969.76,1896.204934,1.0,0.75,1.0,0.166667,2,88,17500.0,24199.11108,3039.137305,0.083333,12
C17310,1470.825974,1.0,220.7,0.0,220.7,400.571728,0.833333,0.0,0.75,0.25,7,12,3000.0,782.80657,393.153575,0.0,12
C18276,8.80954,0.818182,114.0,0.0,114.0,0.0,0.666667,0.0,0.666667,0.0,0,8,4000.0,160.627029,86.700821,0.428571,12
C10038,4047.480828,1.0,2380.55,1642.17,738.38,1697.660901,0.75,0.5,0.75,0.333333,7,41,5000.0,1617.894416,1541.141605,0.0,12
C18762,24.719209,0.545455,280.04,0.0,280.04,0.0,0.5,0.0,0.5,0.0,0,6,2500.0,538.899429,140.502909,0.666667,12
C10679,61.644247,0.363636,490.6,0.0,490.6,0.0,0.272727,0.0,0.272727,0.0,0,3,18000.0,1197.347043,131.19619,1.0,11
C10020,3577.970933,1.0,398.64,0.0,398.64,0.0,1.0,0.0,1.0,0.0,0,12,4000.0,1053.980464,12465.54938,0.0,12
C16594,1248.332959,1.0,478.32,198.0,280.32,157.20552,0.583333,0.083333,0.416667,0.083333,2,8,4000.0,1429.176523,360.158214,0.0,12
C14749,22.187914,1.0,0.0,0.0,0.0,147.48527,0.0,0.0,0.0,0.083333,1,0,3000.0,182.533898,155.060934,0.083333,12
C11757,2843.394382,1.0,0.0,0.0,0.0,3133.305504,0.0,0.0,0.0,0.166667,6,0,6000.0,680.388185,1076.334465,0.0,12
C15617,12.886661,0.363636,1437.15,1399.8,37.35,0.0,0.333333,0.25,0.083333,0.0,0,4,2700.0,2372.012083,98.767606,0.25,12
C13047,2786.494499,1.0,0.0,0.0,0.0,1547.268611,0.0,0.0,0.0,0.25,5,0,8000.0,837.844106,916.41672,0.0,12
C16121,237.198442,1.0,1166.68,0.0,1166.68,0.0,1.0,0.0,1.0,0.0,0,12,3500.0,1014.549633,216.090433,0.083333,12
C18003,477.903003,1.0,566.12,396.51,169.61,493.409789,0.333333,0.25,0.25,0.416667,7,12,1500.0,457.330803,210.151115,0.0,12
C13461,2105.898309,1.0,0.0,0.0,0.0,217.314696,0.0,0.0,0.0,0.333333,5,0,2250.0,569.815997,1031.776402,0.0,12
C15483,886.65747,1.0,1440.48,1440.48,0.0,0.0,1.0,1.0,0.0,0.0,0,13,1800.0,309.644014,291.857209,0.0,12
C14822,1241.025652,1.0,0.0,0.0,0.0,180.783929,0.0,0.0,0.0,0.083333,1,0,1800.0,842.814061,405.72085,0.0,12
C11515,1818.447016,0.909091,413.0,333.0,80.0,1819.479671,0.454545,0.181818,0.272727,0.181818,8,7,2000.0,757.096312,1588.275968,0.0,11
C17336,11.250371,0.636364,141.12,0.0,141.12,0.0,0.583333,0.0,0.5,0.0,0,7,5000.0,94.386204,89.013323,0.166667,12
C11529,39.761286,0.454545,2858.26,1027.72,1830.54,0.0,1.0,0.75,1.0,0.0,0,40,7500.0,3327.955123,71.20589,0.3,12
C15140,1793.970596,1.0,1004.9,1004.9,0.0,0.0,0.583333,0.583333,0.0,0.0,0,10,2500.0,2697.139893,466.169801,0.0,12
C10703,5941.847384,1.0,0.0,0.0,0.0,744.138154,0.0,0.0,0.0,0.166667,2,0,7000.0,1756.829998,2166.204489,0.0,12
C11622,2270.429964,1.0,8257.26,6367.49,1889.77,4134.316549,1.0,1.0,1.0,0.75,15,139,13000.0,12080.20143,595.825281,0.25,12
C11775,2779.833422,1.0,0.0,0.0,0.0,1492.253356,0.0,0.0,0.0,0.727273,14,0,3000.0,1708.484919,1285.667565,0.0,11
C18740,100.212638,0.8,639.29,116.9,522.39,0.0,0.8,0.1,0.7,0.0,0,17,1500.0,269.84678,156.747495,0.5,10
C15171,47.193664,1.0,132.0,0.0,132.0,0.0,0.166667,0.0,0.166667,0.0,0,2,2500.0,267.057792,170.357282,0.0,12
C18525,935.042217,1.0,1000.0,1000.0,0.0,0.0,0.083333,0.083333,0.0,0.0,0,1,1200.0,204.111522,215.712999,0.0,12
C12321,21.311946,0.727273,3618.19,2804.79,813.4,0.0,1.0,1.0,0.5,0.0,0,40,15000.0,3570.597218,53.62807,1.0,12
C10673,5619.157028,1.0,2790.76,2549.25,241.51,0.0,1.0,1.0,0.333333,0.0,0,36,14000.0,1778.284067,1355.651702,0.0,12
C14229,1267.054186,1.0,0.0,0.0,0.0,1253.614385,0.0,0.0,0.0,0.166667,8,0,1500.0,209.297618,470.721288,0.0,12
C12141,1364.528932,0.818182,0.01,0.01,0.0,5567.596649,0.090909,0.090909,0.0,0.272727,12,1,3000.0,4022.440372,520.255336,0.125,11
C13875,1110.575152,1.0,3384.68,2344.28,1040.4,0.0,1.0,0.833333,1.0,0.0,0,47,6000.0,0.0,,0.0,12
C10357,1897.672025,1.0,422.18,422.18,0.0,0.0,1.0,1.0,0.0,0.0,0,12,5500.0,2961.632199,440.30634,0.0,12
C11241,915.981419,0.909091,2037.24,1587.24,450.0,0.0,0.833333,0.583333,0.666667,0.0,0,22,3500.0,411.176707,296.885026,0.125,12
C12960,512.058666,0.818182,921.2,664.73,256.47,0.0,0.416667,0.166667,0.25,0.0,0,7,5500.0,1851.553319,786.58816,0.0,12
C11092,52.0899,0.727273,230.15,230.15,0.0,0.0,1.0,1.0,0.0,0.0,0,12,1600.0,0.0,,0.0,12
C17832,275.240429,0.909091,0.0,0.0,0.0,610.08928,0.0,0.0,0.0,0.25,5,0,700.0,1186.237636,189.618452,0.090909,12
C13221,2852.354665,1.0,424.84,424.84,0.0,0.0,0.416667,0.416667,0.0,0.0,0,6,3000.0,725.815797,833.636185,0.0,12
C17677,1488.628126,1.0,0.0,0.0,0.0,2909.050462,0.0,0.0,0.0,0.363636,24,0,3000.0,1968.413322,439.164743,0.090909,11
C15726,14.593148,1.0,158.7,0.0,158.7,0.0,1.0,0.0,1.0,0.0,0,23,5200.0,193.70608,141.02725,0.7,12
C15425,250.258381,0.727273,486.94,486.94,0.0,1131.986387,0.25,0.25,0.0,0.083333,1,3,4500.0,2837.08595,130.716778,0.333333,12
C11053,640.595851,1.0,2496.57,1837.56,659.01,0.0,0.5,0.333333,0.166667,0.0,0,14,3000.0,1145.707252,201.050218,0.0,12
C14257,494.045664,1.0,583.2,240.44,342.76,0.0,1.0,0.25,0.916667,0.0,0,25,2000.0,370.803775,333.663101,0.0,12
C17714,242.53001,1.0,3520.0,0.0,3520.0,0.0,0.916667,0.0,0.916667,0.0,0,11,650.0,3814.912997,3236.66486,0.333333,12
C12954,5757.919072,1.0,5544.45,3169.2,2375.25,2722.524205,1.0,0.75,1.0,0.416667,8,59,7000.0,2370.147958,2411.305205,0.0,12
C16881,1474.990634,0.818182,4469.59,2836.63,1632.96,0.0,1.0,0.666667,1.0,0.0,0,67,4000.0,4337.964147,770.352007,0.0,12
C17445,364.726077,0.9,0.0,0.0,0.0,555.036998,0.0,0.0,0.0,0.4,4,0,500.0,218.664436,153.74074,0.0,10
C12224,1502.926021,1.0,2635.9,2116.92,518.98,0.0,1.0,0.75,0.75,0.0,0,54,4500.0,951.372467,293.129375,0.0,12
C13185,1705.435895,0.666667,0.0,0.0,0.0,3719.359585,0.0,0.0,0.0,0.5,4,0,4000.0,282.620956,418.372715,0.0,6
C10695,331.586253,1.0,3703.36,1653.98,2049.38,0.0,1.0,1.0,1.0,0.0,0,54,7500.0,3229.189675,195.370312,0.916667,12
C14644,1311.952719,0.909091,2092.0,1242.0,850.0,0.0,0.75,0.333333,0.5,0.0,0,15,5181.818182,3476.019003,330.828719,0.0,12
C15256,7057.524237,1.0,2761.76,163.0,2598.76,2317.636143,0.916667,0.166667,0.75,0.25,5,121,7000.0,3083.16422,8724.958739,0.0,12
C19137,1117.594403,1.0,291.62,0.0,291.62,1596.771919,1.0,0.0,0.857143,0.142857,2,7,2000.0,74.055925,382.846205,0.0,7
C16789,765.66511,1.0,0.0,0.0,0.0,924.627991,0.0,0.0,0.0,0.083333,1,0,3000.0,703.772856,249.298802,0.0,12
C11069,7.980453,0.272727,0.0,0.0,0.0,95.842922,0.0,0.0,0.0,0.083333,1,0,9500.0,198.014471,165.091997,0.0,12
C11188,5538.646971,1.0,460.57,460.57,0.0,2661.970456,0.333333,0.333333,0.0,0.25,6,6,9500.0,1253.713151,2103.456999,0.0,12
C11036,76.483078,0.727273,69.0,69.0,0.0,0.0,0.083333,0.083333,0.0,0.0,0,1,4500.0,462.226271,100.023175,0.0,12
C13085,982.165343,1.0,435.72,45.65,390.07,0.0,0.5,0.083333,0.5,0.0,0,20,2300.0,917.52463,1319.508567,0.0,12
C15310,670.885072,1.0,341.9,215.18,126.72,294.185703,0.833333,0.25,0.666667,0.166667,4,13,4000.0,409.29211,185.805592,0.0,12
C16354,1531.486784,1.0,956.56,819.16,137.4,1548.653023,0.666667,0.666667,0.083333,0.25,10,11,4000.0,424.033602,659.90603,0.0,12
C10344,361.319366,1.0,3095.96,1383.56,1712.4,0.0,1.0,0.916667,0.833333,0.0,0,32,14000.0,4003.782858,197.186568,0.583333,12
C13458,10.785694,0.444444,384.4,0.0,384.4,0.0,0.888889,0.0,0.777778,0.0,0,8,1500.0,655.428475,65.251585,0.333333,9
C18433,57.116811,0.454545,27.79,27.79,0.0,381.171145,0.083333,0.083333,0.0,0.083333,1,1,4500.0,1215.965938,99.950697,1.0,12
C16730,871.35543,0.545455,174.93,174.93,0.0,2621.431555,0.083333,0.083333,0.0,0.166667,6,2,3000.0,4898.947715,369.605826,0.0,12
C19091,102.011668,0.888889,799.0,0.0,799.0,0.0,0.444444,0.0,0.333333,0.0,0,6,1000.0,907.540585,124.882315,1.0,9
C14101,5523.175617,0.888889,0.0,0.0,0.0,4104.980885,0.0,0.0,0.0,0.555556,5,0,6500.0,4355.053996,1018.17216,0.0,9
C18134,0.0,0.0,10.89,0.0,10.89,0.0,0.083333,0.0,0.083333,0.0,0,1,4000.0,0.0,,0.0,12
C17615,198.951791,0.25,0.0,0.0,0.0,1365.18629,0.0,0.0,0.0,0.125,1,0,2500.0,0.0,,0.0,8
C14852,19.846569,1.0,0.0,0.0,0.0,133.049604,0.0,0.0,0.0,0.285714,2,0,1200.0,48.739156,97.986182,0.0,7
C11959,1329.826951,1.0,1304.96,1304.96,0.0,18.427395,0.25,0.25,0.0,0.083333,1,7,7500.0,625.414678,402.131301,0.0,12
C11420,606.246031,0.909091,3876.0,2380.0,1496.0,914.843621,0.833333,0.166667,0.75,0.083333,1,21,6500.0,1745.666361,171.044243,0.090909,12
C16580,1963.698617,1.0,1582.88,1259.82,323.06,2601.802794,0.166667,0.083333,0.083333,0.333333,5,12,2500.0,4138.243604,806.866365,0.0,12
C17309,1664.334555,1.0,862.95,862.95,0.0,0.0,0.333333,0.333333,0.0,0.0,0,5,1900.0,987.668179,892.915026,0.0,12
C11677,1044.273707,1.0,1463.84,255.0,1208.84,262.147162,0.916667,0.416667,0.916667,0.083333,1,22,6700.0,2624.741492,373.793958,0.0,12
C15374,1207.320442,0.9,359.0,359.0,0.0,0.0,0.4,0.4,0.0,0.0,0,4,3000.0,239.704238,379.055818,0.0,10
C15652,287.565501,1.0,472.32,375.0,97.32,1785.926136,0.333333,0.166667,0.25,0.416667,5,7,1000.0,2022.302019,191.073806,0.333333,12
C17811,7.833571,0.181818,92.24,0.0,92.24,0.0,0.166667,0.0,0.166667,0.0,0,2,1500.0,484.14452,83.689672,0.5,12
C14899,683.391465,0.636364,0.0,0.0,0.0,1786.070392,0.0,0.0,0.0,0.083333,4,0,3000.0,346.494649,159.136566,0.0,12
C14045,1690.352634,1.0,0.0,0.0,0.0,1359.175968,0.0,0.0,0.0,0.166667,4,0,3500.0,373.741157,640.422897,0.0,12
C14638,1541.743608,1.0,0.0,0.0,0.0,118.974129,0.0,0.0,0.0,0.333333,5,0,1600.0,353.686721,428.150067,0.0,12
C12055,1683.116573,1.0,98.0,98.0,0.0,240.304769,0.083333,0.083333,0.0,0.166667,4,1,1800.0,554.101761,556.407341,0.0,12
C10024,3800.151377,0.818182,4248.35,3454.56,793.79,7974.415626,1.0,0.083333,0.916667,0.333333,13,13,9000.0,9479.043842,1425.426525,0.0,12
C18739,30.287602,0.818182,0.0,0.0,0.0,827.814406,0.0,0.0,0.0,0.416667,11,0,1000.0,963.269399,74.387702,0.166667,12
C15976,212.306148,0.181818,0.7,0.7,0.0,1922.5936,0.083333,0.083333,0.0,0.166667,3,1,3500.0,0.0,,0.0,12
C14328,3626.196814,1.0,475.36,0.0,475.36,1634.030482,0.833333,0.0,0.833333,0.416667,6,13,8500.0,1927.992694,1014.159287,0.0,12
C13868,62.082275,0.909091,791.68,568.66,223.02,0.0,0.833333,0.583333,0.583333,0.0,0,22,4500.0,892.892557,176.794551,0.75,12
C13120,733.988674,1.0,83.47,83.47,0.0,0.0,0.083333,0.083333,0.0,0.0,0,1,9000.0,195.17029,219.056873,0.0,12
C18578,321.606195,0.909091,2476.3,1062.12,1414.18,0.0,0.75,0.25,0.583333,0.0,0,28,2000.0,912.49967,157.957039,0.25,12
C18341,1301.813081,1.0,0.0,0.0,0.0,101.766866,0.0,0.0,0.0,0.083333,1,0,1400.0,401.389799,418.773876,0.0,12
C13694,1772.323491,1.0,574.14,146.0,428.14,2318.489037,0.833333,0.166667,0.75,0.916667,34,15,7500.0,2663.779785,404.810009,0.0,12
C16667,33.114269,0.727273,974.96,110.0,864.96,0.0,1.0,0.083333,1.0,0.0,0,13,6000.0,1011.244454,99.44103,0.333333,12
C17152,1608.490095,1.0,91.0,46.0,45.0,1756.688037,0.5,0.083333,0.416667,0.583333,9,7,3000.0,492.928487,434.150222,0.0,12
C14729,992.615052,1.0,162.28,0.0,162.28,0.0,0.5,0.0,0.5,0.0,0,6,1000.0,333.663574,462.345834,0.0,12
C10649,3123.339488,1.0,11202.09,10929.53,272.56,0.0,1.0,1.0,0.583333,0.0,0,100,7500.0,8317.163283,887.495688,0.083333,12
C16704,2724.685011,1.0,0.0,0.0,0.0,724.694411,0.0,0.0,0.0,0.25,5,0,3000.0,1351.895242,997.918515,0.0,12
C12529,107.944741,0.875,118.16,118.16,0.0,472.818286,0.125,0.125,0.0,0.125,1,2,2500.0,192.781455,56.999671,0.25,8
C19115,686.623746,1.0,422.21,149.0,273.21,729.332469,1.0,0.333333,0.833333,0.166667,2,11,1000.0,416.560172,82.401461,0.0,6
C17184,2620.873322,1.0,450.0,0.0,450.0,1525.378257,0.5,0.0,0.416667,0.166667,7,6,3000.0,981.480493,998.904434,0.0,12
C12685,1114.506863,1.0,602.07,0.0,602.07,0.0,1.0,0.0,0.833333,0.0,0,15,1800.0,676.487532,248.438014,0.0,12
C12875,2791.652315,1.0,0.0,0.0,0.0,229.417213,0.0,0.0,0.0,0.272727,3,0,3000.0,548.068694,1298.976568,0.0,11
C10518,2061.27937,1.0,0.0,0.0,0.0,554.11523,0.0,0.0,0.0,0.25,3,0,4500.0,552.713988,585.776445,0.0,12
C16967,25.576426,1.0,225.0,0.0,225.0,0.0,1.0,0.0,1.0,0.0,0,12,2700.0,232.652483,165.826627,0.416667,12
C14436,5824.000984,1.0,1501.08,0.0,1501.08,4730.837305,0.25,0.0,0.166667,0.333333,6,5,8500.0,1647.245926,2330.665551,0.0,12
C17718,15.813502,0.636364,120.88,0.0,120.88,0.0,0.416667,0.0,0.416667,0.0,0,5,5000.0,258.872386,128.94568,0.5,12
C10034,125.660453,1.0,636.79,636.79,0.0,0.0,0.916667,0.916667,0.0,0.0,0,11,1200.0,423.449696,196.301885,0.3,12
C18913,1116.44317,1.0,0.0,0.0,0.0,18.904244,0.0,0.0,0.0,0.083333,1,0,1200.0,264.159577,312.807548,0.0,12
C10052,4931.331857,1.0,901.42,646.07,255.35,8530.648614,0.625,0.375,0.25,0.875,37,9,12000.0,8113.297346,1012.415961,0.0,8
C19033,0.275257,0.2,0.0,0.0,0.0,328.452659,0.0,0.0,0.0,0.1,1,0,1200.0,1145.101275,39.421396,1.0,10
C12834,6671.450524,1.0,369.52,369.52,0.0,2578.596448,0.583333,0.583333,0.0,0.25,7,7,7500.0,1303.259619,3772.048542,0.0,12
C17947,106.894095,0.909091,62.73,0.0,62.73,0.0,0.272727,0.0,0.181818,0.0,0,3,5000.0,540.130507,146.069474,0.272727,11
C13823,35.550618,1.0,458.15,0.0,458.15,0.0,1.0,0.0,0.909091,0.0,0,22,1000.0,402.170167,158.977495,0.666667,11
C15152,3214.579198,1.0,0.0,0.0,0.0,2322.566457,0.0,0.0,0.0,0.166667,3,0,4000.0,2232.66712,748.463466,0.0,12
C10522,1199.942209,1.0,1447.01,306.31,1140.7,49.912813,0.916667,0.166667,0.916667,0.083333,1,19,2400.0,642.723723,457.255269,0.0,12
C11786,467.244925,1.0,4001.7,1769.36,2232.34,0.0,1.0,0.583333,1.0,0.0,0,109,16000.0,2259.241805,183.138427,0.181818,12
C16279,122.124272,1.0,1052.96,58.96,994.0,0.0,0.75,0.083333,0.75,0.0,0,17,3000.0,1460.413198,191.915913,1.0,12
C15457,13.792103,0.909091,600.0,600.0,0.0,0.0,0.083333,0.083333,0.0,0.0,0,1,4500.0,607.677726,92.393376,0.0,12
C13217,3776.150532,1.0,0.0,0.0,0.0,3335.783756,0.0,0.0,0.0,0.333333,12,0,6000.0,881.37316,890.70637,0.0,12
C12655,87.802127,0.818182,803.95,803.95,0.0,0.0,0.5,0.5,0.0,0.0,0,8,1000.0,1134.379946,137.584907,0.666667,12
C17516,1144.128891,1.0,1373.27,688.15,685.12,1101.351331,1.0,1.0,0.833333,0.166667,4,30,4000.0,1705.162709,375.042212,0.0,12
C18312,5.020473,0.181818,100.05,0.0,100.05,0.0,0.25,0.0,0.25,0.0,0,3,4000.0,360.227309,125.327855,0.333333,12
C14267,478.787453,1.0,780.38,655.74,124.64,144.37846,0.5,0.416667,0.083333,0.083333,1,12,1500.0,1842.23355,217.989591,0.111111,12
C10254,8.061012,0.363636,133.0,0.0,133.0,0.0,0.25,0.0,0.166667,0.0,0,3,3000.0,130.61272,41.436595,0.181818,12
C10155,906.573724,1.0,1039.2,80.0,959.2,103.102091,0.833333,0.083333,0.833333,0.083333,1,11,13500.0,1855.235407,468.196732,0.083333,12
C11828,1238.932482,1.0,280.09,69.0,211.09,0.0,0.916667,0.083333,0.916667,0.0,0,12,1500.0,1575.457164,6422.472544,0.0,12
C10191,168.522709,0.818182,2009.05,0.0,2009.05,0.0,0.833333,0.0,0.75,0.0,0,22,1200.0,2612.760497,197.638558,0.142857,12
C11452,227.636073,1.0,3050.64,1070.12,1980.52,0.0,1.0,0.666667,0.916667,0.0,0,46,8000.0,2597.767395,168.621828,0.363636,12
C11567,2766.561266,1.0,1469.05,1469.05,0.0,1585.242991,0.333333,0.333333,0.0,0.166667,2,29,3000.0,591.132016,1196.391741,0.0,12
C11122,4046.574741,1.0,1757.44,242.89,1514.55,19.677306,1.0,0.25,1.0,0.083333,1,68,4500.0,1721.705144,1111.315878,0.0,12
C15338,478.520473,0.727273,768.96,368.96,400.0,2604.390666,0.25,0.083333,0.166667,0.333333,9,3,5000.0,2465.151762,161.497921,0.363636,12
C16874,1243.250958,1.0,1680.0,0.0,1680.0,0.0,1.0,0.0,1.0,0.0,0,12,4500.0,1105.142936,361.880781,0.0,12
C18813,460.081479,0.833333,649.5,0.0,649.5,793.822988,0.833333,0.0,0.833333,0.666667,6,6,1000.0,625.116471,87.93873,0.25,6
C18036,8.68618,0.454545,55.72,0.0,55.72,0.0,0.416667,0.0,0.416667,0.0,0,5,1500.0,155.849599,139.831502,0.333333,12
C12520,4779.786334,1.0,1470.24,882.78,587.46,4962.936839,1.0,0.416667,1.0,0.666667,33,29,7000.0,4760.677367,1393.490557,0.0,12
C13991,719.427666,1.0,734.4,180.0,554.4,0.0,0.583333,0.083333,0.5,0.0,0,8,1000.0,285.477654,282.063918,0.0,12
C10574,11547.52001,1.0,49039.57,40761.25,8278.32,558.166886,1.0,1.0,0.916667,0.083333,1,101,22500.0,46930.59824,2974.069421,0.25,12
C15186,1190.800122,1.0,1864.79,1002.22,862.57,0.0,0.916667,0.666667,0.75,0.0,0,51,3000.0,1617.884909,255.931146,0.0,12
C16039,12.683677,0.363636,31.68,0.0,31.68,0.0,0.083333,0.0,0.083333,0.0,0,1,4000.0,210.141652,140.456214,0.0,12
C10018,41.089489,0.454545,519.0,0.0,519.0,0.0,0.416667,0.0,0.333333,0.0,0,8,2500.0,254.590662,73.203221,0.25,12
C11672,7611.152584,1.0,3707.79,3707.79,0.0,0.0,0.666667,0.666667,0.0,0.0,0,57,12000.0,4610.460803,4441.612219,0.0,12
C17638,0.0,0.0,180.66,54.0,126.66,0.0,0.583333,0.083333,0.5,0.0,0,7,2700.0,221.27715,,0.0,12
C14152,2525.425787,1.0,0.0,0.0,0.0,2892.511237,0.0,0.0,0.0,0.090909,2,0,3000.0,683.769908,750.741405,0.0,11
C11659,22.728166,0.818182,262.5,0.0,262.5,0.0,0.75,0.0,0.666667,0.0,0,14,3500.0,301.677275,164.479393,1.0,12
C16187,969.583332,1.0,0.0,0.0,0.0,19.587825,0.0,0.0,0.0,0.083333,1,0,2500.0,481.98,301.076813,0.0,12
C11716,1915.245632,1.0,39.0,39.0,0.0,92.668977,0.083333,0.083333,0.0,0.083333,1,1,1950.0,542.919146,814.880073,0.0,12
C14612,793.167009,1.0,433.31,200.0,233.31,766.872458,1.0,0.142857,0.857143,0.428571,5,8,1000.0,363.064207,430.485462,0.0,7
C18855,13.44199,0.454545,56.51,0.0,56.51,0.0,0.25,0.0,0.25,0.0,0,3,1000.0,190.431651,153.286406,0.166667,12
C11650,1212.812748,1.0,397.44,0.0,397.44,0.0,1.0,0.0,1.0,0.0,0,12,2000.0,1738.449943,283.392145,0.0,12
C12596,5115.712849,1.0,4378.8,3195.58,1183.22,0.0,0.833333,0.333333,0.75,0.0,0,19,10000.0,2241.246911,1320.011574,0.0,12
C12316,902.491328,1.0,0.0,0.0,0.0,3936.354616,0.0,0.0,0.0,0.272727,5,0,1800.0,3633.579097,577.463579,0.181818,11
C19100,12.784443,0.625,94.71,0.0,94.71,0.0,0.875,0.0,0.75,0.0,0,7,1500.0,144.041664,78.033738,0.0,8
C16628,2990.370585,1.0,1368.0,208.0,1160.0,1436.238238,1.0,0.083333,1.0,0.583333,14,22,8000.0,1680.74827,791.063136,0.0,12
C13999,1218.208868,0.818182,0.0,0.0,0.0,4467.667258,0.0,0.0,0.0,0.363636,12,0,2500.0,3341.009938,385.307674,0.0,11
C10174,1128.124563,1.0,924.6,0.0,924.6,0.0,1.0,0.0,1.0,0.0,0,12,1000.0,1202.711782,1747.037345,0.0,12
C16890,1696.465412,1.0,219.07,219.07,0.0,1237.454039,0.333333,0.333333,0.0,0.583333,19,6,1800.0,1251.496096,976.101952,0.0,12
C18755,13.125634,0.545455,106.98,0.0,106.98,0.0,0.5,0.0,0.5,0.0,0,6,2500.0,275.244392,142.4175,0.5,12
C12257,5570.18253,1.0,0.0,0.0,0.0,2744.808962,0.0,0.0,0.0,0.166667,3,0,6000.0,1748.960475,1291.809944,0.0,12
C14476,28.59068,1.0,367.44,0.0,367.44,0.0,0.916667,0.0,0.833333,0.0,0,13,5700.0,360.925707,151.126893,0.8,12
C16244,624.717922,0.857143,0.0,0.0,0.0,1761.331946,0.0,0.0,0.0,0.571429,8,0,1200.0,901.464465,169.693848,0.0,7
C12741,1372.486104,1.0,3005.25,1507.99,1497.26,315.120089,1.0,0.833333,1.0,0.166667,2,61,3000.0,3462.386054,405.078016,0.0,12
C10818,1782.997768,0.909091,0.0,0.0,0.0,16037.32794,0.0,0.0,0.0,0.416667,11,0,10000.0,15923.28722,517.595201,0.0,12
C12966,32.228288,0.636364,73.45,73.45,0.0,0.0,0.166667,0.166667,0.0,0.0,0,2,4000.0,25.162565,163.322311,0.0,12
C18095,465.003141,1.0,500.0,500.0,0.0,0.0,0.111111,0.111111,0.0,0.0,0,1,1000.0,109.818409,357.651724,0.0,9
C13154,1207.886609,1.0,143.0,0.0,143.0,1358.395174,0.166667,0.0,0.083333,0.166667,2,2,3000.0,398.257086,235.957305,0.0,12
C10509,327.445978,1.0,4305.05,2905.71,1399.34,0.0,1.0,0.916667,0.916667,0.0,0,38,9500.0,4030.061017,197.534405,0.666667,12
C12774,4659.388091,1.0,1754.19,764.16,990.03,1248.153277,1.0,0.5,1.0,0.333333,10,32,9500.0,1042.244606,1060.456777,0.0,12
C12219,4223.867789,1.0,2514.74,1597.67,917.07,3444.750251,1.0,1.0,0.833333,0.333333,11,53,5500.0,964.935365,1676.595311,0.0,6
C15124,2133.901379,1.0,303.03,9.03,294.0,0.0,1.0,0.083333,1.0,0.0,0,13,3000.0,1512.770602,615.208288,0.0,12
C12025,1075.825135,1.0,32.0,32.0,0.0,1859.42106,0.083333,0.083333,0.0,0.666667,23,1,9000.0,2266.903508,385.237167,0.0,12
C17006,300.11949,1.0,2811.86,2006.8,805.06,0.0,1.0,0.916667,0.583333,0.0,0,51,800.0,2501.680369,189.395585,1.0,12
C17013,599.116168,1.0,947.07,815.07,132.0,508.477816,0.666667,0.583333,0.416667,0.333333,5,17,3000.0,1654.58686,208.064056,0.0,12
C12527,1487.657507,1.0,4115.98,3975.98,140.0,0.0,0.75,0.666667,0.25,0.0,0,31,5000.0,3922.394684,474.667356,0.083333,12
C13691,1.869435,0.454545,0.24,0.24,0.0,0.0,0.083333,0.083333,0.0,0.0,0,0,3000.0,150.381107,53.294711,0.0,12
C19182,5967.47527,0.833333,214.55,0.0,214.55,8555.409326,0.833333,0.0,0.666667,0.666667,13,5,9000.0,966.202912,861.949906,0.0,6
C18925,2898.484109,1.0,0.0,0.0,0.0,3021.097135,0.0,0.0,0.0,0.272727,5,0,3000.0,230.794237,13916.08593,0.0,11
C11984,817.793943,1.0,478.28,189.03,289.25,945.547556,0.545455,0.181818,0.363636,0.090909,1,7,2400.0,635.314875,259.501896,0.0,11
C14631,6416.448101,1.0,0.0,0.0,0.0,3580.392989,0.0,0.0,0.0,0.25,9,0,7500.0,1756.557983,2302.022679,0.0,12
C13188,380.351858,0.909091,1216.21,1216.21,0.0,145.058195,0.166667,0.166667,0.0,0.083333,1,9,3000.0,1605.939594,135.474623,0.111111,12
C14867,996.223227,1.0,0.0,0.0,0.0,1398.39554,0.0,0.0,0.0,0.083333,1,0,8000.0,2369.167737,226.016919,0.0,12
C10794,56.720267,0.818182,260.0,260.0,0.0,0.0,0.083333,0.083333,0.0,0.0,0,1,5500.0,278.975102,92.072121,0.0,12
C11798,1133.572488,1.0,4063.49,2807.0,1256.49,391.73075,1.0,0.75,1.0,0.083333,1,44,1600.0,4936.506976,284.024015,0.083333,12
C13982,64.677565,1.0,363.71,363.71,0.0,0.0,1.0,1.0,0.0,0.0,0,12,6000.0,343.104512,171.000625,0.083333,12
C10365,36.567901,0.090909,1098.31,1098.31,0.0,0.0,0.083333,0.083333,0.0,0.0,0,1,4800.0,0.0,,0.0,12
C14998,31.111548,1.0,110.0,110.0,0.0,0.0,0.083333,0.083333,0.0,0.0,0,1,8000.0,228.192095,73.146612,0.0,12
C13809,72.02566,1.0,222.6,222.6,0.0,0.0,0.333333,0.333333,0.0,0.0,0,4,7500.0,390.258331,147.64645,0.0,12
C18794,3.229304,0.545455,190.2,0.0,190.2,0.0,0.666667,0.0,0.583333,0.0,0,8,1500.0,295.937124,,0.0,12
C17634,38.068219,0.727273,799.92,0.0,799.92,0.0,1.0,0.0,1.0,0.0,0,12,2500.0,553.927866,85.990408,0.333333,12
C18466,56.13816,1.0,555.1,112.0,443.1,0.0,0.916667,0.083333,0.916667,0.0,0,39,2700.0,527.817131,165.122729,0.583333,12
C15355,72.76697,1.0,0.0,0.0,0.0,952.855308,0.0,0.0,0.0,0.083333,1,0,2500.0,945.465018,56.782521,0.090909,12
C16252,528.095171,1.0,868.74,677.74,191.0,0.0,0.9,0.6,0.6,0.0,0,22,600.0,1013.601058,173.598464,0.0,10
C11119,85.79793,1.0,931.98,289.03,642.95,0.0,1.0,1.0,0.75,0.0,0,23,7500.0,875.423848,186.610054,0.416667,12
C14416,5686.466725,0.909091,177.35,177.35,0.0,0.0,0.090909,0.090909,0.0,0.0,0,1,8000.0,1775.784106,1724.337874,0.0,11
C12587,1115.208504,1.0,30.0,30.0,0.0,1484.671104,0.083333,0.083333,0.0,0.416667,11,1,1500.0,1839.908719,570.913732,0.083333,12
C13490,2640.820976,0.9,1167.86,0.0,1167.86,3463.175221,0.8,0.0,0.7,0.6,15,13,8000.0,538.132963,641.479689,0.0,10
C13159,0.0,0.0,63.3,0.0,63.3,0.0,0.25,0.0,0.25,0.0,0,3,2700.0,0.0,,0.0,12
C13829,784.959164,1.0,0.0,0.0,0.0,397.992799,0.0,0.0,0.0,0.083333,2,0,3500.0,223.240044,279.341188,0.0,12
C10471,9601.071318,1.0,238.34,0.0,238.34,4809.11955,0.833333,0.0,0.833333,1.0,8,5,15000.0,1194.510762,1206.257247,0.0,6
C11628,5805.32079,1.0,1724.75,1638.97,85.78,1878.058967,0.833333,0.75,0.666667,0.083333,1,29,7500.0,1351.901655,1419.470367,0.0,12
C15800,379.198083,1.0,40.0,0.0,40.0,0.0,0.166667,0.0,0.166667,0.0,0,3,2900.0,224.790156,212.520426,0.0,12
C15837,25.383911,1.0,401.16,0.0,401.16,0.0,0.916667,0.0,0.833333,0.0,0,11,2500.0,419.168947,164.819559,1.0,12
C12845,267.88449,0.454545,129.0,129.0,0.0,2496.787814,0.083333,0.083333,0.0,0.25,3,1,12000.0,1974.293695,72.930255,0.090909,12
C10709,2705.591995,1.0,818.02,326.02,492.0,2758.007287,1.0,0.083333,1.0,0.083333,3,14,3000.0,4055.34116,1002.627519,0.083333,12
C16178,2136.215769,1.0,1846.03,507.32,1338.71,187.819777,1.0,0.333333,1.0,0.083333,1,33,4500.0,1082.35936,521.999553,0.0,12
C17976,352.58799,1.0,281.81,183.81,98.0,0.0,0.666667,0.416667,0.583333,0.0,0,15,1600.0,835.301657,175.210164,0.083333,12
C17951,342.76107,1.0,20.0,20.0,0.0,148.074839,0.083333,0.083333,0.0,0.25,3,1,500.0,507.859879,198.241326,0.0,12
C18010,972.604156,1.0,0.0,0.0,0.0,803.573286,0.0,0.0,0.0,0.166667,2,0,1200.0,751.50856,230.564527,0.0,12
C17297,2666.147576,1.0,0.0,0.0,0.0,2704.302935,0.0,0.0,0.0,0.166667,2,0,3000.0,592.958317,807.751154,0.0,12
C15599,4837.835705,0.909091,1283.4,1140.9,142.5,6312.335558,0.818182,0.818182,0.090909,1.0,24,34,4500.0,5190.696125,6825.44203,0.0,11
C14565,62.440728,1.0,709.01,709.01,0.0,0.0,1.0,1.0,0.0,0.0,0,12,2000.0,716.721864,170.422207,0.916667,12
C17100,311.987575,0.363636,684.24,0.0,684.24,0.0,1.0,0.0,1.0,0.0,0,37,1000.0,2154.534733,508.095621,0.0,12
C11057,445.409094,1.0,307.11,163.29,143.82,0.0,0.833333,0.25,0.666667,0.0,0,12,1500.0,467.844102,171.370838,0.0,12
C11800,3790.914663,1.0,2655.68,1607.63,1048.05,6263.883768,0.833333,0.333333,1.0,0.5,11,111,8300.0,6173.165264,1192.462873,0.083333,12
C12472,4587.892398,1.0,140.6,140.6,0.0,953.934018,0.083333,0.083333,0.0,0.25,3,2,5500.0,1151.202909,1489.130441,0.0,12
C17101,3270.441222,1.0,848.0,848.0,0.0,0.0,0.166667,0.166667,0.0,0.0,0,3,4500.0,1143.616386,1134.793009,0.0,12
C18546,254.260019,1.0,2184.72,0.0,2184.72,0.0,1.0,0.0,1.0,0.0,0,41,4000.0,1889.29739,188.392562,0.5,12
C18294,2064.106212,1.0,0.0,0.0,0.0,1497.565331,0.0,0.0,0.0,0.166667,4,0,3000.0,543.902356,647.508482,0.0,12
C15740,997.98763,1.0,952.29,152.29,800.0,274.949525,1.0,0.083333,1.0,0.083333,2,17,1200.0,1273.253687,580.934766,0.0,12
C16500,305.72029,1.0,1125.8,430.88,694.92,0.0,1.0,0.333333,1.0,0.0,0,17,3000.0,1863.122757,204.442058,0.083333,12
C18405,1021.334556,1.0,300.0,0.0,300.0,0.0,0.833333,0.0,0.833333,0.0,0,10,1000.0,516.596295,1127.577542,0.0,12
C11656,705.232653,1.0,1902.4,1669.8,232.6,0.0,1.0,1.0,0.833333,0.0,0,29,900.0,1941.959847,618.228223,0.0,12
C17693,1450.599152,1.0,2763.84,1434.43,1329.41,0.0,1.0,0.714286,0.857143,0.0,0,98,2000.0,343.918862,1339.665316,0.0,7
C12121,1262.645703,1.0,329.9,257.0,72.9,0.0,0.333333,0.166667,0.166667,0.0,0,6,1800.0,905.863527,271.464874,0.0,12
C12769,2241.092286,0.909091,1260.0,0.0,1260.0,2992.621714,0.333333,0.0,0.25,0.166667,2,4,6000.0,4582.168916,654.524925,0.111111,12
C13212,607.20006,1.0,549.08,216.95,332.13,67.423321,1.0,0.333333,1.0,0.083333,1,33,4500.0,471.103957,206.952931,0.0,12
C10445,8647.057641,1.0,0.0,0.0,0.0,5105.254316,0.0,0.0,0.0,0.416667,14,0,10000.0,2052.533488,1886.223361,0.0,12
C11996,1663.967468,1.0,0.0,0.0,0.0,2123.721395,0.0,0.0,0.0,0.333333,9,0,2500.0,1566.483167,391.114652,0.0,12
C13510,4146.601225,1.0,521.32,200.0,321.32,2054.006911,0.666667,0.083333,0.666667,0.416667,8,9,5000.0,1147.148308,1070.072907,0.0,12
C18118,2091.582046,1.0,179.23,0.0,179.23,2682.810269,0.416667,0.0,0.416667,0.25,14,5,6000.0,1152.07779,1281.740206,0.090909,12
C19035,1478.089943,0.8,245.01,245.01,0.0,4377.526126,0.1,0.1,0.0,0.6,22,1,2500.0,3168.779374,966.611926,0.0,10
C10954,1894.11023,1.0,678.0,678.0,0.0,0.0,1.0,1.0,0.0,0.0,0,12,2000.0,992.569418,1111.413896,0.0,12
C17356,4408.966613,1.0,505.79,112.49,393.3,1601.520906,0.916667,0.166667,0.75,0.416667,5,12,5000.0,1210.835102,1190.58657,0.0,12
C17522,1609.514614,1.0,0.0,0.0,0.0,136.209339,0.0,0.0,0.0,0.083333,2,0,1700.0,277.622861,705.401828,0.0,12
C10789,23.276656,0.636364,796.56,0.0,796.56,0.0,1.0,0.0,1.0,0.0,0,13,4000.0,912.478311,102.895907,0.636364,12
C11999,4626.278301,1.0,0.0,0.0,0.0,9579.677222,0.0,0.0,0.0,0.5,9,0,5000.0,613.553141,633.691762,0.0,6
C18538,1016.52185,0.909091,44.0,44.0,0.0,1069.450087,0.083333,0.083333,0.0,0.166667,4,1,1200.0,54.983629,4080.472538,0.0,12
C18845,42.577756,0.909091,4061.96,4061.96,0.0,0.0,0.916667,0.916667,0.0,0.0,0,35,500.0,3716.880684,92.058823,0.75,12
C15735,1167.254965,1.0,499.92,0.0,499.92,0.0,1.0,0.0,1.0,0.0,0,12,1200.0,897.514706,1358.434639,0.0,12
C10662,5347.377116,0.545455,0.0,0.0,0.0,9671.336737,0.0,0.0,0.0,0.083333,1,0,10500.0,3239.303839,3614.801495,0.0,12
C18839,2.892853,0.181818,52.68,0.0,52.68,0.0,0.166667,0.0,0.166667,0.0,0,2,500.0,290.072441,124.724211,1.0,12
C14013,1509.525178,1.0,0.0,0.0,0.0,1784.023712,0.0,0.0,0.0,0.25,5,0,3500.0,513.387513,518.481808,0.0,12
C10242,2229.857287,1.0,45.65,45.65,0.0,0.0,0.083333,0.083333,0.0,0.0,0,1,2500.0,542.7463,628.211031,0.0,12
C14338,1268.809031,0.272727,17945.0,17945.0,0.0,0.0,0.166667,0.166667,0.0,0.0,0,3,18000.0,50721.48336,1149.747342,0.0,12
C14948,1747.359784,1.0,0.0,0.0,0.0,413.38083,0.0,0.0,0.0,0.333333,8,0,1800.0,700.732344,755.249544,0.0,12
C13501,8161.84873,1.0,5519.0,4986.43,532.57,0.0,1.0,1.0,0.583333,0.0,0,91,9000.0,3723.833142,4650.41017,0.0,12
C14277,1044.704008,1.0,1142.6,346.0,796.6,0.0,1.0,0.333333,1.0,0.0,0,61,5000.0,1881.871223,249.300419,0.083333,12
C11081,140.349336,0.363636,1042.52,1042.52,0.0,0.0,0.083333,0.083333,0.0,0.0,0,1,6000.0,3212.647061,260.066741,0.5,12
C17518,71.431411,1.0,2068.41,0.0,2068.41,0.0,1.0,0.0,1.0,0.0,0,27,2500.0,1984.989648,59.522727,0.25,12
C13084,5030.927831,1.0,99.0,99.0,0.0,2999.769235,0.166667,0.166667,0.0,0.583333,10,2,6000.0,1144.381323,1143.067027,0.0,12
C18695,174.228543,0.727273,3407.57,3276.57,131.0,0.0,0.583333,0.583333,0.166667,0.0,0,25,3000.0,4568.864048,226.156063,0.714286,12
C18888,267.401555,1.0,156.6,0.0,156.6,0.0,1.0,0.0,1.0,0.0,0,12,1000.0,157.691576,1221.503449,0.0,12
C17808,90.582466,1.0,809.79,0.0,809.79,0.0,1.0,0.0,1.0,0.0,0,44,2700.0,766.101615,175.058479,0.916667,12
C16333,161.576879,0.909091,194.0,59.0,135.0,0.0,0.416667,0.083333,0.333333,0.0,0,6,5000.0,738.457844,197.425096,0.1,12
C11243,653.004882,0.818182,2035.29,1259.58,775.71,0.0,0.75,0.5,0.5,0.0,0,29,9500.0,7590.280949,319.680283,0.0,12
C14838,3157.715309,1.0,548.79,548.79,0.0,3075.115015,0.583333,0.583333,0.0,0.166667,5,48,3500.0,3817.151157,852.200705,0.083333,12
C16929,177.551278,0.636364,66.25,0.0,66.25,0.0,0.416667,0.0,0.416667,0.0,0,5,2500.0,2283.641666,3116.67911,0.0,12
C16608,33.535261,1.0,319.98,0.0,319.98,0.0,1.0,0.0,0.833333,0.0,0,6,1000.0,264.453806,88.798002,1.0,6
C13996,3912.344717,1.0,2080.66,672.48,1408.18,1829.712153,1.0,0.166667,1.0,0.166667,5,42,6000.0,1017.896487,888.469097,0.0,12
C13802,3012.178613,1.0,27790.42,14605.99,13184.43,469.074937,1.0,0.666667,1.0,0.083333,1,79,12000.0,27839.82354,569.401398,0.727273,12
C18282,933.928303,1.0,0.0,0.0,0.0,570.718948,0.0,0.0,0.0,0.583333,19,0,2000.0,499.243053,358.446917,0.0,12
C11384,162.905422,0.727273,1600.0,0.0,1600.0,0.0,0.666667,0.0,0.666667,0.0,0,8,6000.0,2733.152899,156.243291,0.666667,12
C10106,23.394411,0.272727,1346.28,0.0,1346.28,0.0,1.0,0.0,1.0,0.0,0,12,2000.0,712.149153,54.79166,0.0,12
C10330,0.478714,0.090909,734.97,159.0,575.97,0.0,0.833333,0.083333,0.75,0.0,0,16,6000.0,1159.135064,,0.0,12
C15350,5829.92767,1.0,0.0,0.0,0.0,306.064982,0.0,0.0,0.0,0.25,4,0,6500.0,1438.89528,2351.635775,0.0,12
C10650,1670.928797,1.0,794.52,794.52,0.0,0.0,0.666667,0.666667,0.0,0.0,0,16,1750.0,1083.625844,1196.302503,0.0,12
C12963,967.177679,1.0,208.4,0.0,208.4,0.0,0.333333,0.0,0.333333,0.0,0,4,1000.0,431.402414,846.724721,0.0,12
C16195,525.3186,0.9,1604.97,0.0,1604.97,0.0,0.9,0.0,0.8,0.0,0,9,1000.0,1059.917432,459.831026,0.0,10
C15312,114.361988,0.727273,2141.32,98.0,2043.32,0.0,0.666667,0.083333,0.666667,0.0,0,13,6500.0,3361.500799,47.676403,0.0,12
C18632,1157.568538,1.0,329.0,37.0,292.0,0.0,0.666667,0.083333,0.666667,0.0,0,9,2500.0,603.250222,567.942336,0.0,12
C16306,1455.736956,1.0,1171.88,1171.88,0.0,19.619461,0.363636,0.363636,0.0,0.090909,1,25,3700.0,350.750246,343.006271,0.0,11
C17096,776.585568,1.0,773.36,119.8,653.56,0.0,0.333333,0.083333,0.25,0.0,0,7,3000.0,1169.758034,233.843501,0.0,12
C17732,2112.63873,1.0,0.0,0.0,0.0,584.940187,0.0,0.0,0.0,0.25,5,0,3500.0,540.088813,746.131674,0.0,12
C12943,409.194212,0.545455,1213.23,1213.23,0.0,1751.419465,0.25,0.25,0.0,0.416667,8,9,6000.0,5997.800728,178.416838,0.0,12
C10345,2324.086254,0.909091,0.0,0.0,0.0,1600.758078,0.0,0.0,0.0,0.909091,13,0,2300.0,2147.890523,2077.873573,0.0,11
C12715,1601.692049,1.0,61.46,0.0,61.46,0.0,0.25,0.0,0.25,0.0,0,6,4000.0,399.369214,512.759705,0.0,12
C13478,1003.774921,1.0,161.27,161.27,0.0,0.0,0.333333,0.333333,0.0,0.0,0,8,1200.0,257.638043,368.466873,0.0,12
C15556,268.82613,0.454545,0.0,0.0,0.0,2793.801452,0.0,0.0,0.0,0.166667,2,0,6000.0,6801.790399,156.159732,1.0,12
C17551,1243.68657,1.0,221.72,0.0,221.72,1324.264801,0.916667,0.0,0.916667,0.333333,5,26,1700.0,2268.784133,554.297666,0.0,12
C15111,3092.189629,1.0,60.82,0.0,60.82,2361.473149,0.25,0.0,0.166667,0.5,17,3,3500.0,856.196277,889.485238,0.0,12
C10480,223.772475,1.0,3654.08,291.41,3362.67,0.0,1.0,0.166667,1.0,0.0,0,32,2500.0,3301.334578,180.338402,0.333333,12
C17368,366.084233,0.909091,1167.39,1167.39,0.0,200.106907,0.5,0.5,0.0,0.083333,3,16,2500.0,470.516409,206.511825,0.0,12
C11125,72.251911,0.727273,665.5,228.0,437.5,0.0,0.416667,0.166667,0.333333,0.0,0,12,4000.0,1443.726409,106.632133,0.5,12
C14728,5376.083101,1.0,0.0,0.0,0.0,2293.529361,0.0,0.0,0.0,0.333333,8,0,5500.0,3202.100651,12449.67391,0.0,12
C14484,1087.574994,1.0,0.0,0.0,0.0,108.260087,0.0,0.0,0.0,0.083333,1,0,1200.0,317.447893,226.855527,0.0,12
C10009,1014.926473,1.0,861.49,661.49,200.0,0.0,0.333333,0.083333,0.25,0.0,0,5,7000.0,688.278568,311.963409,0.0,12
C14044,189.98582,0.666667,369.0,0.0,369.0,991.09837,0.666667,0.0,0.5,0.166667,1,6,2500.0,292.582747,101.339007,0.0,6
C10104,0.0,0.0,0.0,0.0,0.0,89.849004,0.0,0.0,0.0,0.142857,1,0,3000.0,138.021428,,0.0,7
C13509,1088.996599,1.0,0.0,0.0,0.0,2475.856774,0.0,0.0,0.0,0.75,10,0,2500.0,170.234238,214.292795,0.0,8
C12595,50.006512,0.454545,701.25,0.0,701.25,0.0,0.333333,0.0,0.25,0.0,0,5,3500.0,1834.431851,132.939468,1.0,12
C16289,1194.885664,1.0,365.5,365.5,0.0,0.0,0.416667,0.416667,0.0,0.0,0,8,1200.0,566.349364,1362.30698,0.0,12
C11464,19.945714,0.272727,170.0,170.0,0.0,0.0,0.083333,0.083333,0.0,0.0,0,1,6500.0,734.613034,166.057617,1.0,12
C11232,6.824905,0.090909,0.0,0.0,0.0,1150.890874,0.0,0.0,0.0,0.083333,1,0,1200.0,0.0,,0.0,12
C16421,330.707721,0.545455,56.4,56.4,0.0,1680.231932,0.083333,0.083333,0.0,0.166667,3,1,4000.0,3613.150681,205.305914,0.5,12
C10032,1162.273324,1.0,1347.71,400.0,947.71,175.815755,1.0,0.083333,1.0,0.166667,2,45,6000.0,645.998299,256.848991,0.0,12
C14470,5259.14039,0.888889,2659.35,813.0,1846.35,4851.392018,0.888889,0.222222,0.777778,0.333333,34,38,6000.0,2249.612405,4538.542583,0.0,9
C11710,3414.977831,1.0,2219.55,1695.03,524.52,950.424076,0.916667,0.75,0.75,0.583333,10,33,5000.0,732.08134,893.816089,0.0,12
C16030,1984.636464,1.0,0.0,0.0,0.0,4436.713078,0.0,0.0,0.0,0.444444,7,0,5000.0,849.560918,348.744106,0.0,9
C13095,3473.463277,1.0,1182.95,718.75,464.2,0.0,1.0,0.583333,1.0,0.0,0,36,6000.0,955.667752,1243.191013,0.0,12
C13190,2089.451704,1.0,1256.49,879.61,376.88,1381.853089,0.666667,0.583333,0.5,0.166667,2,32,2500.0,637.044684,1072.394817,0.090909,12
C10786,815.427615,1.0,1936.01,1471.04,464.97,232.292989,0.916667,0.5,1.0,0.083333,1,27,2000.0,1759.115089,232.076866,0.0,12
C16441,2269.978054,0.909091,0.0,0.0,0.0,3617.843539,0.0,0.0,0.0,0.272727,4,0,3500.0,745.982616,576.331228,0.0,11
C12199,309.150506,1.0,3157.86,1178.02,1979.84,0.0,1.0,0.916667,1.0,0.0,0,31,7000.0,3291.320691,170.010384,0.833333,12
C13710,132.471933,1.0,1767.75,500.0,1267.75,0.0,0.916667,0.083333,0.833333,0.0,0,12,6000.0,1757.458646,169.684838,1.0,12
C12347,6887.915143,1.0,4340.42,3608.17,732.25,7028.901031,1.0,1.0,0.916667,0.833333,29,59,11500.0,16616.23528,1688.710521,0.083333,12
C14194,1409.206763,1.0,143.5,143.5,0.0,0.0,0.083333,0.083333,0.0,0.0,0,1,3000.0,432.361276,300.764907,0.0,12
C17910,50.004286,1.0,341.14,0.0,341.14,0.0,1.0,0.0,1.0,0.0,0,23,3000.0,231.514712,135.58233,0.0,12
C11719,2257.542109,1.0,0.0,0.0,0.0,1082.684755,0.0,0.0,0.0,0.083333,1,0,3000.0,464.716284,659.553866,0.0,12
C11790,1597.521193,1.0,211.07,0.0,211.07,994.167915,0.5,0.0,0.416667,0.083333,1,6,5000.0,3187.854069,665.357143,0.0,12
C11079,1268.144319,1.0,0.0,0.0,0.0,1331.166485,0.0,0.0,0.0,0.428571,5,0,1500.0,499.961286,206.737107,0.0,7
C14143,136.839366,0.636364,1133.54,1133.54,0.0,0.0,0.25,0.25,0.0,0.0,0,4,16500.0,4802.004681,234.303131,0.428571,12
C16824,1635.964498,1.0,0.0,0.0,0.0,158.919459,0.0,0.0,0.0,0.333333,6,0,1700.0,464.891311,488.488878,0.0,12
C17170,48.578408,1.0,673.1,646.61,26.49,0.0,1.0,1.0,0.083333,0.0,0,18,6000.0,665.773943,186.735956,1.0,12
C14607,3258.237364,1.0,921.12,521.14,399.98,0.0,0.75,0.5,0.5,0.0,0,14,6200.0,1323.776141,1011.025921,0.0,12
C13031,6.149295,0.181818,169.01,0.0,169.01,0.0,0.25,0.0,0.25,0.0,0,3,10000.0,731.852542,128.525835,0.666667,12
C15092,798.693995,1.0,0.0,0.0,0.0,1865.808018,0.0,0.0,0.0,0.666667,11,0,3000.0,180.865117,301.842645,0.0,12
C11563,1589.41431,1.0,118.79,118.79,0.0,2176.940929,0.416667,0.416667,0.0,0.166667,5,5,4000.0,349.53025,487.369259,0.0,12
C12180,4478.312669,1.0,2461.9,2461.9,0.0,202.816167,0.166667,0.166667,0.0,0.166667,2,13,5000.0,1041.825559,1143.939064,0.0,12
C10897,11654.55492,1.0,463.0,74.0,389.0,3096.807933,0.583333,0.083333,0.416667,0.416667,17,7,12500.0,3024.60947,5148.045052,0.0,12
C11648,4060.966003,1.0,823.1,407.0,416.1,0.0,0.5,0.166667,0.333333,0.0,0,13,11500.0,3347.328701,1220.529171,0.0,12
C13480,670.425221,1.0,349.0,0.0,349.0,0.0,0.166667,0.0,0.083333,0.0,0,2,1950.0,563.652253,218.138964,0.0,12
C14968,15.307062,1.0,71.52,0.0,71.52,0.0,1.0,0.0,0.833333,0.0,0,6,1500.0,55.180487,69.3025,0.25,6
C12894,1485.081634,1.0,48.22,48.22,0.0,106.224702,0.083333,0.083333,0.0,0.083333,1,1,1700.0,338.531014,542.822761,0.0,12
C14947,1906.703614,1.0,780.0,0.0,780.0,0.0,1.0,0.0,1.0,0.0,0,12,3000.0,1338.303471,598.649198,0.0,12
C14534,4408.242337,1.0,324.3,324.3,0.0,3965.922581,0.083333,0.083333,0.0,0.666667,16,2,7000.0,7975.31466,1302.96803,0.166667,12
C15882,47.162463,0.909091,1276.72,810.0,466.72,0.0,0.416667,0.083333,0.333333,0.0,0,5,6000.0,602.244665,94.668806,0.166667,12
C13001,241.097264,1.0,790.6,63.9,726.7,0.0,1.0,0.083333,1.0,0.0,0,42,1500.0,478.948292,168.169675,0.166667,12
C12757,2478.086158,0.727273,531.48,0.0,531.48,6394.923585,0.333333,0.0,0.25,0.083333,1,7,7000.0,11480.8742,772.60429,0.25,12
C11661,5344.347568,1.0,270.02,270.02,0.0,139.701781,0.083333,0.083333,0.0,0.166667,2,2,6000.0,1467.932074,2425.197792,0.0,12
C17770,1361.815512,1.0,1309.72,1106.81,202.91,814.086208,0.916667,0.75,0.916667,0.75,9,53,1700.0,1668.192483,585.993296,0.0,12
C17121,1062.485488,1.0,0.0,0.0,0.0,1356.070364,0.0,0.0,0.0,0.166667,2,0,6500.0,3602.698387,299.351881,0.166667,12
C12337,815.832195,0.5,211.22,83.0,128.22,3214.78962,0.6,0.1,0.5,0.2,23,6,3500.0,1664.863771,168.230369,0.0,10
C11646,70.457831,0.818182,1146.59,650.78,495.81,0.0,0.666667,0.166667,0.5,0.0,0,14,4500.0,904.796957,82.491959,0.5,12
C12513,7593.590618,1.0,0.0,0.0,0.0,3843.962731,0.0,0.0,0.0,0.083333,2,0,8000.0,1534.809766,2012.365718,0.0,12
C14029,316.095114,1.0,89.96,0.0,89.96,0.0,0.416667,0.0,0.416667,0.0,0,5,4700.0,301.153658,202.370136,0.0,12
C11111,3409.130731,1.0,0.0,0.0,0.0,4459.741851,0.0,0.0,0.0,0.666667,14,0,6000.0,2203.045653,1023.380975,0.0,12
C10840,3405.005439,1.0,8.4,8.4,0.0,0.0,1.0,1.0,0.0,0.0,0,12,10500.0,1015.698271,795.091125,0.0,12
C16496,54.055548,0.636364,548.02,0.0,548.02,0.0,0.416667,0.0,0.333333,0.0,0,8,4000.0,695.091566,111.441098,0.4,12
C16939,339.039307,1.0,345.66,45.65,300.01,0.0,0.75,0.083333,0.75,0.0,0,10,1000.0,102.011016,294.47698,0.0,12
C11595,18.218714,0.272727,89.0,0.0,89.0,0.0,0.083333,0.0,0.083333,0.0,0,1,4000.0,1095.921001,173.068884,1.0,12
C16974,2347.486095,1.0,0.0,0.0,0.0,1957.749127,0.0,0.0,0.0,0.428571,9,0,2950.0,3781.991205,3743.011386,0.0,7
C11090,56.536572,1.0,499.92,0.0,499.92,0.0,1.0,0.0,1.0,0.0,0,12,3000.0,496.551862,194.502845,0.416667,12
C15161,62.996845,1.0,779.7,290.0,489.7,0.0,1.0,0.166667,0.833333,0.0,0,14,9000.0,775.601851,155.518201,0.5,12
C11190,4550.717687,1.0,2094.99,1357.0,737.99,2392.186586,1.0,0.5,1.0,0.166667,2,23,7600.0,3172.264416,1091.281356,0.0,12
C11588,1787.535327,1.0,0.0,0.0,0.0,5566.777503,0.0,0.0,0.0,0.25,8,0,7500.0,4592.708912,461.680587,0.0,12
C10484,4458.055159,1.0,0.0,0.0,0.0,2806.959645,0.0,0.0,0.0,0.583333,18,0,7500.0,1088.755323,1189.693931,0.0,12
C11266,408.732898,0.272727,0.0,0.0,0.0,4799.003911,0.0,0.0,0.0,0.083333,1,0,5000.0,19666.29097,678.362107,1.0,12
C13132,1394.445085,1.0,0.0,0.0,0.0,279.693602,0.0,0.0,0.0,0.333333,4,0,1600.0,389.817084,510.935129,0.0,12
C10302,5790.930626,1.0,464.51,399.41,65.1,2516.727082,0.416667,0.25,0.166667,0.166667,6,10,6000.0,1515.594331,2092.915898,0.0,12
C12566,705.645246,1.0,1325.21,1017.21,308.0,0.0,0.75,0.583333,0.416667,0.0,0,14,3000.0,860.265446,227.004657,0.0,12
C16652,7337.853622,1.0,0.0,0.0,0.0,3889.579805,0.0,0.0,0.0,0.75,21,0,9000.0,2526.186156,2075.774372,0.0,12
C18786,117.344883,1.0,661.3,0.0,661.3,477.825546,1.0,0.0,0.9,0.1,1,13,1200.0,562.896648,150.940292,0.25,10
C15055,229.878735,0.272727,0.0,0.0,0.0,928.309409,0.0,0.0,0.0,0.090909,1,0,3000.0,101.7826,203.285024,0.0,11
C13770,6644.82923,1.0,0.0,0.0,0.0,2557.006793,0.0,0.0,0.0,0.25,9,0,7600.0,1648.570068,2284.360915,0.0,12
C11199,76.059828,1.0,927.1,927.1,0.0,0.0,1.0,1.0,0.0,0.0,0,12,1500.0,906.712652,163.265372,1.0,12
C18700,2046.727519,0.818182,1369.72,422.44,947.28,1817.810563,0.75,0.166667,0.666667,0.166667,4,17,2500.0,242.742734,10729.19416,0.0,12
C12297,1380.728565,1.0,0.0,0.0,0.0,126.637116,0.0,0.0,0.0,0.166667,3,0,1500.0,279.782836,515.444012,0.0,12
C14488,1451.584485,1.0,1216.58,561.9,654.68,0.0,0.666667,0.166667,0.666667,0.0,0,12,4000.0,603.722261,318.083871,0.0,12
C13749,980.034696,1.0,275.0,0.0,275.0,0.0,0.916667,0.0,0.916667,0.0,0,11,1000.0,537.693669,649.808406,0.0,12
C15155,3711.955487,1.0,1241.4,626.4,615.0,0.0,0.666667,0.25,0.666667,0.0,0,22,11000.0,848.624102,855.287602,0.0,12
C16804,2382.49454,1.0,0.0,0.0,0.0,2795.907452,0.0,0.0,0.0,0.083333,2,0,3000.0,434.164247,1107.00925,0.0,12
C18980,87.026009,1.0,605.52,0.0,605.52,0.0,1.0,0.0,0.916667,0.0,0,12,1500.0,511.637312,175.012705,0.0,12
C15970,3830.916541,1.0,4065.66,1681.51,2384.15,2411.584248,1.0,0.333333,1.0,0.333333,5,36,5000.0,3811.271434,1169.995934,0.0,12
C10619,1946.447038,1.0,411.38,411.38,0.0,99.078081,0.25,0.25,0.0,0.083333,1,5,2500.0,1403.266638,513.547978,0.0,12
C19073,7.4726,0.333333,63.4,35.09,28.31,0.0,0.222222,0.111111,0.111111,0.0,0,2,500.0,83.417439,106.028116,0.0,9
C15912,626.359675,1.0,2102.13,1091.37,1010.76,1578.03608,1.0,0.833333,0.916667,0.5,23,45,1000.0,3537.414389,228.297707,0.272727,12
C14153,18.354425,0.777778,256.5,0.0,256.5,0.0,0.666667,0.0,0.555556,0.0,0,6,2000.0,306.969886,109.781933,0.8,9
C14541,1241.882057,1.0,94.0,94.0,0.0,234.639631,0.083333,0.083333,0.0,0.083333,1,1,1400.0,539.459472,456.550057,0.0,12
C13115,541.61305,1.0,554.79,554.79,0.0,468.601675,0.916667,0.916667,0.0,0.25,5,12,7000.0,2500.847222,226.781819,0.416667,12
C15889,79.470417,0.727273,601.84,0.0,601.84,0.0,0.583333,0.0,0.5,0.0,0,7,7500.0,799.1846,133.319408,0.363636,12
C18586,142.637508,1.0,1650.0,0.0,1650.0,0.0,0.916667,0.0,0.916667,0.0,0,11,1000.0,1775.123122,177.476329,0.636364,12
C15514,1340.551352,1.0,427.96,331.96,96.0,618.344755,0.5,0.333333,0.416667,0.166667,4,12,1500.0,326.956073,472.486843,0.0,12
C12477,1553.505165,1.0,522.0,0.0,522.0,0.0,1.0,0.0,1.0,0.0,0,14,1000.0,472.580919,15584.09742,0.0,12
C16681,504.248851,1.0,472.09,0.0,472.09,0.0,0.916667,0.0,0.916667,0.0,0,11,1000.0,209.360972,282.381583,0.0,12
C15337,116.172752,0.111111,0.0,0.0,0.0,1867.994674,0.0,0.0,0.0,0.111111,6,0,3000.0,0.0,,0.0,9
C17499,677.778395,0.75,0.0,0.0,0.0,1361.306734,0.0,0.0,0.0,0.125,2,0,1500.0,1515.946459,143.812331,0.0,8
C19166,101.564003,1.0,418.59,0.0,418.59,0.0,0.833333,0.0,0.5,0.0,0,5,1000.0,422.538988,81.389378,0.5,6
C14539,4.908888,0.454545,133.16,0.0,133.16,0.0,0.333333,0.0,0.25,0.0,0,4,6500.0,210.448172,111.554771,0.5,12
C13408,752.26105,1.0,4019.86,3627.86,392.0,5632.549503,0.916667,0.916667,0.583333,0.333333,10,19,3000.0,7574.577354,237.824379,0.875,12
C10994,853.34928,0.8,3209.14,2795.14,414.0,898.013564,0.7,0.6,0.5,0.2,3,28,10000.0,2841.834049,255.098434,0.0,10
C13756,1278.671515,1.0,229.0,229.0,0.0,1444.251462,0.166667,0.166667,0.0,0.25,10,3,1600.0,410.259989,456.099234,0.083333,12
C15106,8.077527,0.545455,125.0,0.0,125.0,0.0,0.545455,0.0,0.454545,0.0,0,6,1500.0,155.940858,97.910986,0.714286,11
C16627,218.280031,1.0,939.14,939.14,0.0,0.0,0.727273,0.727273,0.0,0.0,0,8,5000.0,969.130835,168.33379,0.0,11
C14844,5975.063353,1.0,345.3,345.3,0.0,3599.222154,0.166667,0.166667,0.0,0.666667,18,2,6500.0,2010.926039,2784.103858,0.0,12
C11799,3646.04461,1.0,0.0,0.0,0.0,949.437186,0.0,0.0,0.0,0.25,4,0,8000.0,975.508088,897.29515,0.0,12
C10966,3122.171879,1.0,974.3,712.3,262.0,189.408446,0.75,0.583333,0.416667,0.416667,5,21,3000.0,1520.760286,2019.977973,0.0,12
C14759,244.653051,1.0,1181.03,607.4,573.63,0.0,0.666667,0.166667,0.666667,0.0,0,15,4500.0,1047.448996,181.476998,0.5,12
C19007,736.724142,1.0,421.96,0.0,421.96,1001.547474,1.0,0.0,0.909091,0.272727,14,11,1000.0,555.342356,586.9257,0.0,11
C16977,424.994385,0.375,1200.0,1200.0,0.0,0.0,0.125,0.125,0.0,0.0,0,1,1200.0,57.266292,56.72021,0.0,8
C16494,2304.470294,1.0,1201.97,374.24,827.73,1009.853215,1.0,0.666667,1.0,0.166667,4,36,3000.0,1254.356926,1050.329485,0.0,12
C11091,39.37618,1.0,256.5,0.0,256.5,0.0,0.75,0.0,0.666667,0.0,0,9,1200.0,164.37267,131.106729,0.166667,12
C15560,1038.573059,1.0,1023.76,855.9,167.86,0.0,0.909091,0.272727,0.818182,0.0,0,18,1600.0,811.701446,327.262906,0.0,11
C17224,1522.680962,1.0,0.0,0.0,0.0,272.151183,0.0,0.0,0.0,0.083333,3,0,6500.0,592.120457,374.842938,0.0,12
C16031,282.070933,1.0,1926.19,569.8,1356.39,500.865079,1.0,0.333333,0.916667,0.333333,6,43,7000.0,2609.18811,189.423175,0.333333,12
C11825,1377.812538,1.0,14300.98,10394.67,3906.31,0.0,1.0,0.916667,0.916667,0.0,0,55,18000.0,13535.67697,352.090849,1.0,12
C13035,978.567283,1.0,1401.54,0.0,1401.54,0.0,1.0,0.0,1.0,0.0,0,14,4500.0,1769.181653,302.284864,0.0,12
C16522,971.723256,1.0,1853.7,966.14,887.56,319.449176,1.0,0.416667,1.0,0.25,3,26,3500.0,513.439153,252.114517,0.0,12
C15431,2172.893325,0.909091,416.74,0.0,416.74,0.0,0.416667,0.0,0.333333,0.0,0,5,3000.0,3905.486286,1080.480612,0.1,12
C13790,1418.854925,1.0,0.0,0.0,0.0,121.072144,0.0,0.0,0.0,0.083333,1,0,1500.0,275.722064,408.666535,0.0,12
C10960,634.825209,1.0,1478.36,1343.45,134.91,0.0,0.5,0.416667,0.166667,0.0,0,12,1200.0,1371.998686,336.282655,0.0,12
C12190,2508.405988,1.0,875.05,509.9,365.15,0.0,1.0,0.5,1.0,0.0,0,29,2600.0,1261.11301,1209.124265,0.0,12
C18097,202.681879,1.0,312.5,312.5,0.0,170.577213,0.166667,0.166667,0.0,0.166667,2,3,500.0,188.382752,208.991873,0.0,12
C18613,213.233979,0.909091,2140.96,165.79,1975.17,0.0,0.833333,0.166667,0.583333,0.0,0,30,2500.0,2152.256934,197.031451,0.444444,12
C17443,18.957284,0.636364,187.25,0.0,187.25,0.0,0.583333,0.0,0.583333,0.0,0,7,3000.0,296.967289,147.013046,0.714286,12
C17324,613.259699,1.0,0.0,0.0,0.0,57.112427,0.0,0.0,0.0,0.083333,2,0,700.0,241.173093,255.32232,0.0,12
C14342,77.684147,1.0,431.28,0.0,431.28,0.0,1.0,0.0,0.875,0.0,0,8,1000.0,342.768161,108.523334,0.333333,8
C17546,14.869439,0.818182,391.68,0.0,391.68,0.0,0.833333,0.0,0.833333,0.0,0,10,1500.0,442.402951,157.621718,1.0,12
C16911,179.357206,1.0,497.15,497.15,0.0,0.0,0.416667,0.416667,0.0,0.0,0,6,1200.0,291.121154,180.093054,0.0,12
C14518,10.05473,0.454545,530.0,0.0,530.0,0.0,0.916667,0.0,0.916667,0.0,0,12,1000.0,538.553454,49.080612,0.0,12
C17880,1610.489628,1.0,0.0,0.0,0.0,811.491192,0.0,0.0,0.0,0.25,3,0,2000.0,383.426341,362.428606,0.0,12
C15715,844.230511,1.0,615.0,336.0,279.0,0.0,0.666667,0.25,0.416667,0.0,0,9,1500.0,1028.163341,183.039309,0.0,12
C17957,82.470475,0.545455,282.75,0.0,282.75,0.0,0.25,0.0,0.25,0.0,0,3,1000.0,563.922891,84.236228,0.0,12
C15409,894.357857,1.0,1164.0,0.0,1164.0,0.0,1.0,0.0,1.0,0.0,0,12,2000.0,907.603723,270.413449,0.0,12
C13622,3193.320102,1.0,1887.25,1103.23,784.02,0.0,1.0,0.833333,1.0,0.0,0,48,10500.0,8817.138726,662.651314,0.166667,12
C18847,110.913143,1.0,2339.3,2098.46,240.84,252.018346,0.666667,0.666667,0.5,0.166667,5,34,500.0,1275.716405,121.245525,0.285714,12
C12160,120.220573,1.0,1348.08,230.43,1117.65,0.0,1.0,0.583333,1.0,0.0,0,50,12000.0,1196.209266,183.557875,0.75,12
C13012,2136.814161,1.0,0.0,0.0,0.0,2120.653422,0.0,0.0,0.0,0.333333,5,0,6000.0,1164.792197,527.241747,0.0,12
C17702,794.661653,1.0,329.96,329.96,0.0,0.0,0.083333,0.083333,0.0,0.0,0,1,2000.0,703.606,166.000398,0.0,12
C15362,1753.27998,1.0,245.85,245.85,0.0,468.567126,0.333333,0.333333,0.0,0.25,5,4,1800.0,955.297792,686.649339,0.0,12
C10505,473.840442,0.727273,0.0,0.0,0.0,818.124484,0.0,0.0,0.0,0.333333,12,0,3000.0,142.286073,164.391437,0.0,12
C15207,111.449845,1.0,1389.94,0.0,1389.94,0.0,1.0,0.0,1.0,0.0,0,24,1300.0,1356.270465,167.215217,1.0,12
C13671,2822.483318,1.0,1203.05,780.13,422.92,3521.075329,0.583333,0.5,0.166667,0.583333,10,16,8500.0,4359.919494,624.012723,0.083333,12
C17367,1443.146299,1.0,235.4,0.0,235.4,615.789083,0.5,0.0,0.5,0.25,4,6,1800.0,831.048408,483.442294,0.0,12
C10475,395.052994,1.0,1239.46,752.28,487.18,0.0,0.666667,0.416667,0.416667,0.0,0,14,1500.0,401.217047,177.766827,0.0,12
C13373,1179.878115,1.0,0.0,0.0,0.0,127.034,0.0,0.0,0.0,0.333333,4,0,1200.0,400.481025,355.300563,0.0,12
C11552,109.681353,1.0,2118.66,0.0,2118.66,0.0,0.916667,0.0,0.916667,0.0,0,17,3000.0,2272.075479,153.071572,1.0,12
C18138,216.64893,1.0,4606.71,3217.43,1389.28,0.0,1.0,0.4,0.7,0.0,0,22,2000.0,2251.966666,131.425363,1.0,10
C12718,1510.111755,1.0,1895.25,541.57,1353.68,0.0,1.0,0.166667,0.75,0.0,0,23,9000.0,1711.89518,313.131912,0.0,12
C14067,3177.232656,1.0,5877.73,5430.68,447.05,0.0,1.0,1.0,1.0,0.0,0,100,6000.0,6686.89278,1475.596139,0.0,12
C11103,4069.525304,1.0,259.84,211.51,48.33,1731.958401,0.166667,0.166667,0.083333,0.25,12,4,7500.0,1105.027682,1586.594493,0.0,12
C17465,133.797452,0.636364,2460.0,0.0,2460.0,0.0,0.583333,0.0,0.5,0.0,0,24,2500.0,3601.545344,131.732911,1.0,12
C10341,2669.160638,1.0,0.0,0.0,0.0,142.141325,0.0,0.0,0.0,0.166667,2,0,3000.0,642.777061,1122.076137,0.0,12
C17711,108.857699,1.0,3224.34,3224.34,0.0,0.0,1.0,1.0,0.0,0.0,0,39,1500.0,2752.565833,123.696831,1.0,12
C12952,234.544023,1.0,2453.46,408.97,2044.49,0.0,1.0,0.333333,1.0,0.0,0,54,6500.0,2869.929774,199.539528,0.75,12
C12573,5236.290986,1.0,1780.79,1080.65,700.14,657.93913,1.0,0.666667,1.0,0.166667,5,93,17000.0,1230.806488,1182.650916,0.0,12
C19024,2133.665075,0.9,320.0,320.0,0.0,2271.859787,0.1,0.1,0.0,0.2,9,2,2500.0,756.60668,1032.825027,0.0,10
C14449,852.001697,0.727273,372.36,0.0,372.36,1655.625508,0.416667,0.0,0.416667,0.166667,3,5,4000.0,347.937039,262.219868,0.0,12
C13092,1369.969909,1.0,1770.0,1770.0,0.0,460.484164,0.166667,0.166667,0.0,0.083333,1,2,1800.0,1692.52541,365.78324,0.0,12
C10775,1274.851959,1.0,1798.24,144.86,1653.38,756.233501,1.0,0.166667,0.916667,0.166667,3,17,1500.0,1340.224464,1732.955307,0.0,12
C13723,294.338354,1.0,1851.48,0.0,1851.48,0.0,1.0,0.0,1.0,0.0,0,12,1400.0,1479.799263,197.087803,0.0,12
C11205,3222.221884,1.0,356.4,356.4,0.0,1709.973124,0.166667,0.166667,0.0,0.166667,5,5,3500.0,835.314447,1171.515143,0.0,12
C13116,1919.443036,1.0,0.0,0.0,0.0,5427.830151,0.0,0.0,0.0,0.333333,7,0,5500.0,2936.557193,626.771938,0.0,12
C15274,1667.146414,1.0,4343.82,3818.84,524.98,0.0,0.916667,0.75,0.666667,0.0,0,39,7500.0,3798.443473,425.9899,0.0,12
C11367,245.199649,1.0,2241.84,2241.84,0.0,0.0,0.916667,0.916667,0.0,0.0,0,27,6000.0,2033.297863,161.507699,0.2,12
C15503,1268.584315,1.0,1835.93,255.32,1580.61,674.180105,1.0,0.25,1.0,0.083333,1,30,1200.0,3021.605454,3148.909502,0.083333,12
C12681,4805.164203,1.0,0.0,0.0,0.0,949.587804,0.0,0.0,0.0,0.083333,2,0,8500.0,1260.875219,1622.411952,0.0,12
C17103,1157.005745,1.0,0.0,0.0,0.0,476.711979,0.0,0.0,0.0,0.583333,11,0,1200.0,855.075968,794.131569,0.0,12
C18995,44.505527,1.0,401.76,0.0,401.76,0.0,0.916667,0.0,0.916667,0.0,0,12,1500.0,291.089279,165.163582,0.6,12
C17165,0.41367,0.181818,1187.42,1187.42,0.0,0.0,0.916667,0.916667,0.0,0.0,0,11,6000.0,1214.034802,9.925051,0.0,12
C19158,1880.817982,1.0,0.0,0.0,0.0,2335.94993,0.0,0.0,0.0,0.333333,5,0,2500.0,221.56819,374.197621,0.0,6
C16315,1299.904896,0.888889,0.0,0.0,0.0,4907.783225,0.0,0.0,0.0,0.444444,6,0,2500.0,3710.009991,303.089369,0.166667,9
C14544,1494.221853,1.0,356.62,308.26,48.36,0.0,0.333333,0.25,0.166667,0.0,0,6,1600.0,641.34086,663.87709,0.0,12
C14275,123.396703,0.545455,0.0,0.0,0.0,1196.579583,0.0,0.0,0.0,0.166667,2,0,7000.0,2591.841437,111.691332,0.25,12
C13389,1132.615315,1.0,136.19,136.19,0.0,0.0,0.166667,0.166667,0.0,0.0,0,2,5100.0,346.986446,407.889131,0.0,12
C14285,24.976709,1.0,720.6,720.6,0.0,18.985087,1.0,1.0,0.0,0.083333,1,12,9000.0,664.033022,3.19794,0.0,12
C11166,26.787185,0.272727,114.0,114.0,0.0,0.0,0.083333,0.083333,0.0,0.0,0,1,1200.0,333.794157,124.494411,0.0,12
C13596,4345.879999,1.0,0.0,0.0,0.0,5114.886055,0.0,0.0,0.0,0.166667,5,0,5000.0,1035.564747,1546.857439,0.0,12
C12279,7764.210895,1.0,90.0,90.0,0.0,4032.071583,0.083333,0.083333,0.0,0.583333,13,1,11150.0,1566.916181,2091.528879,0.0,12
C13142,84.783684,1.0,203.6,0.0,203.6,0.0,0.666667,0.0,0.666667,0.0,0,8,1500.0,206.472169,166.325041,0.0,12
C16794,106.752843,0.727273,865.27,637.89,227.38,0.0,0.583333,0.583333,0.5,0.0,0,25,2000.0,1229.490211,139.989439,0.111111,12
C11186,7638.382236,1.0,0.0,0.0,0.0,1405.776254,0.0,0.0,0.0,0.083333,4,0,15500.0,2284.390267,1970.352152,0.0,12
C11796,1118.086877,1.0,128.8,0.0,128.8,0.0,0.166667,0.0,0.166667,0.0,0,2,1200.0,277.766526,436.577474,0.0,12
C18606,13.962944,1.0,136.92,0.0,136.92,0.0,1.0,0.0,1.0,0.0,0,12,1000.0,134.366455,136.997509,0.416667,12
C14460,8.820992,0.7,91.46,91.46,0.0,0.0,0.2,0.2,0.0,0.0,0,2,1500.0,77.334707,46.086964,0.0,10
C16147,4663.039011,1.0,3908.26,3908.26,0.0,0.0,1.0,1.0,0.0,0.0,0,12,9000.0,2226.722088,1145.197102,0.0,12
C13222,432.058764,1.0,817.62,254.14,563.48,0.0,0.916667,0.25,0.666667,0.0,0,25,5100.0,2797.052769,314.307392,0.0,12
C11542,4393.185874,1.0,0.0,0.0,0.0,10725.50074,0.0,0.0,0.0,0.5,21,0,8000.0,5943.975673,1631.426308,0.090909,12
C10691,2331.38017,1.0,1919.66,1310.9,608.76,0.0,0.916667,0.416667,0.75,0.0,0,34,6000.0,6725.483653,609.161536,0.0,12
C14272,180.32895,1.0,810.6,0.0,810.6,0.0,0.916667,0.0,0.833333,0.0,0,20,2500.0,700.22051,200.518843,0.0,12
C10872,3616.993845,0.888889,0.0,0.0,0.0,4947.781762,0.0,0.0,0.0,0.555556,7,0,5500.0,529.726072,1294.501736,0.0,9
C12187,1189.665497,0.909091,0.0,0.0,0.0,1454.884966,0.0,0.0,0.0,0.083333,3,0,1500.0,1656.765938,364.18588,0.0,12
C15713,1594.328636,1.0,0.0,0.0,0.0,2880.609563,0.0,0.0,0.0,0.333333,19,0,3000.0,348.795318,510.986097,0.0,12
C13942,521.38404,0.909091,0.0,0.0,0.0,1001.605022,0.0,0.0,0.0,0.166667,3,0,1150.0,1220.262003,146.169349,0.1,12
C18236,1377.40225,1.0,180.0,180.0,0.0,348.436666,0.142857,0.142857,0.0,0.428571,3,1,1500.0,251.870405,247.576103,0.0,7
C14985,3024.642476,1.0,0.0,0.0,0.0,2381.716886,0.0,0.0,0.0,0.083333,2,0,8000.0,578.458133,1031.5915,0.0,12
C16048,21.494012,0.545455,417.0,0.0,417.0,0.0,0.416667,0.0,0.416667,0.0,0,6,5000.0,394.135239,97.638234,0.454545,12
C10864,1437.895562,1.0,350.0,0.0,350.0,0.0,0.166667,0.0,0.166667,0.0,0,2,4000.0,0.0,,0.0,12
C16980,3695.634133,1.0,0.0,0.0,0.0,2438.708269,0.0,0.0,0.0,0.416667,8,0,4000.0,973.155092,1525.998307,0.0,12
C11581,6.576315,0.272727,74.49,0.0,74.49,0.0,0.25,0.0,0.166667,0.0,0,3,4000.0,45.19561,42.397448,0.166667,12
C16105,112.01654,0.636364,825.0,600.0,225.0,0.0,0.5,0.083333,0.416667,0.0,0,7,3000.0,218.826147,190.513321,0.2,12
C18317,1141.905542,1.0,8.4,8.4,0.0,54.519422,1.0,1.0,0.0,0.083333,2,12,1200.0,290.133362,516.511551,0.0,12
C19061,48.161019,0.777778,318.05,166.8,151.25,0.0,0.444444,0.111111,0.222222,0.0,0,8,1200.0,425.122515,72.507248,0.0,9
C18452,514.17242,1.0,45.65,45.65,0.0,0.0,0.083333,0.083333,0.0,0.0,0,1,1000.0,103.945858,1879.235176,0.0,12
C15275,1648.701838,1.0,740.7,650.9,89.8,0.0,0.5,0.5,0.166667,0.0,0,12,2500.0,885.070007,366.004256,0.0,12
C13167,1360.795674,1.0,0.0,0.0,0.0,462.861443,0.0,0.0,0.0,0.272727,6,0,1500.0,303.031979,443.781316,0.0,11
C17063,368.687038,0.818182,0.0,0.0,0.0,1587.748905,0.0,0.0,0.0,0.083333,1,0,2000.0,2115.925455,217.791398,0.0,12
C16658,395.722912,1.0,1837.15,1534.65,302.5,0.0,1.0,0.916667,0.916667,0.0,0,62,2000.0,914.845569,279.508067,0.5,12
C15811,1930.738051,0.9,0.0,0.0,0.0,2396.848186,0.0,0.0,0.0,0.1,2,0,2500.0,364.208749,710.889925,0.0,10
C12651,5097.916969,1.0,139.67,139.67,0.0,3365.390269,0.5,0.5,0.0,0.25,22,6,6000.0,3313.162847,2759.80377,0.0,12
C15368,1453.608861,1.0,4656.79,3853.49,803.3,0.0,1.0,1.0,0.5,0.0,0,70,11500.0,1158.648328,454.273077,0.0,12
C11877,9303.557117,1.0,6133.01,4045.67,2087.34,1895.60877,1.0,1.0,1.0,0.833333,23,115,12500.0,4054.579469,2998.465025,0.0,12
C12783,2865.386926,1.0,0.0,0.0,0.0,965.180677,0.0,0.0,0.0,0.416667,7,0,6500.0,1186.905688,726.990921,0.0,12
C14207,6629.045062,1.0,0.0,0.0,0.0,12178.96258,0.0,0.0,0.0,0.833333,31,0,8000.0,10117.7115,2189.436372,0.0,12
C10564,2454.610005,1.0,1635.69,0.0,1635.69,486.813976,1.0,0.0,1.0,0.083333,1,33,3000.0,1442.488419,1113.097672,0.0,12
C10626,2071.736764,0.909091,0.0,0.0,0.0,199.214973,0.0,0.0,0.0,0.363636,4,0,2100.0,553.00439,570.229181,0.0,11
C13039,256.182628,0.181818,111.39,111.39,0.0,0.0,0.166667,0.166667,0.0,0.0,0,4,10000.0,16842.39187,751.683377,0.333333,12
C13525,140.715619,0.888889,1562.4,0.0,1562.4,0.0,0.888889,0.0,0.888889,0.0,0,12,2500.0,1140.945539,134.478322,0.222222,9
C18258,2935.397877,1.0,0.0,0.0,0.0,343.694226,0.0,0.0,0.0,0.333333,10,0,3000.0,949.675235,2723.330171,0.0,12
C16505,2470.787327,1.0,0.0,0.0,0.0,1715.518342,0.0,0.0,0.0,0.416667,6,0,4000.0,593.427752,585.836711,0.0,12
C15298,581.916416,1.0,5723.9,3780.51,1943.39,0.0,1.0,1.0,1.0,0.0,0,130,7500.0,5666.333186,186.941527,1.0,12
C13497,3732.224017,1.0,0.0,0.0,0.0,2167.305318,0.0,0.0,0.0,0.833333,23,0,4500.0,1086.72505,1535.949295,0.0,12
C17690,5482.204366,1.0,0.0,0.0,0.0,4948.907169,0.0,0.0,0.0,0.5,15,0,9000.0,1343.176056,1666.085318,0.0,12
C16959,856.619236,0.9,0.0,0.0,0.0,18.117967,0.0,0.0,0.0,0.1,1,0,900.0,220.18909,251.365035,0.0,10
C18697,602.210858,1.0,965.0,965.0,0.0,0.0,0.25,0.25,0.0,0.0,0,5,1200.0,258.748232,210.582556,0.0,12
C13181,950.31308,1.0,1022.84,1022.84,0.0,0.0,0.166667,0.166667,0.0,0.0,0,5,1500.0,818.113846,2083.026155,0.0,12
C15090,63.928065,1.0,183.6,0.0,183.6,0.0,1.0,0.0,1.0,0.0,0,12,1500.0,141.055898,171.950243,0.0,12
C17437,150.071799,0.818182,1800.0,0.0,1800.0,0.0,0.75,0.0,0.666667,0.0,0,9,5000.0,2021.257541,166.582953,1.0,12
C17079,31.475251,1.0,479.96,0.0,479.96,0.0,1.0,0.0,1.0,0.0,0,35,2500.0,431.591387,176.765922,1.0,12
C10426,62.287137,1.0,1263.29,279.99,983.3,0.0,1.0,1.0,0.583333,0.0,0,25,9500.0,1356.425369,179.894243,0.4,12
C17941,1845.623354,1.0,480.9,399.62,81.28,1898.921039,0.5,0.166667,0.333333,0.5,27,9,3000.0,1351.296989,881.446699,0.0,12
C11609,110.400892,1.0,486.72,0.0,486.72,0.0,1.0,0.0,0.916667,0.0,0,12,1000.0,278.441988,207.232063,0.1,12
C17344,228.025747,1.0,2159.68,598.02,1561.66,0.0,1.0,0.333333,1.0,0.0,0,46,3000.0,2161.393568,195.40184,0.5,12
C10770,1560.533094,0.777778,749.57,209.77,539.8,4096.907903,0.666667,0.222222,0.444444,0.666667,19,7,6000.0,617.46628,414.824247,0.0,9
C16059,2932.111796,1.0,346.32,346.32,0.0,2631.304016,0.333333,0.333333,0.0,0.333333,10,9,6000.0,597.5143,784.577784,0.0,12
C13578,3774.277331,0.7,0.0,0.0,0.0,7911.027809,0.0,0.0,0.0,0.5,11,0,9000.0,897.98134,1584.979751,0.0,10
C14393,306.115129,0.454545,0.0,0.0,0.0,991.835378,0.0,0.0,0.0,0.083333,1,0,1200.0,2653.659381,155.681898,0.2,12
C13856,5825.470945,1.0,633.11,0.0,633.11,1249.383941,0.25,0.0,0.166667,0.666667,10,32,6700.0,1697.035816,1817.190813,0.0,12
C12493,1264.152747,1.0,2358.28,2171.8,186.48,144.017573,1.0,0.5,0.833333,0.166667,2,28,2500.0,1175.753031,330.579046,0.166667,12
C18229,2162.267501,1.0,151.13,151.13,0.0,1005.55853,0.166667,0.166667,0.0,0.166667,3,3,2500.0,466.376831,619.460541,0.0,12
C14885,10929.05958,1.0,675.89,500.39,175.5,1521.869211,0.916667,0.25,0.666667,0.333333,12,12,12000.0,2639.956641,3049.937917,0.0,12
C15600,226.34624,1.0,2206.74,2206.74,0.0,0.0,1.0,1.0,0.0,0.0,0,24,10000.0,1891.000067,204.477134,0.818182,12
C16308,7.331662,0.090909,90.66,0.0,90.66,0.0,0.083333,0.0,0.083333,0.0,0,1,3000.0,0.0,,0.0,12
C17268,1106.815562,1.0,0.0,0.0,0.0,176.181983,0.0,0.0,0.0,0.166667,3,0,1200.0,310.991074,269.927525,0.0,12
C13235,1884.252524,1.0,1358.88,116.63,1242.25,0.0,1.0,0.166667,1.0,0.0,0,79,1200.0,303.560901,18959.86938,0.0,12
C15041,1409.256223,0.9,4569.65,1748.94,2820.71,3883.517967,0.7,0.6,0.6,0.4,5,24,30000.0,5772.813158,472.103929,0.0,10
C11478,1227.548135,1.0,322.0,0.0,322.0,0.0,0.583333,0.0,0.583333,0.0,0,13,1000.0,133.36143,9285.151136,0.0,12
C13648,4025.646358,1.0,0.0,0.0,0.0,1189.418695,0.0,0.0,0.0,0.25,3,0,5650.0,1138.104685,1210.778254,0.0,12
C13423,1525.063274,1.0,150.0,150.0,0.0,264.96017,0.083333,0.083333,0.0,0.083333,1,3,1800.0,733.240634,469.758727,0.0,12
C15572,391.755763,1.0,575.72,400.72,175.0,0.0,0.833333,0.416667,0.5,0.0,0,13,10500.0,1631.594511,269.311255,0.333333,12
C18953,477.847191,1.0,1006.0,942.12,63.88,0.0,0.833333,0.75,0.166667,0.0,0,24,500.0,561.212055,459.735118,0.0,12
C17223,1458.219714,1.0,701.52,0.0,701.52,0.0,0.583333,0.0,0.5,0.0,0,13,1500.0,612.91894,1827.848509,0.0,12
C10629,2469.665655,1.0,963.13,963.13,0.0,0.0,0.666667,0.666667,0.0,0.0,0,16,7000.0,566.87028,639.521888,0.0,12
C10257,9612.21512,1.0,319.92,0.0,319.92,13439.5704,1.0,0.0,1.0,0.416667,12,12,12000.0,10993.89211,2501.560923,0.0,12
C13232,870.774939,1.0,169.03,20.0,149.03,432.747965,0.666667,0.083333,0.5,0.083333,1,8,5000.0,444.462463,309.646636,0.0,12
C14133,196.967268,1.0,1915.07,1808.25,106.82,0.0,1.0,1.0,0.833333,0.0,0,67,7500.0,1776.394323,175.483698,1.0,12
C12081,2567.090886,1.0,1875.54,546.14,1329.4,598.035427,1.0,0.333333,1.0,0.333333,5,52,3900.0,772.320791,632.994269,0.0,12
C16981,14.480094,0.571429,134.6,0.0,134.6,0.0,0.571429,0.0,0.428571,0.0,0,4,3000.0,155.845232,102.333285,1.0,7
C10274,7755.698607,1.0,8533.54,4072.76,4460.78,7540.30735,1.0,0.5,0.833333,0.5,12,72,10000.0,4758.209146,7256.951816,0.0,6
C17563,443.558578,1.0,26.09,26.09,0.0,646.932676,0.083333,0.083333,0.0,0.5,16,4,1200.0,1218.866837,200.752923,0.083333,12
C10256,6.390383,1.0,79.66,0.0,79.66,0.0,1.0,0.0,1.0,0.0,0,12,1500.0,75.896288,75.967742,0.0,12
C10463,51.818382,0.454545,903.36,903.36,0.0,0.0,0.25,0.25,0.0,0.0,0,6,15000.0,538.841222,41.302445,0.0,12
C10883,992.599867,1.0,100.0,100.0,0.0,593.181763,0.083333,0.083333,0.0,0.166667,3,1,1200.0,0.0,,0.0,12
C13448,5926.922151,1.0,2325.75,2325.75,0.0,461.862131,0.5,0.5,0.0,0.25,3,25,13000.0,1489.518098,1644.757535,0.0,12
C16498,533.512148,1.0,2243.99,1543.99,700.0,949.859862,1.0,0.583333,0.916667,0.083333,1,30,7000.0,2522.034983,269.921984,0.333333,12
C17973,9.113909,1.0,106.56,0.0,106.56,0.0,1.0,0.0,1.0,0.0,0,12,3000.0,110.590507,55.716728,0.909091,12
C10206,5698.539876,1.0,47.55,0.0,47.55,2039.52804,0.166667,0.0,0.166667,0.75,14,2,6000.0,2976.579866,3463.174962,0.0,12
C10556,1112.070216,1.0,179.24,59.0,120.24,0.0,0.416667,0.083333,0.333333,0.0,0,7,4000.0,217.546584,368.652894,0.0,12
C12374,1135.629139,1.0,398.64,0.0,398.64,0.0,1.0,0.0,1.0,0.0,0,12,1500.0,364.300862,449.07262,0.0,12
C17452,745.774052,1.0,0.0,0.0,0.0,1221.85443,0.0,0.0,0.0,0.25,6,0,5000.0,1169.235129,242.84674,0.0,12
C18663,139.396168,0.545455,290.0,290.0,0.0,1128.392928,0.083333,0.083333,0.0,0.333333,4,1,1000.0,2988.236538,169.978474,0.0,12
C15210,49.378783,0.375,542.34,542.34,0.0,0.0,0.25,0.25,0.0,0.0,0,3,2700.0,387.944071,113.60971,1.0,8
C10473,87.442862,0.818182,786.32,186.32,600.0,0.0,0.636364,0.090909,0.545455,0.0,0,7,7500.0,881.284581,97.186371,0.666667,11
C15330,740.704213,0.545455,1311.76,524.8,786.96,0.0,0.416667,0.083333,0.333333,0.0,0,14,3500.0,5149.432038,277.233099,0.0,12
C19014,31.050921,1.0,446.05,0.0,446.05,0.0,1.0,0.0,0.909091,0.0,0,11,1000.0,387.745745,158.394845,1.0,11
C17887,1096.517209,0.833333,0.0,0.0,0.0,2408.490506,0.0,0.0,0.0,0.666667,6,0,2000.0,822.741522,171.049246,0.0,6
C13727,4229.914629,0.909091,1631.85,1631.85,0.0,4350.228299,0.416667,0.416667,0.0,0.083333,1,9,10000.0,6211.694188,1157.178012,0.0,12
C19093,16.690388,0.375,123.5,0.0,123.5,0.0,0.375,0.0,0.25,0.0,0,5,1500.0,191.654044,113.910529,0.0,8
C15026,827.255067,1.0,281.97,0.0,281.97,0.0,0.416667,0.0,0.416667,0.0,0,5,1000.0,298.808637,232.286208,0.0,12
C15975,2421.144942,1.0,2685.48,945.1,1740.38,92.6579,1.0,0.5,0.916667,0.166667,3,42,4500.0,2010.800224,576.081228,0.0,12
C13114,72.518075,1.0,525.0,0.0,525.0,0.0,1.0,0.0,1.0,0.0,0,12,1000.0,553.4725,181.029848,0.4,12
C11610,3232.346639,1.0,0.0,0.0,0.0,172.063782,0.0,0.0,0.0,0.333333,8,0,3500.0,664.715954,1567.921939,0.0,12
C19152,30.709172,0.285714,693.42,0.0,693.42,0.0,0.714286,0.0,0.571429,0.0,0,7,1000.0,1154.520085,15.853873,0.0,7
C17402,39.105741,0.545455,220.0,220.0,0.0,0.0,0.083333,0.083333,0.0,0.0,0,1,3000.0,427.409497,98.429502,0.0,12
C11668,1728.275923,1.0,628.56,0.0,628.56,0.0,1.0,0.0,1.0,0.0,0,24,6000.0,1217.960916,440.321862,0.0,12
C18827,16.887571,0.363636,1083.0,1083.0,0.0,0.0,0.25,0.25,0.0,0.0,0,3,1200.0,3905.430817,,0.0,12
C19058,87.704546,1.0,352.83,0.0,352.83,0.0,1.0,0.0,0.888889,0.0,0,12,1000.0,231.563721,132.432847,0.285714,9
C11835,2286.9003,0.909091,4536.48,3275.0,1261.48,0.0,1.0,0.333333,1.0,0.0,0,37,4000.0,5981.014712,1542.926815,0.0,12
C15687,1866.428342,1.0,3306.06,549.0,2757.06,0.0,1.0,0.166667,1.0,0.0,0,54,5000.0,2248.341145,431.796784,0.0,12
C16690,3759.848908,1.0,7472.37,6845.82,626.55,0.0,1.0,1.0,0.75,0.0,0,54,8500.0,5001.440215,926.454371,0.083333,12
C15162,22.879526,0.833333,171.0,0.0,171.0,0.0,0.833333,0.0,0.5,0.0,0,7,1500.0,152.51735,85.653871,1.0,6
C10226,7.56809,0.545455,144.26,67.08,77.18,0.0,0.333333,0.083333,0.166667,0.0,0,7,11500.0,134.710832,75.515008,0.111111,12
C11040,250.123525,0.909091,2655.99,2655.99,0.0,0.0,0.916667,0.916667,0.0,0.0,0,21,3600.0,3155.89347,168.814522,0.727273,12
C16861,1690.244293,1.0,0.0,0.0,0.0,272.677146,0.0,0.0,0.0,0.083333,1,0,3000.0,547.687792,439.251584,0.0,12
C14818,825.347767,1.0,0.0,0.0,0.0,105.877591,0.0,0.0,0.0,0.083333,1,0,1200.0,426.206835,217.958559,0.0,12
C17460,1150.867752,1.0,108.0,0.0,108.0,0.0,0.333333,0.0,0.333333,0.0,0,4,1000.0,98.195732,9448.613073,0.0,12
C12968,1902.444082,1.0,0.0,0.0,0.0,2272.984507,0.0,0.0,0.0,0.083333,3,0,2500.0,2751.373324,650.087006,0.083333,12
C16776,917.531824,1.0,0.0,0.0,0.0,1273.778445,0.0,0.0,0.0,0.083333,1,0,1600.0,1498.695114,331.493084,0.083333,12
C15846,445.179998,1.0,0.0,0.0,0.0,58.770943,0.0,0.0,0.0,0.25,3,0,500.0,197.851349,214.062758,0.0,12
C11469,21.986298,0.454545,568.78,208.78,360.0,0.0,0.416667,0.083333,0.333333,0.0,0,10,3800.0,1448.573986,83.666499,0.0,12
C13554,1995.332004,1.0,0.0,0.0,0.0,209.970707,0.0,0.0,0.0,0.416667,5,0,2000.0,510.542442,923.312273,0.0,12
C10702,278.142977,1.0,1901.94,367.0,1534.94,0.0,1.0,0.166667,1.0,0.0,0,34,4500.0,1624.241905,168.938924,0.0,12
C16798,1100.505764,1.0,220.0,220.0,0.0,0.0,0.166667,0.166667,0.0,0.0,0,2,1200.0,344.856423,623.734943,0.0,12
C12590,7442.599092,1.0,1080.0,0.0,1080.0,3968.684047,0.666667,0.0,0.666667,0.25,29,24,8500.0,4365.058558,6019.766066,0.0,12
C10238,2723.369217,0.909091,10410.49,1158.84,9251.65,0.0,0.75,0.666667,0.583333,0.0,0,41,19500.0,9695.650901,726.696049,0.363636,12
C17108,20.42609,0.272727,114.0,114.0,0.0,0.0,0.083333,0.083333,0.0,0.0,0,1,4000.0,520.598144,99.093617,0.0,12
C18666,5484.339435,1.0,0.0,0.0,0.0,5990.590134,0.0,0.0,0.0,0.25,14,0,6000.0,1229.434538,2453.164396,0.0,12
C16524,1346.777622,1.0,1798.15,357.8,1440.35,0.0,1.0,0.25,1.0,0.0,0,40,1500.0,1213.489835,712.170112,0.0,12
C15361,1322.579742,1.0,453.0,453.0,0.0,0.0,0.5,0.5,0.0,0.0,0,7,1800.0,616.31303,317.061706,0.0,12
C18477,383.965702,1.0,3552.44,3552.44,0.0,0.0,0.916667,0.916667,0.0,0.0,0,42,10500.0,3446.294572,228.639344,1.0,12
C16394,1049.109012,1.0,200.02,0.0,200.02,0.0,0.5,0.0,0.5,0.0,0,6,1000.0,548.458069,992.622332,0.0,12
C17010,1806.845374,1.0,0.0,0.0,0.0,3525.726761,0.0,0.0,0.0,0.583333,24,0,6000.0,587.553145,608.345463,0.0,12
C17507,31.872458,0.636364,394.0,0.0,394.0,0.0,0.416667,0.0,0.25,0.0,0,6,1500.0,778.621541,154.099558,1.0,12
C15289,1804.401706,1.0,40.0,40.0,0.0,2392.281584,0.083333,0.083333,0.0,0.25,6,1,2500.0,2459.382382,679.004285,0.0,12
C11788,1271.429631,1.0,0.0,0.0,0.0,678.525863,0.0,0.0,0.0,0.25,3,0,1500.0,526.910053,416.325411,0.0,12
C15018,18.112481,0.636364,206.69,0.0,206.69,0.0,0.416667,0.0,0.416667,0.0,0,5,2000.0,259.021737,95.4525,0.3,12
C15828,225.404563,0.727273,2424.34,1963.74,460.6,0.0,0.666667,0.416667,0.166667,0.0,0,9,7500.0,3023.04845,169.574114,0.6,12
C11446,1080.956258,1.0,386.78,386.78,0.0,2208.470306,0.333333,0.333333,0.0,0.333333,7,7,2600.0,3078.374295,402.102876,0.090909,12
C13632,5944.084692,1.0,0.0,0.0,0.0,584.439061,0.0,0.0,0.0,0.416667,7,0,6000.0,1523.589544,2416.455868,0.0,12
C17348,815.229732,1.0,2371.92,0.0,2371.92,0.0,1.0,0.0,1.0,0.0,0,12,2000.0,1741.315136,197.837436,0.0,12
C16076,56.060327,0.181818,13.69,0.0,13.69,0.0,0.083333,0.0,0.083333,0.0,0,1,2900.0,2165.403988,219.961065,0.0,12
C13180,791.117673,1.0,854.2,854.2,0.0,0.0,0.25,0.25,0.0,0.0,0,3,7350.0,5346.679636,5583.630482,0.416667,12
C11980,1941.539209,1.0,1366.74,95.94,1270.8,0.0,1.0,0.083333,1.0,0.0,0,20,6300.0,495.133413,500.750411,0.0,12
C15456,135.856693,0.75,843.95,198.0,645.95,0.0,0.75,0.25,0.625,0.0,0,25,1200.0,862.494363,113.077567,1.0,8
C15676,374.101774,1.0,1283.36,1253.36,30.0,0.0,1.0,1.0,0.083333,0.0,0,14,1800.0,1482.140815,202.184147,0.083333,12
C11578,975.946428,1.0,1572.42,783.03,789.39,1910.395479,1.0,0.583333,1.0,0.416667,11,34,1700.0,4024.595117,559.828935,0.166667,12
C18308,2784.030599,1.0,1470.0,1021.73,448.27,3149.955535,1.0,0.636364,0.636364,0.636364,15,35,7000.0,745.850159,623.905482,0.0,11
C17846,349.788099,1.0,400.6,400.6,0.0,0.0,0.416667,0.416667,0.0,0.0,0,6,450.0,308.109946,170.326506,0.0,12
C16869,4487.993384,1.0,1654.94,464.5,1190.44,2132.805215,1.0,0.416667,1.0,0.666667,17,51,7500.0,1570.050378,1443.70769,0.0,12
C18238,337.269567,0.888889,2125.84,2025.26,100.58,144.207417,0.888889,0.888889,0.111111,0.333333,3,39,1200.0,1586.507333,304.093968,0.2,9
C10101,1619.955708,1.0,739.44,739.44,0.0,0.0,0.666667,0.666667,0.0,0.0,0,11,6000.0,417.128532,389.138517,0.0,12
C18503,1142.302592,1.0,0.0,0.0,0.0,175.924692,0.0,0.0,0.0,0.333333,5,0,1200.0,454.157081,418.981666,0.0,12
C19072,324.334482,0.888889,0.0,0.0,0.0,530.188202,0.0,0.0,0.0,0.333333,7,0,500.0,234.651005,128.759514,0.0,9
C18194,1.931162,0.636364,152.72,0.0,152.72,0.0,0.666667,0.0,0.666667,0.0,0,8,2500.0,186.80842,58.437329,0.285714,12
C16811,2079.82381,1.0,1021.9,1021.9,0.0,812.559357,0.25,0.25,0.0,0.333333,4,7,3000.0,570.959953,599.243793,0.0,12
C18899,599.909949,1.0,4947.32,3149.59,1797.73,0.0,1.0,1.0,0.916667,0.0,0,73,3000.0,5024.430008,218.172915,0.083333,12
C14116,3421.570645,1.0,0.0,0.0,0.0,287.27997,0.0,0.0,0.0,0.083333,1,0,8500.0,1387.841466,801.652585,0.0,12
C18962,1374.266113,1.0,1814.3,1596.8,217.5,0.0,0.666667,0.333333,0.416667,0.0,0,10,6500.0,2668.399516,413.987806,0.0,12
C18450,161.926545,0.333333,1427.83,1427.83,0.0,0.0,0.333333,0.333333,0.0,0.0,0,12,14000.0,0.0,,0.0,6
C12231,1094.300448,1.0,1967.86,558.69,1409.17,0.0,1.0,0.5,1.0,0.0,0,140,11500.0,1413.122627,387.054045,0.0,12
C11052,1046.785259,0.555556,0.0,0.0,0.0,2908.400137,0.0,0.0,0.0,0.333333,13,0,3000.0,87.879339,630.679799,0.0,9
C11893,7283.579076,1.0,209.07,209.07,0.0,7545.629864,0.083333,0.083333,0.0,0.333333,9,1,11500.0,1543.541917,2818.721047,0.0,12
C18895,444.841702,1.0,218.59,218.59,0.0,0.0,0.083333,0.083333,0.0,0.0,0,4,500.0,223.771445,226.769925,0.0,12
C13990,3492.064185,1.0,0.0,0.0,0.0,522.551112,0.0,0.0,0.0,0.090909,1,0,12500.0,1349.873959,790.534808,0.0,11
C10361,4211.539631,1.0,0.0,0.0,0.0,455.581546,0.0,0.0,0.0,0.083333,1,0,10500.0,1288.287239,1164.178674,0.0,12
C13018,61.954938,1.0,477.42,0.0,477.42,0.0,1.0,0.0,1.0,0.0,0,36,6000.0,584.052195,165.016896,0.583333,12
C18975,2533.618119,0.909091,5633.83,2985.92,2647.91,2451.807788,0.916667,0.5,0.75,0.333333,16,82,9000.0,8176.953944,602.963244,0.0,12
C19107,63.325286,1.0,246.64,0.0,246.64,0.0,1.0,0.0,0.875,0.0,0,8,1000.0,127.051797,144.406557,0.0,8
C14714,149.59894,1.0,2009.64,206.0,1803.64,0.0,1.0,0.083333,1.0,0.0,0,23,16500.0,1886.871621,150.495102,0.636364,12
C15656,471.104779,1.0,0.0,0.0,0.0,58.192353,0.0,0.0,0.0,0.25,3,0,500.0,165.27161,190.841988,0.0,12
C14445,1068.985549,1.0,0.0,0.0,0.0,54.67143,0.0,0.0,0.0,0.083333,1,0,1200.0,359.180202,319.230878,0.0,12
C16438,0.0,0.0,408.38,0.0,408.38,0.0,0.833333,0.0,0.75,0.0,0,13,6000.0,535.013917,,0.0,12
C17227,28.320092,0.363636,332.5,0.0,332.5,0.0,0.25,0.0,0.166667,0.0,0,6,3000.0,812.371249,162.177358,0.333333,12
C18454,64.472043,0.727273,200.02,0.0,200.02,0.0,0.25,0.0,0.25,0.0,0,3,1200.0,442.334336,170.875613,0.222222,12
C18486,1209.031561,1.0,103.91,103.91,0.0,5910.81455,0.083333,0.083333,0.0,0.416667,8,1,2500.0,5904.060257,397.704005,0.083333,12
C13432,2187.00313,0.9,0.0,0.0,0.0,892.792807,0.0,0.0,0.0,0.1,2,0,3000.0,460.103356,455.40632,0.0,10
C11219,1688.521097,0.909091,0.0,0.0,0.0,2863.918199,0.0,0.0,0.0,0.181818,5,0,3000.0,3572.27487,411.099829,0.125,11
C15301,273.429593,1.0,8534.58,7875.08,659.5,0.0,0.916667,0.916667,0.75,0.0,0,116,5000.0,7512.513474,131.710372,0.875,12
C10769,1157.168369,1.0,0.0,0.0,0.0,1249.682243,0.0,0.0,0.0,0.583333,10,0,3000.0,264.548484,326.316359,0.0,12
C10186,903.29781,1.0,2697.48,150.5,2546.98,0.0,1.0,0.333333,1.0,0.0,0,39,2500.0,1686.196344,303.361632,0.0,12
C11153,417.878821,1.0,364.0,364.0,0.0,0.0,0.083333,0.083333,0.0,0.0,0,4,5000.0,1039.551142,211.317636,0.0,12
C15967,396.890847,1.0,3943.97,3159.53,784.44,0.0,1.0,1.0,1.0,0.0,0,43,7500.0,3578.14443,179.793545,0.583333,12
C10360,21.580264,0.909091,284.72,0.0,284.72,0.0,0.666667,0.0,0.666667,0.0,0,16,5000.0,344.161416,155.792859,0.8,12
C17965,61.763018,1.0,35.3,0.0,35.3,0.0,0.25,0.0,0.25,0.0,0,3,1500.0,75.285164,171.993034,0.0,12
C13236,1801.045046,1.0,1684.29,1620.69,63.6,0.0,1.0,0.916667,0.166667,0.0,0,18,8000.0,4376.057598,600.900522,0.0,12
C17363,1098.392083,1.0,0.0,0.0,0.0,1297.518366,0.0,0.0,0.0,0.25,4,0,1200.0,1490.988443,330.627174,0.090909,12
C13892,678.62589,1.0,59.24,0.0,59.24,272.436416,0.083333,0.0,0.083333,0.083333,1,1,1200.0,1669.187919,519.945056,0.0,12
C13427,128.558239,1.0,720.0,0.0,720.0,0.0,1.0,0.0,0.916667,0.0,0,12,1000.0,598.322582,197.443037,0.090909,12
C15822,35.771638,1.0,443.04,0.0,443.04,0.0,1.0,0.0,1.0,0.0,0,12,1500.0,404.189925,151.005361,1.0,12
C10085,81.584711,0.272727,0.0,0.0,0.0,2985.300006,0.0,0.0,0.0,0.166667,5,0,9500.0,116.569033,164.692136,0.0,12
C19180,728.352548,1.0,734.4,734.4,0.0,239.891038,0.333333,0.333333,0.0,0.166667,2,2,1000.0,72.530037,110.950798,0.0,6
C11867,1407.26415,0.909091,151.64,151.64,0.0,0.0,0.090909,0.090909,0.0,0.0,0,1,1500.0,337.890842,337.424016,0.0,11
C13072,124.732546,0.818182,301.07,301.07,0.0,0.0,0.083333,0.083333,0.0,0.0,0,1,5000.0,732.951933,133.935004,0.0,12
C10862,1375.845223,1.0,0.0,0.0,0.0,112.680045,0.0,0.0,0.0,0.25,3,0,1500.0,306.606914,736.789619,0.0,12
C11460,4279.153917,1.0,1006.17,1006.17,0.0,0.0,0.3,0.3,0.0,0.0,0,9,7500.0,836.921157,920.73478,0.0,10
C17496,283.691223,1.0,45.65,45.65,0.0,0.0,0.083333,0.083333,0.0,0.0,0,1,1000.0,165.821773,252.47599,0.0,12
C15513,704.910363,1.0,500.5,225.5,275.0,851.158327,1.0,0.166667,1.0,0.333333,6,18,1200.0,1713.299924,425.812312,0.0,12
C12324,632.807858,1.0,453.91,318.91,135.0,927.939586,0.583333,0.333333,0.25,0.5,8,8,6000.0,350.387978,228.165965,0.0,12
C14217,2785.584338,1.0,0.0,0.0,0.0,144.330518,0.0,0.0,0.0,0.1,1,0,3000.0,446.776969,733.62973,0.0,10
C11778,2288.014844,1.0,1753.46,1753.46,0.0,0.0,1.0,1.0,0.0,0.0,0,50,2500.0,989.999739,1121.296235,0.0,12
C11613,2332.392373,1.0,306.36,0.0,306.36,0.0,0.25,0.0,0.166667,0.0,0,3,7000.0,670.376849,627.343242,0.0,12
C18927,458.403218,0.727273,0.0,0.0,0.0,2249.627477,0.0,0.0,0.0,0.272727,6,0,1200.0,2611.270088,146.033981,0.125,11
C12217,226.03038,1.0,435.08,435.08,0.0,0.0,0.916667,0.916667,0.0,0.0,0,15,7500.0,3796.014359,180.308803,0.2,12
C12020,6727.539699,1.0,711.72,617.4,94.32,6498.711722,1.0,0.916667,1.0,0.416667,12,23,8500.0,1303.904127,1834.59712,0.0,12
C14757,9.431309,1.0,80.44,0.0,80.44,0.0,0.416667,0.0,0.416667,0.0,0,5,2500.0,104.97817,67.789985,0.5,12
C18583,654.849672,1.0,630.0,630.0,0.0,0.0,0.083333,0.083333,0.0,0.0,0,1,2500.0,729.355023,181.044246,0.0,12
C17116,990.45604,1.0,0.0,0.0,0.0,18.724916,0.0,0.0,0.0,0.083333,1,0,1000.0,217.320342,440.378775,0.0,12
C14694,1996.785925,1.0,212.64,212.64,0.0,272.115509,0.083333,0.083333,0.0,0.166667,6,1,2000.0,1121.381513,2669.122014,0.0,12
C17302,1186.616403,1.0,0.0,0.0,0.0,1496.629534,0.0,0.0,0.0,0.25,4,0,1500.0,1779.274853,300.990997,0.090909,12
C10737,5422.456378,1.0,0.0,0.0,0.0,9972.234861,0.0,0.0,0.0,0.166667,2,0,14000.0,1661.693077,1949.814235,0.0,12
C12065,1644.496393,1.0,0.0,0.0,0.0,156.097738,0.0,0.0,0.0,0.083333,1,0,1950.0,542.414342,569.427263,0.0,12
C12069,4232.350593,1.0,32.35,32.35,0.0,0.0,0.083333,0.083333,0.0,0.0,0,1,14000.0,1262.608728,1163.798856,0.0,12
C11806,306.90901,1.0,2768.93,1281.14,1487.79,0.0,1.0,0.25,0.916667,0.0,0,23,10500.0,2605.175646,174.261548,0.5,12
C16758,563.749251,0.909091,5039.97,5039.97,0.0,0.0,0.833333,0.833333,0.0,0.0,0,25,4000.0,4714.741294,200.287367,0.777778,12
C16384,1142.909141,0.9,0.0,0.0,0.0,2264.495887,0.0,0.0,0.0,0.5,17,0,2500.0,165.549752,337.524976,0.0,10
C17575,11.772828,0.272727,101.0,101.0,0.0,0.0,0.166667,0.166667,0.0,0.0,0,2,1200.0,164.865563,168.403178,0.0,12
C12375,933.150722,0.727273,0.0,0.0,0.0,1374.764359,0.0,0.0,0.0,0.090909,1,0,1500.0,360.729411,335.993476,0.0,11
C14335,1500.034488,1.0,274.45,239.45,35.0,889.383583,0.25,0.25,0.083333,0.25,4,6,3000.0,500.083333,353.918592,0.0,12
C17919,508.164075,1.0,57.0,57.0,0.0,360.728419,0.166667,0.166667,0.0,0.583333,8,2,600.0,576.386562,498.342596,0.0,12
C15414,128.365782,1.0,1003.2,816.07,187.13,0.0,1.0,0.916667,0.416667,0.0,0,27,7000.0,1057.647019,203.927038,0.75,12
C16572,2333.99188,0.818182,0.0,0.0,0.0,4480.430064,0.0,0.0,0.0,0.166667,2,0,4500.0,725.315868,1138.412302,0.0,12
C15213,138.459191,1.0,327.94,0.0,327.94,0.0,1.0,0.0,1.0,0.0,0,26,5000.0,188.683162,208.663344,0.0,12
C11179,1596.02939,1.0,466.18,175.6,290.58,38.321808,0.727273,0.181818,0.545455,0.090909,1,15,1500.0,463.861161,1739.237096,0.0,11
C14662,1521.763256,1.0,312.15,0.0,312.15,0.0,0.75,0.0,0.75,0.0,0,19,1500.0,671.70656,1458.363763,0.0,12
C13299,88.492683,0.727273,0.0,0.0,0.0,438.517219,0.0,0.0,0.0,0.083333,1,0,2500.0,481.996972,78.113848,0.083333,12
C12787,499.409588,1.0,6636.91,6157.74,479.17,109.211535,1.0,0.583333,1.0,0.083333,1,44,8000.0,4290.962037,206.810115,0.8,12
C18451,8.248278,0.363636,0.0,0.0,0.0,74.905547,0.0,0.0,0.0,0.083333,1,0,4000.0,323.533469,64.837252,0.5,12
C17734,874.905296,1.0,484.04,0.0,484.04,0.0,1.0,0.0,1.0,0.0,0,12,1000.0,873.429792,194.064343,0.0,12
C14748,953.772248,1.0,747.62,747.62,0.0,1411.613588,0.166667,0.166667,0.0,0.5,6,2,2500.0,306.649908,215.800967,0.0,12
C11254,4.398104,0.181818,76.0,76.0,0.0,0.0,0.083333,0.083333,0.0,0.0,0,1,1500.0,307.868817,109.152917,0.0,12
C10178,23.111088,0.363636,300.0,0.0,300.0,0.0,0.25,0.0,0.166667,0.0,0,3,12500.0,291.948834,43.452683,0.181818,12
C16948,1842.11833,1.0,83.31,0.0,83.31,0.0,0.083333,0.0,0.083333,0.0,0,3,2000.0,603.296946,1018.247383,0.0,12
C14138,241.032979,1.0,0.0,0.0,0.0,642.862505,0.0,0.0,0.0,0.083333,1,0,1500.0,915.454305,195.162256,0.083333,12
C11375,4657.477375,1.0,237.52,237.52,0.0,1271.94319,0.25,0.25,0.0,0.416667,7,3,4500.0,1613.851352,3807.251196,0.0,12
C13378,76.046682,1.0,1440.93,26.61,1414.32,0.0,0.916667,0.083333,0.75,0.0,0,15,12000.0,1311.209483,147.350402,0.875,12
C13840,2828.6637,1.0,3766.55,1165.85,2600.7,2157.382814,1.0,0.333333,0.916667,0.083333,2,43,10000.0,3100.096212,1107.07388,0.083333,12
C17264,125.039376,0.909091,1118.91,1118.91,0.0,19.094068,0.583333,0.583333,0.0,0.083333,1,15,1800.0,1376.390319,150.169487,1.0,12
C17967,1836.565272,1.0,0.0,0.0,0.0,1265.552953,0.0,0.0,0.0,0.166667,5,0,2500.0,713.124426,476.311984,0.0,12
C18400,763.228081,0.9,0.0,0.0,0.0,1948.071903,0.0,0.0,0.0,0.5,48,0,1200.0,1223.745197,263.756386,0.125,10
C13390,172.316897,0.181818,368.49,368.49,0.0,1731.561995,0.083333,0.083333,0.0,0.166667,16,2,2500.0,0.0,,0.0,12
C12085,1193.434312,1.0,689.4,689.4,0.0,0.0,1.0,1.0,0.0,0.0,0,12,3500.0,328.171066,328.045032,0.0,12
C16578,372.722601,0.909091,819.7,0.0,819.7,0.0,0.909091,0.0,0.818182,0.0,0,10,1500.0,87.828439,194.003982,0.0,11
C18726,155.167572,0.8,1084.76,0.0,1084.76,0.0,0.8,0.0,0.7,0.0,0,12,4000.0,1070.911497,147.700045,0.666667,10
C16318,1370.317105,1.0,1389.28,745.94,643.34,64.146816,0.916667,0.5,0.833333,0.083333,1,28,1800.0,431.782845,811.518229,0.0,12
C13845,1155.123292,1.0,62.02,62.02,0.0,19.081161,0.083333,0.083333,0.0,0.083333,1,1,1200.0,217.775407,465.251459,0.0,12
C14979,889.767658,1.0,2997.02,1823.02,1174.0,0.0,0.916667,0.416667,0.916667,0.0,0,22,7000.0,2199.48968,244.279734,0.0,12
C12652,975.820862,1.0,66.72,0.0,66.72,0.0,0.333333,0.0,0.333333,0.0,0,4,1000.0,254.277454,199.50774,0.0,12
C15589,1173.112709,1.0,823.05,573.05,250.0,1000.869648,0.5,0.25,0.416667,0.25,3,11,1500.0,2049.345099,266.90291,0.0,12
C10557,2569.379868,1.0,972.65,162.95,809.7,1390.367155,0.583333,0.166667,0.5,0.166667,5,15,5500.0,807.047622,590.361005,0.0,12
C16844,1608.163254,1.0,1130.6,1130.6,0.0,682.525873,1.0,1.0,0.0,0.166667,4,19,2500.0,1152.859524,996.573517,0.0,12
C15386,690.625555,1.0,666.6,0.0,666.6,0.0,1.0,0.0,1.0,0.0,0,12,6000.0,1130.376548,170.144183,0.0,12
C15426,663.394569,0.875,1208.7,1025.94,182.76,0.0,0.875,0.25,0.75,0.0,0,19,1500.0,662.519566,119.295167,0.0,8
C10068,1758.059987,1.0,412.33,325.21,87.12,0.0,0.583333,0.333333,0.166667,0.0,0,11,1800.0,777.451648,897.905444,0.0,12
C11804,601.68828,0.8,1358.2,468.33,889.87,0.0,0.8,0.2,0.7,0.0,0,26,1500.0,310.912113,157.872552,0.0,10
C12806,5266.121863,1.0,9030.08,6345.65,2684.43,0.0,0.916667,0.25,0.833333,0.0,0,28,6000.0,7973.983573,6567.292367,0.083333,12
C10366,41.754778,0.181818,636.15,636.15,0.0,0.0,0.166667,0.166667,0.0,0.0,0,5,8500.0,918.414211,57.150516,0.181818,12
C17483,673.592238,1.0,2199.62,303.56,1896.06,0.0,1.0,0.25,1.0,0.0,0,32,3000.0,2377.36405,172.185143,0.0,12
C12164,1134.648238,1.0,143.12,143.12,0.0,0.0,0.1,0.1,0.0,0.0,0,1,1200.0,289.967312,286.845297,0.0,10
C12703,172.131105,1.0,1666.95,0.0,1666.95,0.0,1.0,0.0,1.0,0.0,0,38,2500.0,1326.099687,163.00004,0.916667,12
C19174,735.652303,1.0,619.6,255.62,363.98,546.902403,1.0,0.166667,0.833333,0.166667,5,16,1000.0,106.138603,337.294767,0.0,6
C16262,118.46707,1.0,1643.85,187.02,1456.83,0.0,1.0,0.25,0.916667,0.0,0,29,7000.0,1624.984429,180.973371,0.916667,12
C11671,1216.570617,1.0,5140.49,4882.68,257.81,0.0,1.0,0.75,0.5,0.0,0,57,4500.0,5671.221416,366.088817,0.0,12
C10491,2597.400267,1.0,1748.73,518.44,1230.29,0.0,1.0,0.416667,1.0,0.0,0,31,6500.0,2497.488126,1584.520204,0.0,12
C13964,4143.074668,1.0,1074.27,1074.27,0.0,190.242856,0.75,0.75,0.0,0.166667,3,21,6000.0,926.813916,1175.934462,0.0,12
C12295,313.87913,1.0,2746.84,2170.0,576.84,0.0,1.0,0.916667,0.916667,0.0,0,59,2500.0,2562.579256,193.157628,0.25,12
C14571,1791.85654,1.0,71.38,0.0,71.38,0.0,0.416667,0.0,0.416667,0.0,0,5,3000.0,547.424357,647.111708,0.0,12
C17896,50.926002,1.0,165.97,0.0,165.97,0.0,0.583333,0.0,0.5,0.0,0,7,1500.0,119.24583,332.440855,0.0,12
C17362,518.923941,1.0,264.0,264.0,0.0,0.0,0.166667,0.166667,0.0,0.0,0,3,5000.0,235.996925,204.041413,0.0,12
C18198,1216.704733,0.727273,0.0,0.0,0.0,2902.295257,0.0,0.0,0.0,0.166667,2,0,3000.0,2345.798153,415.361186,0.125,12
C10899,2174.018945,1.0,377.1,177.62,199.48,388.849566,0.333333,0.083333,0.25,0.166667,2,5,2600.0,0.0,,0.0,12
C19046,25.679113,0.9,379.0,0.0,379.0,0.0,0.9,0.0,0.8,0.0,0,9,1000.0,354.062545,135.039818,1.0,10
C10334,2233.074041,1.0,445.2,445.2,0.0,0.0,0.166667,0.166667,0.0,0.0,0,4,8000.0,1042.991769,579.587654,0.0,12
C17059,56.726412,1.0,268.68,0.0,268.68,0.0,1.0,0.0,1.0,0.0,0,12,3500.0,261.671184,198.263057,0.083333,12
C14239,4375.13933,1.0,32.1,0.0,32.1,1830.046883,0.083333,0.0,0.083333,0.083333,1,1,6000.0,2303.317555,1141.011091,0.0,12
C12133,137.636267,1.0,1567.25,60.2,1507.05,0.0,1.0,0.083333,1.0,0.0,0,232,7000.0,1541.979811,190.253479,1.0,12
C12260,1205.191816,1.0,0.0,0.0,0.0,1259.175202,0.0,0.0,0.0,0.5,7,0,2500.0,281.884143,395.69903,0.0,10
C16531,6.395964,0.181818,79.0,79.0,0.0,0.0,0.083333,0.083333,0.0,0.0,0,1,7500.0,107.281393,45.447418,0.0,12
C15793,2223.497527,1.0,132.28,0.0,132.28,1380.807166,0.75,0.0,0.75,0.125,3,6,3000.0,244.379096,582.083146,0.0,8
C18564,4.602365,0.181818,38.42,0.0,38.42,0.0,0.166667,0.0,0.166667,0.0,0,2,1000.0,74.750172,41.034906,0.0,12
C14898,165.290723,0.818182,971.2,971.2,0.0,446.94537,0.166667,0.166667,0.0,0.083333,1,3,1000.0,1922.505496,124.779308,0.666667,12
C14292,563.587232,1.0,1232.59,500.75,731.84,450.908415,1.0,0.5,0.833333,0.083333,1,31,4000.0,857.740923,218.063393,0.0,12
C11110,367.596554,0.363636,0.0,0.0,0.0,1078.247446,0.0,0.0,0.0,0.166667,5,0,1200.0,274.204055,274.427951,0.0,12
C12951,6877.333016,1.0,0.0,0.0,0.0,3801.1506,0.0,0.0,0.0,0.25,3,0,9000.0,1370.858877,1757.148202,0.0,12
C15571,1030.914048,1.0,1083.44,1083.44,0.0,1342.617687,1.0,1.0,0.0,0.333333,5,48,1200.0,2574.978162,606.739379,0.083333,12
C16286,58.239998,1.0,556.93,556.93,0.0,453.660855,0.166667,0.166667,0.0,0.166667,7,5,4700.0,0.0,,0.0,12
C16767,1667.851788,0.9,0.0,0.0,0.0,5133.373227,0.0,0.0,0.0,0.6,13,0,3000.0,2822.457351,471.885081,0.125,10
C13166,1293.044047,1.0,0.0,0.0,0.0,1425.748356,0.0,0.0,0.0,0.333333,5,0,1500.0,294.30747,286.673785,0.0,12
C14161,2759.801583,1.0,0.0,0.0,0.0,1063.852745,0.0,0.0,0.0,0.333333,6,0,3000.0,665.168762,656.712649,0.0,12
C15135,3798.323722,1.0,0.0,0.0,0.0,182.513182,0.0,0.0,0.0,0.166667,2,0,4000.0,916.384302,1193.658503,0.0,12
C15570,27.716642,0.1,0.0,0.0,0.0,480.104401,0.0,0.0,0.0,0.1,1,0,5000.0,0.0,,0.0,10
C10077,1808.972419,1.0,713.9,503.08,210.82,0.0,0.5,0.1,0.4,0.0,0,8,2250.0,889.017418,622.757696,0.0,10
C16509,2369.851759,1.0,9934.93,8500.67,1434.26,0.0,1.0,0.833333,1.0,0.0,0,91,10000.0,3670.569073,617.994101,0.0,12
C14795,8248.178009,1.0,1788.84,0.0,1788.84,90.031207,1.0,0.0,1.0,0.083333,1,12,18000.0,40627.59524,2149.990102,0.166667,12
C15236,1459.803597,1.0,0.0,0.0,0.0,218.234292,0.0,0.0,0.0,0.416667,5,0,1500.0,436.226459,602.777344,0.0,12
C14088,501.453416,1.0,1199.46,447.0,752.46,0.0,0.833333,0.166667,0.666667,0.0,0,17,6500.0,495.243088,183.429357,0.0,12
C11843,1308.786637,1.0,0.0,0.0,0.0,99.670323,0.0,0.0,0.0,0.166667,2,0,1500.0,528.262752,344.758313,0.0,12
C18553,150.897044,0.181818,0.0,0.0,0.0,900.772781,0.0,0.0,0.0,0.083333,1,0,2500.0,0.0,,0.0,12
C17926,664.911581,1.0,0.0,0.0,0.0,1158.897578,0.0,0.0,0.0,0.166667,2,0,1800.0,1977.246775,212.665892,0.0,12
C16263,37.765185,0.75,158.64,0.0,158.64,0.0,0.375,0.0,0.25,0.0,0,3,1500.0,178.288853,66.521398,0.0,8
C17400,493.243274,1.0,1180.68,1180.68,0.0,0.0,0.333333,0.333333,0.0,0.0,0,4,1500.0,948.216919,203.172759,0.0,12
C11685,3515.039029,1.0,2924.08,1385.29,1538.79,7867.732492,1.0,0.333333,1.0,0.75,31,85,4000.0,10693.27843,1886.056721,0.0,12
C18235,1125.306541,1.0,703.05,703.05,0.0,0.0,0.25,0.25,0.0,0.0,0,9,1300.0,104.476763,421.150061,0.0,8
C14018,6928.721377,1.0,18.35,0.0,18.35,14836.45141,0.416667,0.0,0.416667,0.083333,1,5,18000.0,22281.70046,1592.560164,0.090909,12
C13445,1.366727,0.545455,0.0,0.0,0.0,191.751369,0.0,0.0,0.0,0.083333,1,0,1200.0,594.099172,26.161818,0.166667,12
C18310,37.983045,0.545455,242.24,0.0,242.24,0.0,0.25,0.0,0.25,0.0,0,3,2000.0,662.417377,99.057422,0.166667,12
C17457,26.143505,0.363636,124.03,124.03,0.0,0.0,0.083333,0.083333,0.0,0.0,0,1,1000.0,309.366769,220.566753,0.0,12
C11263,5.801666,0.272727,88.97,33.0,55.97,0.0,0.166667,0.083333,0.083333,0.0,0,2,2720.0,620.204737,140.098388,1.0,12
C15668,2475.507619,1.0,569.85,233.04,336.81,1909.470528,0.666667,0.083333,0.583333,0.25,3,14,5000.0,672.048823,658.657911,0.0,12
C12244,238.962984,1.0,2402.64,537.21,1865.43,0.0,1.0,1.0,1.0,0.0,0,48,8500.0,2022.102581,182.612129,1.0,12
C11726,99.912238,1.0,730.2,165.0,565.2,0.0,1.0,0.142857,0.857143,0.0,0,13,1000.0,463.326909,101.919615,0.5,7
C12028,1093.946163,1.0,0.0,0.0,0.0,18.482296,0.0,0.0,0.0,0.083333,1,0,1200.0,276.73092,283.18296,0.0,12
C17189,1893.423054,1.0,650.04,0.0,650.04,390.362711,1.0,0.0,1.0,0.083333,1,24,2000.0,775.769041,751.958904,0.0,12
C16197,197.931794,1.0,1946.25,816.91,1129.34,0.0,1.0,0.666667,1.0,0.0,0,40,1200.0,1957.052996,172.362577,1.0,12
C16896,1477.960998,1.0,349.25,0.0,349.25,0.0,0.916667,0.0,0.833333,0.0,0,11,1500.0,528.615684,500.339157,0.0,12
C14353,472.61828,1.0,4626.36,2974.0,1652.36,305.257038,1.0,0.833333,1.0,0.166667,2,67,3800.0,4549.881872,176.856716,1.0,12
C17270,366.111566,1.0,3482.9,1350.8,2132.1,348.857163,0.916667,0.666667,1.0,0.166667,2,39,7500.0,3044.978061,172.124992,0.333333,12
C19040,10.920026,1.0,95.6,0.0,95.6,0.0,1.0,0.0,0.9,0.0,0,10,1000.0,78.092423,93.210172,0.571429,10
C19110,2171.222526,1.0,791.18,791.18,0.0,2056.60248,0.428571,0.428571,0.0,0.571429,6,8,3000.0,300.088696,453.100425,0.0,7
C10183,2933.240476,1.0,0.0,0.0,0.0,2040.433925,0.0,0.0,0.0,0.583333,13,0,3000.0,2431.578544,1739.74883,0.0,12
C10138,24.28497,0.636364,250.6,0.0,250.6,0.0,0.583333,0.0,0.5,0.0,0,7,3000.0,319.762903,173.632006,0.0,12
C15467,1543.205532,1.0,1027.57,927.57,100.0,0.0,0.416667,0.333333,0.083333,0.0,0,13,6000.0,319.878647,443.406361,0.0,12
C14791,3899.763741,1.0,0.0,0.0,0.0,925.72976,0.0,0.0,0.0,0.083333,1,0,6500.0,877.767833,1454.215974,0.0,12
C15393,186.020599,0.714286,269.85,211.8,58.05,1115.885225,0.714286,0.142857,0.571429,0.428571,5,6,2000.0,174.556187,95.587203,0.333333,7
C10001,40.900749,0.818182,95.4,0.0,95.4,0.0,0.166667,0.0,0.083333,0.0,0,2,1000.0,201.802084,139.509787,0.0,12
C14432,2947.426082,0.888889,2257.28,1179.8,1077.48,281.877943,0.444444,0.333333,0.222222,0.222222,2,19,8500.0,3612.992662,717.268682,0.0,9
C17975,10856.48301,1.0,45.65,45.65,0.0,5096.886673,0.083333,0.083333,0.0,0.25,5,1,14500.0,2670.733732,2917.469357,0.0,12
C17372,3805.493532,1.0,465.6,232.0,233.6,2406.661489,0.583333,0.166667,0.5,0.25,13,9,4500.0,949.278907,1461.557697,0.0,12
C13006,1182.045732,1.0,130.0,70.0,60.0,0.0,0.416667,0.166667,0.166667,0.0,0,5,1200.0,279.439759,293.907914,0.0,12
C15646,765.966137,1.0,1488.82,1402.35,86.47,0.0,0.833333,0.833333,0.25,0.0,0,24,4000.0,1111.593127,181.840836,0.0,12
C17154,2534.994214,1.0,569.2,315.87,253.33,2056.894621,0.5,0.333333,0.25,0.333333,7,12,5000.0,836.699278,840.546381,0.0,12
C18701,839.081567,0.727273,0.0,0.0,0.0,609.463327,0.0,0.0,0.0,0.416667,6,0,1800.0,2719.934613,406.996136,0.125,12
C13238,1876.290248,1.0,63.62,63.62,0.0,0.0,0.083333,0.083333,0.0,0.0,0,1,2000.0,383.273938,663.925938,0.0,12
C13792,1210.573775,1.0,2077.09,1578.62,498.47,0.0,1.0,1.0,0.5,0.0,0,20,1500.0,879.902552,525.459448,0.0,10
C18840,45.069167,1.0,218.28,0.0,218.28,0.0,1.0,0.0,1.0,0.0,0,12,1000.0,203.222849,168.935609,0.0,12
C15200,180.750232,1.0,266.64,0.0,266.64,95.285453,1.0,0.0,1.0,0.083333,1,12,3500.0,1172.975952,175.62276,0.545455,12
C17513,69.4432,1.0,368.16,0.0,368.16,0.0,1.0,0.0,1.0,0.0,0,32,2500.0,153.124113,143.416453,0.083333,12
C11713,2885.068871,1.0,0.0,0.0,0.0,255.676579,0.0,0.0,0.0,0.25,3,0,3000.0,712.676699,618.776921,0.0,12
C10423,3024.629054,1.0,0.0,0.0,0.0,2171.139178,0.0,0.0,0.0,0.333333,10,0,4500.0,4226.578611,691.692633,0.0,12
C16312,2503.438106,1.0,2001.69,1437.24,564.45,268.761003,1.0,0.5,1.0,0.333333,11,49,3000.0,1199.370357,985.937337,0.0,12
C17289,5.310611,0.25,234.0,0.0,234.0,0.0,0.625,0.0,0.625,0.0,0,6,1500.0,303.704799,19.894581,0.0,8
C11062,2294.145941,1.0,29.29,0.0,29.29,137.256946,0.083333,0.0,0.083333,0.083333,2,1,2100.0,149.363733,17693.07847,0.0,12
C10163,1734.510004,1.0,0.0,0.0,0.0,66.275851,0.0,0.0,0.0,0.166667,2,0,1800.0,363.474455,2827.997525,0.0,12
C10402,79.189929,1.0,699.12,0.0,699.12,0.0,1.0,0.0,1.0,0.0,0,24,2500.0,697.977603,183.858351,0.583333,12
C11724,5329.544052,1.0,1651.64,1088.79,562.85,0.0,0.416667,0.166667,0.416667,0.0,0,18,5500.0,1587.462442,2098.664454,0.0,12
C16750,5.663355,0.363636,35.0,35.0,0.0,0.0,0.083333,0.083333,0.0,0.0,0,1,2500.0,394.761847,56.8815,0.1,12
C18264,1004.441314,1.0,530.32,38.0,492.32,0.0,0.833333,0.083333,0.75,0.0,0,14,1000.0,737.914629,1040.035593,0.0,12
C15348,216.705656,1.0,1442.9,424.6,1018.3,0.0,1.0,0.666667,0.833333,0.0,0,29,4000.0,1111.898226,87.775306,1.0,6
C17267,0.0,0.0,0.0,0.0,0.0,147.241855,0.0,0.0,0.0,0.090909,1,0,500.0,667.921811,,0.0,11
C14196,603.62806,1.0,60.0,60.0,0.0,54.866583,0.083333,0.083333,0.0,0.166667,2,1,1200.0,1543.263552,317.838364,0.083333,12
C10739,446.735142,1.0,5228.36,2337.44,2890.92,0.0,1.0,1.0,1.0,0.0,0,71,3000.0,4843.737867,177.051156,0.454545,12
C15177,1083.120149,1.0,0.0,0.0,0.0,2426.830138,0.0,0.0,0.0,0.416667,9,0,1200.0,1481.809323,240.79407,0.1,12
C10533,32.042424,0.909091,400.41,0.0,489.39,0.0,0.833333,0.0,0.75,0.0,0,11,4500.0,353.570259,132.13182,0.666667,12
C11096,160.852061,0.888889,4704.98,2017.22,2687.76,0.0,0.888889,0.666667,0.777778,0.0,0,45,4500.0,4372.542801,129.801874,0.833333,9
C14935,120.658015,1.0,349.12,349.12,0.0,0.0,0.25,0.25,0.0,0.0,0,4,2700.0,383.414493,163.463142,0.0,12
C19047,31.734061,0.7,95.0,95.0,0.0,0.0,0.1,0.1,0.0,0.0,0,1,500.0,122.185607,120.66671,0.0,10
C18615,64.907748,0.727273,547.28,130.0,417.28,0.0,0.333333,0.083333,0.25,0.0,0,4,2500.0,1095.179494,126.509061,1.0,12
C15550,3221.105151,1.0,3447.55,1450.0,1997.55,0.0,1.0,0.166667,1.0,0.0,0,40,9500.0,5401.287094,756.926664,0.0,12
C17674,383.370294,1.0,326.74,326.74,0.0,0.0,0.25,0.25,0.0,0.0,0,3,600.0,525.776492,199.590057,0.0,12
C13579,1204.873791,1.0,0.0,0.0,0.0,58.18308,0.0,0.0,0.0,0.166667,2,0,1500.0,1658.132051,390.628809,0.083333,12
C13839,1565.025253,1.0,3035.98,785.6,2250.38,7003.112284,1.0,0.5,1.0,0.666667,36,94,2500.0,13562.87926,1709.158354,0.666667,12
C12088,3006.594256,1.0,9362.96,5098.75,4264.21,0.0,1.0,0.916667,1.0,0.0,0,103,7500.0,7079.1781,645.403234,0.0,12
C15316,4785.789559,1.0,0.0,0.0,0.0,8422.554694,0.0,0.0,0.0,0.875,25,0,9500.0,687.474829,1010.781349,0.0,8
C15753,266.142747,1.0,2109.17,1384.31,724.86,0.0,1.0,1.0,1.0,0.0,0,40,7000.0,2003.273695,176.453648,1.0,12
C12839,3569.826878,1.0,3056.06,1994.34,1061.72,0.0,1.0,1.0,0.833333,0.0,0,50,8500.0,2333.314296,899.222632,0.0,12
C17194,766.810346,1.0,0.0,0.0,0.0,1095.216749,0.0,0.0,0.0,0.083333,1,0,4000.0,605.021251,179.817772,0.0,12
C13496,132.353911,1.0,358.34,0.0,358.34,0.0,0.916667,0.0,0.833333,0.0,0,16,1500.0,85.938437,149.203101,0.0,12
C13502,35.276551,1.0,22.48,22.48,0.0,0.0,0.083333,0.083333,0.0,0.0,0,1,7500.0,68.205028,200.03439,0.0,12
C13106,1289.327381,1.0,892.0,563.0,329.0,0.0,0.583333,0.25,0.25,0.0,0,14,3500.0,655.143647,360.636863,0.0,12
C16295,2560.74396,0.9,110.25,40.0,70.25,3702.475695,0.3,0.1,0.2,0.2,2,4,10000.0,881.42058,724.699558,0.0,10
C15870,1421.787032,1.0,0.0,0.0,0.0,2017.846783,0.0,0.0,0.0,0.583333,16,0,1500.0,2180.007785,622.671345,0.0,12
C14022,1364.256013,1.0,0.0,0.0,0.0,252.98756,0.0,0.0,0.0,0.083333,1,0,1500.0,513.013589,313.51258,0.0,12
C16856,1991.277745,1.0,56.7,56.7,0.0,1159.173849,0.083333,0.083333,0.0,0.25,6,1,3000.0,534.718227,623.621303,0.0,12
C11564,1106.557102,1.0,1342.86,1149.91,192.95,3249.314496,0.333333,0.25,0.083333,0.25,4,13,6500.0,4421.574277,265.127884,0.0,12
C18109,77.321718,1.0,278.44,0.0,278.44,0.0,1.0,0.0,1.0,0.0,0,18,2500.0,342.843624,173.361571,0.0,12
C14814,2992.591246,1.0,0.0,0.0,0.0,759.456509,0.0,0.0,0.0,0.416667,9,0,3500.0,817.050377,825.529474,0.0,12
C15777,1308.128024,1.0,623.03,0.0,623.03,0.0,0.916667,0.0,0.833333,0.0,0,15,1500.0,306.967651,356.087522,0.0,12
C10823,4.607593,0.181818,44.55,44.55,0.0,0.0,0.083333,0.083333,0.0,0.0,0,1,6000.0,267.147917,88.028446,0.0,12
C15407,4060.710208,0.727273,22500.0,0.0,22500.0,0.0,0.5,0.0,0.416667,0.0,0,12,23000.0,8760.860264,1645.535202,0.0,12
C14117,99.029726,1.0,1496.87,429.27,1067.6,0.0,0.916667,0.333333,0.833333,0.0,0,48,5000.0,1760.086698,164.9079,0.416667,12
C12807,6804.186841,1.0,640.03,227.6,412.43,1898.318709,0.416667,0.416667,0.416667,0.166667,4,20,7100.0,1891.669441,1979.44478,0.0,12
C13889,1509.177493,1.0,0.0,0.0,0.0,1281.15107,0.0,0.0,0.0,0.75,14,0,5000.0,449.984139,569.555493,0.0,12
C10260,996.48222,1.0,675.96,0.0,675.96,0.0,1.0,0.0,1.0,0.0,0,12,1000.0,1851.602411,1382.292833,0.083333,12
C15473,0.0,0.0,54.85,0.0,54.85,0.0,0.333333,0.0,0.333333,0.0,0,5,5000.0,75.750562,,0.0,12
C13044,4751.340645,1.0,309.86,0.0,309.86,0.0,0.5,0.0,0.5,0.0,0,5,8600.0,5883.427252,1488.472099,0.0,12
C14959,633.388444,1.0,830.45,830.45,0.0,0.0,0.416667,0.416667,0.0,0.0,0,8,6000.0,497.263402,239.606651,0.0,12
C11755,4532.433434,1.0,1433.26,1433.26,0.0,364.852384,0.166667,0.166667,0.0,0.083333,1,2,7000.0,3039.325393,2172.302786,0.0,12
C17444,365.674097,1.0,1169.73,1169.73,0.0,0.0,0.333333,0.333333,0.0,0.0,0,9,1500.0,877.026023,527.451484,0.0,12
C16917,895.308285,1.0,0.0,0.0,0.0,59.226322,0.0,0.0,0.0,0.166667,2,0,1000.0,304.93211,272.53859,0.0,12
C12775,2416.555714,1.0,2266.01,1291.62,974.39,0.0,0.916667,0.75,0.666667,0.0,0,46,4000.0,4075.880525,1439.224679,0.0,12
C11277,55.58459,0.818182,395.05,150.05,245.0,0.0,0.416667,0.25,0.166667,0.0,0,6,5500.0,531.9538,81.364934,0.111111,12
C17478,611.327959,1.0,518.88,0.0,518.88,0.0,1.0,0.0,1.0,0.0,0,76,600.0,670.361848,861.197225,0.0,12
C15852,171.267988,1.0,2062.67,1455.11,607.56,0.0,1.0,1.0,1.0,0.0,0,39,7500.0,1913.827405,180.637896,0.75,12
C18710,0.391963,0.090909,43.33,0.0,43.33,0.0,0.083333,0.0,0.083333,0.0,0,1,1200.0,0.0,,0.0,12
C16190,214.592814,0.363636,0.0,0.0,0.0,1306.528549,0.0,0.0,0.0,0.083333,3,0,3000.0,28.36165,79.103048,0.0,12
C19085,1191.014802,1.0,590.8,590.8,0.0,1040.908414,0.142857,0.142857,0.0,0.142857,3,3,3000.0,476.484106,165.145689,0.0,7
C12646,989.022229,1.0,0.0,0.0,0.0,559.200528,0.0,0.0,0.0,0.416667,5,0,1200.0,1071.879544,263.735953,0.0,12
C13399,2854.716657,1.0,0.0,0.0,0.0,333.917678,0.0,0.0,0.0,0.166667,2,0,3000.0,712.005753,941.643087,0.0,12
C13297,4526.591303,1.0,1806.5,976.5,830.0,4354.491196,0.5,0.416667,0.166667,0.333333,5,11,9000.0,1329.600846,947.556185,0.0,12
C17886,264.103675,0.818182,3568.21,2336.41,1231.8,0.0,0.75,0.666667,0.583333,0.0,0,60,1500.0,4210.212171,170.018992,1.0,12
C18047,0.0,0.0,1027.92,0.0,1027.92,0.0,1.0,0.0,1.0,0.0,0,12,2500.0,1028.353304,13.395434,0.0,12
C14340,5.196923,0.545455,68.02,0.0,68.02,0.0,0.5,0.0,0.5,0.0,0,6,4000.0,125.516216,97.363421,0.5,12
C17342,27.625906,0.818182,234.48,0.0,234.48,0.0,1.0,0.0,1.0,0.0,0,12,2500.0,109.281131,93.62464,0.0,12
C13860,3315.689234,1.0,1434.88,740.0,694.88,5802.393776,1.0,0.083333,1.0,0.583333,25,22,6000.0,4608.192303,2742.232319,0.0,12
C18126,56.215217,1.0,402.13,0.0,402.13,0.0,1.0,0.0,1.0,0.0,0,40,1000.0,297.931037,170.678477,0.666667,12
C16400,4.256664,0.181818,31.25,0.0,31.25,0.0,0.083333,0.0,0.083333,0.0,0,1,1000.0,0.0,,0.0,12
C13507,63.169044,1.0,806.71,806.71,0.0,0.0,1.0,1.0,0.0,0.0,0,14,7500.0,705.485115,148.199188,0.181818,12
C18881,474.451835,0.545455,0.0,0.0,0.0,1016.333944,0.0,0.0,0.0,0.25,8,0,1200.0,414.218007,310.343372,0.0,12
C14659,72.679836,0.545455,800.55,586.55,214.0,0.0,0.5,0.333333,0.333333,0.0,0,13,7000.0,1584.89763,147.859998,0.666667,12
C13473,1694.125362,1.0,437.52,172.6,264.92,0.0,0.916667,0.166667,0.916667,0.0,0,13,1800.0,797.134098,666.656548,0.0,12
C10636,2147.939753,0.818182,117.57,117.57,0.0,1022.23072,0.083333,0.083333,0.0,0.083333,2,2,8000.0,5441.876882,542.296729,0.1,12
C12964,97.453056,0.818182,334.73,334.73,0.0,19.551802,0.083333,0.083333,0.0,0.083333,1,1,2500.0,234.271939,117.297542,0.25,12
C13339,1963.239125,1.0,67.55,0.0,67.55,1935.971876,0.25,0.0,0.166667,0.333333,6,3,2500.0,459.929854,543.168888,0.0,12
C14641,99.256215,0.636364,1554.39,1174.39,380.0,0.0,0.636364,0.454545,0.181818,0.0,0,9,6000.0,1006.702329,139.902685,0.5,11
C17245,2508.071641,1.0,217.5,217.5,0.0,2468.218219,0.083333,0.083333,0.0,0.166667,5,2,3000.0,536.833697,754.144955,0.0,12
C18514,14.665071,0.454545,108.85,108.85,0.0,0.0,0.333333,0.333333,0.0,0.0,0,4,1000.0,170.376826,137.064172,0.0,12
C18558,32.944835,1.0,185.8,0.0,185.8,0.0,1.0,0.0,0.9,0.0,0,10,1000.0,101.816592,142.426777,0.625,10
C15583,38.160715,0.545455,340.0,0.0,340.0,0.0,0.5,0.0,0.416667,0.0,0,6,5000.0,888.221177,146.348596,1.0,12
C18933,109.621031,1.0,1060.5,0.0,1060.5,0.0,1.0,0.0,1.0,0.0,0,29,1000.0,890.174668,194.28365,0.583333,12
C19089,687.004441,1.0,252.0,0.0,252.0,1748.90582,1.0,0.0,0.888889,0.555556,11,9,2000.0,436.870246,152.19372,0.285714,9
C15435,288.097302,1.0,2622.6,0.0,2622.6,0.0,1.0,0.0,1.0,0.0,0,12,450.0,2718.47954,2413.233231,0.833333,12
C16299,267.668693,1.0,2518.37,607.56,1910.81,18.561424,1.0,0.583333,1.0,0.083333,1,51,2500.0,2319.258937,172.731484,0.166667,12
C14708,8033.907466,1.0,159.0,159.0,0.0,3983.763805,0.083333,0.083333,0.0,0.75,24,1,9000.0,1620.868564,2568.327034,0.0,12
C10525,839.897907,1.0,1869.88,815.11,1054.77,0.0,1.0,0.363636,0.909091,0.0,0,30,4000.0,999.235386,280.393252,0.0,11
C18176,0.0,0.0,247.44,0.0,247.44,0.0,1.0,0.0,1.0,0.0,0,12,1500.0,317.354396,,0.0,12
C10285,5265.763713,1.0,410.24,44.71,365.53,15452.97758,0.916667,0.083333,0.916667,0.333333,13,21,16500.0,12005.3074,1055.547896,0.083333,12
C19122,2150.940844,1.0,1105.74,0.0,1105.74,2220.336732,1.0,0.0,0.857143,0.142857,7,13,2500.0,631.429223,2825.419309,0.0,7
C14829,1048.892643,1.0,0.0,0.0,0.0,115.766104,0.0,0.0,0.0,0.25,4,0,1100.0,218.648513,598.910658,0.0,12
C13600,9993.352521,1.0,0.0,0.0,0.0,3299.665576,0.0,0.0,0.0,0.5,10,0,14500.0,2580.47736,2902.819273,0.0,12
C13149,1131.445959,1.0,0.0,0.0,0.0,1498.390707,0.0,0.0,0.0,0.333333,5,0,1950.0,662.653149,213.351598,0.0,12
C16020,5172.929286,1.0,3030.33,715.29,2315.04,5573.357964,1.0,0.5,1.0,0.583333,21,22,7500.0,10141.66717,1734.593075,0.0,12
C16845,51.581189,1.0,384.89,120.0,264.89,0.0,0.666667,0.083333,0.583333,0.0,0,10,6000.0,213.515669,156.429964,0.222222,12
C16831,2521.094992,1.0,2326.16,875.37,1450.79,0.0,1.0,0.75,1.0,0.0,0,83,3000.0,3983.238602,964.101127,0.0,12
C14366,570.657071,1.0,950.39,540.36,410.03,340.308868,0.833333,0.416667,0.333333,0.166667,2,16,4000.0,549.682725,254.640736,0.0,12
C17605,484.108869,1.0,0.0,0.0,0.0,850.784054,0.0,0.0,0.0,0.5,10,0,1000.0,590.725031,184.562158,0.0,12
C10710,235.294264,1.0,1286.2,1286.2,0.0,0.0,1.0,1.0,0.0,0.0,0,24,4000.0,1272.434565,218.00803,0.0,12
C14145,952.419564,1.0,283.8,0.0,283.8,0.0,0.75,0.0,0.75,0.0,0,11,1000.0,611.487872,607.283816,0.0,12
C11031,2285.068731,1.0,0.0,0.0,0.0,1173.310874,0.0,0.0,0.0,0.166667,5,0,2500.0,381.672065,1003.265207,0.0,12
C11429,1920.231187,1.0,167.08,167.08,0.0,132.902662,0.166667,0.166667,0.0,0.166667,2,2,2300.0,625.532634,472.309554,0.0,12
C12485,289.529643,0.272727,110.0,110.0,0.0,1134.891542,0.083333,0.083333,0.0,0.166667,7,1,1200.0,697.009124,1117.265123,0.0,12
C11220,229.913693,1.0,2406.77,1955.67,451.1,0.0,1.0,1.0,0.5,0.0,0,35,10000.0,2239.201417,194.72626,1.0,12
C11391,661.135323,1.0,568.81,141.69,427.12,618.55338,0.75,0.083333,0.666667,0.166667,2,10,1700.0,239.759567,208.2926,0.0,12
C17455,2271.102591,1.0,272.93,0.0,272.93,1120.44963,0.583333,0.0,0.583333,0.083333,2,14,2500.0,764.791793,988.662899,0.0,12
C10771,1575.508838,0.875,0.0,0.0,0.0,1977.834772,0.0,0.0,0.0,0.125,1,0,2500.0,260.843536,325.312921,0.0,8
C17840,2270.623981,1.0,1200.0,1200.0,0.0,2629.671395,0.083333,0.083333,0.0,0.333333,9,1,3000.0,967.527752,1172.021803,0.0,12
C14563,3014.625246,1.0,0.0,0.0,0.0,1143.763365,0.0,0.0,0.0,0.166667,2,0,6500.0,1023.016247,938.580888,0.0,12
C17748,1551.908555,1.0,416.64,105.0,311.64,0.0,1.0,0.083333,1.0,0.0,0,14,2500.0,539.653696,366.329349,0.0,12
C11500,1117.368286,1.0,972.38,0.0,972.38,0.0,1.0,0.0,1.0,0.0,0,21,1900.0,667.050505,538.835764,0.0,12
C11494,556.359504,1.0,1111.12,0.0,1111.12,0.0,0.833333,0.0,0.833333,0.0,0,10,2500.0,1248.404553,171.42994,0.0,12
C16232,550.50988,1.0,194.03,194.03,0.0,0.0,0.583333,0.583333,0.0,0.0,0,7,4000.0,589.020267,216.511505,0.0,12
C16103,245.115749,0.875,2690.62,1217.04,1473.58,0.0,0.875,0.875,0.75,0.0,0,44,8000.0,2806.897275,137.43462,1.0,8
C13941,1771.43578,1.0,1176.0,0.0,1176.0,0.0,1.0,0.0,1.0,0.0,0,12,1700.0,1350.02185,2973.25488,0.0,12
C13411,533.990908,0.545455,1286.1,1129.82,156.28,95.526303,0.5,0.25,0.416667,0.083333,1,29,1200.0,55.766782,739.571101,0.0,12
C10720,546.844163,1.0,2427.26,1587.34,839.92,0.0,1.0,1.0,1.0,0.0,0,30,5000.0,1747.703784,176.211823,0.333333,12
C14124,421.796337,1.0,2748.74,1623.74,1125.0,0.0,1.0,1.0,0.666667,0.0,0,48,4500.0,2684.86037,169.599243,0.25,12
C13257,1033.41108,1.0,1020.3,1020.3,0.0,180.93905,0.25,0.25,0.0,0.166667,2,16,1200.0,809.176783,465.807758,0.0,12
C11016,357.62718,1.0,3070.45,1864.11,1206.34,0.0,0.916667,0.916667,0.416667,0.0,0,20,18500.0,4023.111073,169.763154,1.0,12
C11926,4379.015578,1.0,996.64,860.5,136.14,3632.137219,0.916667,0.666667,0.416667,0.333333,4,27,14500.0,2034.929239,1064.251367,0.0,12
C10083,6593.820644,1.0,388.66,388.66,0.0,4621.93458,0.583333,0.583333,0.0,0.416667,7,7,7000.0,1624.583114,2503.40234,0.0,12
C14443,231.90824,0.818182,711.8,497.8,214.0,0.0,0.666667,0.166667,0.416667,0.0,0,10,8500.0,2007.282363,146.809491,0.111111,12
C14950,1247.196735,1.0,243.0,243.0,0.0,0.0,0.333333,0.333333,0.0,0.0,0,9,1200.0,529.091477,919.446681,0.0,12
C15001,176.837859,1.0,108.39,0.0,108.39,0.0,0.416667,0.0,0.416667,0.0,0,6,1500.0,56.561603,174.299229,0.0,12
C13195,725.529062,1.0,8754.59,8636.73,117.86,0.0,1.0,1.0,0.25,0.0,0,116,4000.0,8648.305093,195.873012,0.916667,12
C12944,3130.53708,1.0,428.16,428.16,0.0,688.362421,0.333333,0.333333,0.0,0.25,3,7,4300.0,734.931543,688.847827,0.0,12
C16978,30.957159,0.454545,426.25,0.0,653.55,0.0,0.5,0.0,0.5,0.0,0,19,1200.0,460.814602,108.772098,0.0,12
C16593,2273.555853,1.0,329.3,70.0,259.3,3360.63801,0.583333,0.083333,0.5,0.75,16,10,3000.0,3099.112794,758.644505,0.0,12
C12071,3168.902659,0.857143,0.0,0.0,0.0,3854.441191,0.0,0.0,0.0,0.285714,6,0,4200.0,390.289118,935.43069,0.0,7
C18137,1381.084668,1.0,162.56,0.0,162.56,186.248313,0.5,0.0,0.5,0.083333,1,6,3000.0,503.442436,324.783283,0.0,12
C12004,1302.78269,1.0,45.65,45.65,0.0,0.0,0.083333,0.083333,0.0,0.0,0,1,1500.0,351.864266,5104.500905,0.0,12
C10461,5580.530306,1.0,2470.4,457.73,2012.67,1652.878895,0.5,0.083333,0.5,0.083333,1,19,9500.0,3340.041274,3024.949485,0.0,12
C18765,986.84903,1.0,558.18,0.0,558.18,45.311387,1.0,0.0,1.0,0.083333,1,39,1000.0,1548.4862,5737.912518,0.0,12
C13759,955.117067,1.0,0.0,0.0,0.0,3798.701398,0.0,0.0,0.0,0.5,13,0,4500.0,2413.364689,284.390966,0.0,12
C15187,2580.169522,1.0,0.0,0.0,0.0,3912.041656,0.0,0.0,0.0,0.25,10,0,3000.0,1809.765794,638.475926,0.0,12
C17651,2076.211673,1.0,1057.0,0.0,1057.0,0.0,0.416667,0.0,0.333333,0.0,0,8,2500.0,696.769705,711.321984,0.0,12
C13192,1589.141901,1.0,0.0,0.0,0.0,1387.07837,0.0,0.0,0.0,0.25,10,0,3000.0,454.856663,557.016549,0.0,12
C18920,91.669477,0.363636,824.5,737.3,87.2,0.0,0.333333,0.083333,0.25,0.0,0,9,1500.0,175.478647,177.923528,1.0,12
C13152,5873.201628,1.0,146.68,42.66,104.02,2206.510074,0.25,0.083333,0.166667,0.333333,7,5,8000.0,1951.218091,1669.058818,0.0,12
C18291,248.626137,1.0,2635.25,2635.25,0.0,0.0,1.0,1.0,0.0,0.0,0,17,5000.0,2425.107514,193.086366,1.0,12
C15016,1341.000157,1.0,1355.77,1220.45,135.32,929.959753,0.916667,0.666667,0.5,0.083333,1,24,4000.0,553.207757,351.43166,0.0,12
C18821,31.560931,0.545455,300.0,0.0,300.0,0.0,0.5,0.0,0.5,0.0,0,6,1000.0,588.763068,143.33928,1.0,12
C10071,3990.523579,1.0,263.5,190.6,72.9,0.0,0.666667,0.083333,0.583333,0.0,0,8,6000.0,6876.836205,1001.607366,0.083333,12
C18751,23.934205,0.818182,266.1,0.0,266.1,0.0,0.666667,0.0,0.583333,0.0,0,8,4000.0,313.233366,122.228515,0.636364,12
C10050,229.867179,1.0,2390.6,1402.93,987.67,0.0,1.0,0.666667,1.0,0.0,0,87,3300.0,2543.953559,175.657825,0.916667,12
C11088,1389.598597,1.0,6058.03,3391.88,2666.15,3517.94774,1.0,0.166667,1.0,0.25,6,52,4000.0,6528.829703,550.971147,0.0,12
C15629,1625.118547,1.0,2908.35,956.83,1951.52,1029.560342,0.916667,0.333333,0.75,0.166667,4,40,3500.0,763.750978,1125.042573,0.0,12
C13134,4373.439331,0.888889,1959.04,1570.04,389.0,5124.126997,0.666667,0.444444,0.555556,0.555556,6,12,7000.0,820.851704,1409.800552,0.0,9
C16427,492.040223,1.0,17.0,17.0,0.0,171.814665,0.083333,0.083333,0.0,0.333333,4,1,600.0,243.905711,291.892373,0.0,12
C18164,17.838173,1.0,164.7,0.0,164.7,0.0,0.416667,0.0,0.333333,0.0,0,5,3000.0,182.462461,103.72423,0.111111,12
C16554,1631.573904,1.0,112.56,112.56,0.0,0.0,0.181818,0.181818,0.0,0.0,0,3,1700.0,439.132886,690.430521,0.0,11
C14146,70.392491,1.0,1008.56,180.0,828.56,0.0,1.0,0.166667,0.916667,0.0,0,14,6000.0,1321.09625,151.452457,0.8,12
C14615,3764.89205,1.0,898.43,479.0,419.43,2094.091371,0.5,0.083333,0.416667,0.333333,6,22,4500.0,1067.435442,1116.032132,0.0,12
C13121,5606.778018,1.0,283.88,124.88,159.0,3637.857309,0.416667,0.166667,0.166667,0.333333,10,6,14500.0,12124.63957,1923.472385,0.083333,12
C15343,2670.123456,1.0,3103.57,1587.68,1515.89,3780.101366,1.0,0.333333,1.0,0.166667,3,44,7500.0,1865.73836,573.258246,0.090909,12
C10407,11209.37076,1.0,11147.33,1137.4,10009.93,2728.576925,1.0,0.25,1.0,0.166667,8,126,11000.0,7932.77402,17494.90735,0.0,12
C13479,877.354533,1.0,6954.28,6441.4,512.88,61.792952,1.0,1.0,1.0,0.083333,1,105,9000.0,7486.398825,236.319631,0.166667,12
C10239,1070.999446,1.0,990.7,482.0,508.7,0.0,0.75,0.25,0.583333,0.0,0,13,1400.0,505.317328,438.324017,0.0,12
C11365,910.682404,1.0,0.0,0.0,0.0,1435.307385,0.0,0.0,0.0,0.166667,4,0,1500.0,1687.978206,288.284812,0.083333,12
C10043,784.889762,0.909091,1526.59,786.3,740.29,2188.419607,0.583333,0.416667,0.333333,0.25,11,27,3000.0,1262.309666,363.142736,0.111111,12
C14434,57.937789,1.0,450.0,450.0,0.0,0.0,0.5,0.5,0.0,0.0,0,6,4000.0,395.680968,181.630966,0.25,12
C12268,36.023577,0.181818,273.8,273.8,0.0,0.0,0.083333,0.083333,0.0,0.0,0,1,5500.0,174.52575,259.524372,1.0,12
C18024,1630.431093,1.0,43.89,43.89,0.0,534.841135,0.083333,0.083333,0.0,0.083333,3,1,6000.0,3281.742636,536.479995,0.0,12
C18488,1929.069939,1.0,0.0,0.0,0.0,973.827667,0.0,0.0,0.0,0.166667,2,0,2500.0,786.014779,513.327849,0.0,12
C18423,411.062591,1.0,0.0,0.0,0.0,988.119391,0.0,0.0,0.0,0.333333,7,0,500.0,1027.320667,220.507641,0.090909,12
C15611,450.746858,1.0,194.1,194.1,0.0,345.734661,0.166667,0.166667,0.0,0.333333,6,4,600.0,635.073163,389.795498,0.0,12
C15714,37.050529,1.0,367.17,0.0,367.17,0.0,1.0,0.0,1.0,0.0,0,19,2000.0,326.624678,152.547744,0.636364,12
C17239,0.064811,0.272727,111.84,0.0,111.84,0.0,0.916667,0.0,0.916667,0.0,0,11,1500.0,115.525496,9.960909,0.0,12
C17104,350.819852,0.363636,0.0,0.0,0.0,1056.46058,0.0,0.0,0.0,0.083333,3,0,1200.0,119.701887,340.789604,0.0,12
C11368,1279.305202,1.0,2071.7,2071.7,0.0,2684.141722,0.5,0.5,0.0,0.333333,6,22,2500.0,2792.076889,658.688782,0.25,12
C15410,801.703734,1.0,387.77,0.0,387.77,0.0,0.583333,0.0,0.583333,0.0,0,7,2500.0,1480.676383,1246.237666,0.0,12
C11901,1216.594927,1.0,878.64,757.8,120.84,155.804123,0.75,0.75,0.166667,0.166667,2,20,1200.0,654.24428,1296.173027,0.0,12
C12233,1649.276603,1.0,0.0,0.0,0.0,253.554601,0.0,0.0,0.0,0.583333,8,0,1800.0,574.233323,788.721609,0.0,12
C18636,789.814537,0.909091,0.0,0.0,0.0,5654.92893,0.0,0.0,0.0,0.166667,12,0,3000.0,5949.858363,475.195844,0.090909,12
C19105,88.439209,0.75,690.4,236.5,453.9,0.0,0.625,0.25,0.5,0.0,0,9,2000.0,585.954634,115.263984,0.0,8
C10063,1555.793701,1.0,66.2,66.2,0.0,0.0,0.083333,0.083333,0.0,0.0,0,1,1600.0,338.083661,837.215674,0.0,12
C14425,132.73446,0.1,2190.0,2190.0,0.0,0.0,0.1,0.1,0.0,0.0,0,1,2500.0,2.389583,,0.0,10
C18535,636.560481,0.666667,202.77,181.61,21.16,1148.569187,0.5,0.333333,0.166667,0.5,9,5,1500.0,76.573549,128.452063,0.0,6
C14509,64.491497,1.0,855.99,0.0,855.99,0.0,1.0,0.0,0.7,0.0,0,12,3000.0,816.582936,122.653219,1.0,10
C15345,72.087172,1.0,607.36,607.36,0.0,0.0,1.0,1.0,0.0,0.0,0,12,5500.0,554.770836,192.60691,1.0,12
C10416,3770.560441,0.875,964.06,260.0,704.06,5140.287889,0.875,0.125,0.75,0.625,24,8,6000.0,565.71913,1241.283569,0.0,8
C10343,706.675991,1.0,2721.16,2417.41,303.75,0.0,1.0,0.5,1.0,0.0,0,32,6500.0,4952.900653,280.821958,0.083333,12
C17543,2421.820915,0.666667,0.0,0.0,0.0,4045.770203,0.0,0.0,0.0,0.5,7,0,5000.0,334.730343,442.116227,0.0,6
C11044,253.143106,0.142857,0.0,0.0,0.0,3351.385591,0.0,0.0,0.0,0.142857,3,0,5000.0,0.0,,0.0,7
C11211,1114.122532,1.0,348.47,224.31,124.16,99.20189,0.583333,0.166667,0.416667,0.083333,1,9,1200.0,631.49296,668.171959,0.0,12
C12173,84.067421,1.0,852.26,265.92,586.34,0.0,1.0,1.0,0.25,0.0,0,20,18500.0,643.541055,181.197901,0.916667,12
C17986,862.413024,1.0,108.0,0.0,108.0,925.602681,0.333333,0.0,0.333333,0.333333,10,4,1000.0,1151.18815,2977.301882,0.0,12
C16976,3447.523748,1.0,6341.55,3232.26,3109.29,2307.775197,1.0,0.75,1.0,0.5,12,118,5000.0,5575.894258,1767.825544,0.0,12
C11725,1171.429087,0.909091,1845.42,1845.42,0.0,0.0,0.25,0.25,0.0,0.0,0,7,3000.0,3073.603769,855.360889,0.1,12
C17489,95.055337,1.0,133.45,16.8,116.65,437.390028,0.5,0.083333,0.333333,0.083333,1,6,2500.0,469.271786,160.662631,0.090909,12
C14245,358.674215,0.727273,411.3,411.3,0.0,4327.056723,0.25,0.25,0.0,0.333333,9,4,2500.0,6981.148039,136.660716,0.2,12
C18398,41.386295,0.363636,194.57,194.57,0.0,0.0,0.166667,0.166667,0.0,0.0,0,2,2200.0,470.431305,169.999931,0.0,12
C18848,1182.080141,1.0,266.68,0.0,266.68,848.848179,0.666667,0.0,0.666667,0.083333,6,8,1000.0,119.861878,8607.234543,0.0,12
C11486,912.857498,1.0,831.03,93.0,738.03,0.0,0.571429,0.285714,0.714286,0.0,0,8,5500.0,95.682798,195.497298,0.0,7
C12198,7021.942957,1.0,0.0,0.0,0.0,3217.327939,0.0,0.0,0.0,0.666667,12,0,7500.0,2955.428583,2793.752245,0.0,12
C17182,10.805893,0.166667,76.51,50.93,25.58,0.0,0.166667,0.166667,0.166667,0.0,0,2,2500.0,0.0,,0.0,6
C11379,0.0,0.0,300.0,0.0,300.0,0.0,0.857143,0.0,0.857143,0.0,0,6,2500.0,0.0,,0.0,7
C15809,520.521822,1.0,820.29,820.29,0.0,0.0,0.916667,0.916667,0.0,0.0,0,11,6000.0,2295.229351,274.668404,0.0,12
C17534,3616.393429,1.0,2459.18,30.0,2429.18,0.0,1.0,0.083333,1.0,0.0,0,194,5500.0,2203.05836,922.316357,0.0,12
C19086,803.288674,0.5,0.0,0.0,0.0,2560.117599,0.0,0.0,0.0,0.375,9,0,3000.0,302.866454,545.662959,0.0,8
C14308,5.1807,0.363636,0.0,0.0,0.0,1283.543377,0.0,0.0,0.0,0.083333,1,0,3000.0,1282.18451,57.570471,0.0,12
C16841,553.253321,0.636364,0.0,0.0,0.0,975.662025,0.0,0.0,0.0,0.25,4,0,1800.0,1098.758855,113.943497,0.0,12
C15891,585.537233,1.0,178.0,0.0,178.0,723.138529,0.333333,0.0,0.333333,0.083333,3,4,1000.0,1198.443149,316.758371,0.083333,12
C12981,6980.228444,1.0,4400.0,4000.0,400.0,913.382295,0.333333,0.083333,0.333333,0.083333,1,5,10000.0,1530.593874,1596.221236,0.0,12
C12970,2864.644318,0.9,135.0,70.0,65.0,4345.320169,0.5,0.2,0.4,0.5,10,7,7000.0,1626.504396,656.858685,0.0,10
C15470,303.054817,0.636364,894.4,609.4,285.0,0.0,0.636364,0.363636,0.454545,0.0,0,12,4000.0,183.620398,128.25155,0.0,11
C10733,2572.508325,1.0,64.0,64.0,0.0,248.690762,0.083333,0.083333,0.0,0.083333,2,1,2800.0,373.433094,3945.38539,0.0,12
C18272,1079.462513,1.0,389.21,50.0,339.21,190.643054,0.916667,0.083333,0.916667,0.166667,2,12,1200.0,716.007476,804.760271,0.0,12
C17723,486.17036,0.545455,0.0,0.0,0.0,1494.441569,0.0,0.0,0.0,0.083333,1,0,1500.0,2945.61949,120.041669,0.181818,12
C15480,1450.959629,0.444444,0.0,0.0,0.0,3419.81768,0.0,0.0,0.0,0.222222,4,0,4000.0,446.092673,747.172775,0.0,9
C12724,1117.34082,1.0,474.96,0.0,474.96,0.0,1.0,0.0,1.0,0.0,0,12,1000.0,609.837201,3449.632561,0.0,12
C15548,3182.968599,1.0,2502.46,2455.79,46.67,1837.023964,0.833333,0.833333,0.166667,0.5,22,53,5500.0,2170.561697,1731.420819,0.0,12
C15059,1455.745146,1.0,266.0,266.0,0.0,168.514165,0.222222,0.222222,0.0,0.222222,2,4,1500.0,284.966485,302.737808,0.0,9
C16745,4661.423201,1.0,0.0,0.0,0.0,5263.831799,0.0,0.0,0.0,0.583333,10,0,6500.0,2943.485063,1168.800699,0.0,12
C13960,0.0,0.0,1200.0,1200.0,0.0,0.0,0.083333,0.083333,0.0,0.0,0,1,2500.0,14229.88248,,0.0,12
C19077,112.037368,1.0,1006.69,0.0,1006.69,0.0,1.0,0.0,0.888889,0.0,0,11,1000.0,1000.036596,123.408318,1.0,9
C12343,137.909416,1.0,897.42,684.12,213.3,0.0,0.916667,0.916667,0.583333,0.0,0,27,7000.0,965.182597,191.931603,0.083333,12
C10723,7006.751866,1.0,328.92,328.92,0.0,9497.696525,0.166667,0.166667,0.0,0.666667,12,2,10000.0,659.559695,1400.681628,0.0,6
C11139,3140.698358,1.0,1961.78,1107.29,854.49,0.0,1.0,0.166667,1.0,0.0,0,24,6000.0,5361.346807,742.308918,0.0,12
C10492,1481.43247,1.0,0.0,0.0,0.0,149.36039,0.0,0.0,0.0,0.083333,1,0,1800.0,586.426259,494.954634,0.0,12
C10391,1528.571561,1.0,0.0,0.0,0.0,172.931118,0.0,0.0,0.0,0.166667,2,0,1600.0,353.582373,559.030296,0.0,12
C18083,5262.745812,1.0,0.0,0.0,0.0,4117.515089,0.0,0.0,0.0,0.666667,12,0,6500.0,1224.872705,1214.517778,0.0,12
C16722,4.822037,0.833333,58.32,0.0,58.32,0.0,0.833333,0.0,0.833333,0.0,0,6,1000.0,65.76347,32.631347,0.666667,6
C17433,443.339878,1.0,0.0,0.0,0.0,857.622301,0.0,0.0,0.0,0.555556,5,0,1200.0,274.760566,157.320637,0.0,9
C14771,253.640197,0.909091,2607.88,1142.96,1464.92,73.579253,0.833333,0.833333,0.666667,0.083333,1,43,4000.0,1954.784637,154.583752,0.583333,12
C14824,451.404363,1.0,2196.0,2154.34,41.66,0.0,0.833333,0.75,0.083333,0.0,0,14,1800.0,2142.056177,184.805024,0.166667,12
C13215,859.588282,0.909091,48.16,48.16,0.0,9139.119365,0.166667,0.166667,0.0,0.166667,13,2,10000.0,376.383077,263.710911,0.0,12
C14835,1475.396878,1.0,5055.77,2931.91,2123.86,0.0,1.0,0.333333,1.0,0.0,0,69,1900.0,4826.844372,1879.122243,0.0,12
C14106,1420.113689,1.0,393.63,393.63,0.0,0.0,0.416667,0.416667,0.0,0.0,0,8,1500.0,473.832445,617.154654,0.0,12
C10393,566.147105,1.0,0.0,0.0,0.0,187.572355,0.0,0.0,0.0,0.083333,1,0,2000.0,1177.661577,190.365154,0.0,12
C15931,371.896615,1.0,332.0,0.0,332.0,850.393519,1.0,0.0,1.0,0.2,5,10,2500.0,1756.127984,126.406004,0.111111,10
C17544,1728.29571,1.0,673.8,0.0,673.8,0.0,1.0,0.0,1.0,0.0,0,12,1700.0,727.421149,1751.732122,0.0,12
C12391,2664.700424,1.0,715.51,109.0,606.51,494.573662,0.75,0.083333,0.583333,0.083333,1,11,3500.0,918.003032,792.902894,0.0,12
C12569,468.769607,1.0,585.68,445.98,139.7,856.77615,0.666667,0.416667,0.416667,0.75,19,12,4500.0,1368.204953,201.964603,0.0,12
C14723,3049.215189,1.0,390.0,390.0,0.0,5876.866242,0.083333,0.083333,0.0,0.583333,9,1,3200.0,6537.913767,2729.078978,0.0,12
C11631,5559.733773,1.0,930.0,0.0,930.0,3639.817554,0.416667,0.0,0.333333,0.416667,14,13,7500.0,2519.858893,2376.25517,0.0,12
C16761,72.188087,1.0,117.9,117.9,0.0,0.0,0.083333,0.083333,0.0,0.0,0,2,3400.0,14.500688,113.963653,0.0,12
C10060,3971.138765,1.0,0.0,0.0,0.0,224.575517,0.0,0.0,0.0,0.181818,3,0,4000.0,764.938728,1600.212243,0.0,11
C12768,1744.956833,1.0,0.0,0.0,0.0,198.295367,0.0,0.0,0.0,0.25,5,0,1800.0,525.461839,539.962551,0.0,12
C18992,0.223351,0.090909,336.0,0.0,336.0,0.0,1.0,0.0,0.916667,0.0,0,12,1000.0,578.819329,,0.0,12
C18802,0.919387,0.181818,251.5,251.5,0.0,0.0,0.166667,0.166667,0.0,0.0,0,4,1200.0,712.364811,42.09599,0.0,12
C12283,4158.137668,1.0,8.4,8.4,0.0,0.0,1.0,1.0,0.0,0.0,0,12,7500.0,1001.17541,1917.458466,0.0,12
C17898,706.182752,1.0,3304.27,802.8,2501.47,0.0,0.916667,0.25,0.833333,0.0,0,30,4000.0,2863.455277,215.790698,0.25,12
C15658,4276.929643,1.0,298.0,298.0,0.0,7635.621091,0.166667,0.166667,0.0,0.333333,11,2,8000.0,969.689869,1336.9578,0.0,12
C13980,94.83691,1.0,1027.84,93.0,934.84,0.0,1.0,0.083333,1.0,0.0,0,28,18000.0,1041.284778,173.91503,0.416667,12
C12832,1168.692032,1.0,0.0,0.0,0.0,1027.967584,0.0,0.0,0.0,0.333333,4,0,5000.0,588.925093,287.740551,0.0,12
C11237,1060.385693,1.0,5327.61,5327.61,0.0,3467.977927,0.833333,0.833333,0.0,0.583333,12,53,6000.0,8412.649548,247.085679,0.9,12
C15683,449.026889,1.0,313.2,0.0,313.2,0.0,1.0,0.0,1.0,0.0,0,12,1000.0,136.096707,217.449281,0.0,12
C10889,910.072514,1.0,18.05,0.0,18.05,19.118837,0.083333,0.0,0.083333,0.083333,1,1,1000.0,233.886707,230.806229,0.0,12
C17117,574.416538,0.909091,376.2,0.0,376.2,0.0,1.0,0.0,1.0,0.0,0,24,1500.0,1100.109444,228.565068,0.0,12
C17216,63.738066,1.0,961.86,0.0,961.86,0.0,1.0,0.0,1.0,0.0,0,34,5000.0,905.343134,163.858003,0.75,12
C19075,191.37693,1.0,510.0,0.0,780.0,0.0,0.555556,0.0,0.444444,0.0,0,7,1000.0,459.17484,128.231992,0.0,9
C17456,28.155795,0.454545,324.17,0.0,324.17,0.0,0.416667,0.0,0.416667,0.0,0,5,1500.0,354.506682,83.999117,0.4,12
C12017,5291.221238,1.0,2090.47,1965.41,125.06,1153.665768,0.5,0.5,0.416667,0.25,3,21,15000.0,1718.461993,1495.799354,0.0,12
C11896,7390.19856,1.0,612.1,0.0,612.1,2735.148792,0.666667,0.0,0.666667,0.166667,2,25,12000.0,1920.45776,1795.652542,0.0,12
C15535,1859.165344,1.0,0.0,0.0,0.0,1543.160715,0.0,0.0,0.0,0.083333,5,0,3500.0,310.775643,659.586136,0.0,12
C12997,1758.703148,1.0,3955.35,3502.36,452.99,0.0,0.916667,0.916667,0.166667,0.0,0,29,7500.0,3561.755293,395.409663,0.0,12
C15605,2514.170127,0.818182,87.28,87.28,0.0,1863.759832,0.083333,0.083333,0.0,0.333333,6,2,5000.0,4646.340788,767.829781,0.0,12
C12690,909.560162,1.0,912.1,669.88,242.22,752.060162,0.25,0.25,0.166667,0.416667,11,16,1200.0,1476.333722,668.368282,0.083333,12
C13827,3337.178486,1.0,883.39,106.09,777.3,5338.547155,0.833333,0.166667,0.75,0.416667,12,20,6000.0,4039.075325,1344.980722,0.083333,12
C18959,1056.267818,0.909091,0.0,0.0,0.0,1450.812947,0.0,0.0,0.0,0.166667,8,0,1500.0,1909.972695,415.089844,0.111111,12
C17756,144.436235,0.181818,0.0,0.0,0.0,944.893512,0.0,0.0,0.0,0.083333,1,0,1000.0,542.036637,365.765347,0.0,12
C16235,327.576438,0.545455,2352.24,2352.24,0.0,0.0,0.25,0.25,0.0,0.0,0,16,6500.0,3931.602949,225.579276,0.0,12
C15820,3842.454902,1.0,0.0,0.0,0.0,6381.534619,0.0,0.0,0.0,0.5,24,0,6500.0,3869.74895,1742.491124,0.083333,12
C16784,1452.616145,1.0,522.29,45.65,476.64,0.0,1.0,0.083333,1.0,0.0,0,13,1500.0,851.338405,1081.224031,0.0,12
C15737,2986.070256,1.0,178.9,74.9,104.0,1948.211838,0.333333,0.083333,0.166667,0.416667,10,4,10000.0,619.02881,1149.24369,0.0,12
C14664,757.964752,0.875,157.4,157.4,0.0,0.0,0.125,0.125,0.0,0.0,0,6,1200.0,1494.480376,2638.59841,0.0,8
C12176,430.282584,1.0,888.85,278.63,610.22,0.0,1.0,0.166667,1.0,0.0,0,27,3500.0,1134.356357,185.277576,0.5,12
C13332,2675.636728,1.0,1257.27,1115.92,141.35,0.0,0.916667,0.916667,0.583333,0.0,0,28,6000.0,1380.967309,622.738695,0.0,12
C11585,1579.158781,1.0,4175.25,2095.35,2079.9,0.0,1.0,0.166667,0.916667,0.0,0,50,8000.0,1980.952607,406.75838,0.0,12
C12435,205.123752,1.0,2066.08,1245.3,820.78,0.0,1.0,1.0,1.0,0.0,0,41,7500.0,2597.718416,201.214315,0.916667,12
C18324,392.896462,0.909091,450.0,450.0,0.0,517.197717,0.818182,0.818182,0.0,0.272727,5,9,500.0,769.083695,496.215787,0.0,11
C17139,803.68596,1.0,1690.93,1690.93,0.0,0.0,0.6,0.6,0.0,0.0,0,25,1200.0,1783.396008,509.554302,0.0,10
C17938,1006.592714,0.909091,1341.62,1341.62,0.0,0.0,0.363636,0.363636,0.0,0.0,0,186,1200.0,1444.198295,708.609079,0.0,11
C17812,433.075331,1.0,750.0,0.0,750.0,0.0,1.0,0.0,0.916667,0.0,0,12,1500.0,719.974026,195.907231,0.0,12
C14764,3153.251957,1.0,3398.12,95.84,3302.28,5608.804955,1.0,0.083333,1.0,0.333333,4,24,3000.0,9000.706634,4255.297059,0.166667,12
C12154,10599.4423,1.0,4029.24,2926.43,1102.81,0.0,1.0,1.0,1.0,0.0,0,102,12500.0,2343.311066,2351.640064,0.0,12
C13113,6995.3025,1.0,999.77,0.0,999.77,6507.113368,0.75,0.0,0.75,0.583333,16,14,8000.0,2863.397049,2553.534465,0.0,12
C17958,1109.84819,1.0,261.56,182.37,79.19,1192.668467,0.416667,0.333333,0.166667,0.166667,8,8,1200.0,572.817257,697.038439,0.0,12
C10222,75.647479,0.727273,540.0,0.0,540.0,0.0,0.25,0.0,0.166667,0.0,0,3,4000.0,548.967281,48.659935,0.0,12
C18704,17.206623,0.818182,109.0,0.0,109.0,0.0,0.5,0.0,0.416667,0.0,0,6,1000.0,143.410957,106.187568,0.1,12
C14385,19.548437,0.727273,266.56,84.0,182.56,0.0,0.666667,0.083333,0.583333,0.0,0,9,4500.0,395.242487,199.880942,0.857143,12
C18119,80.545433,1.0,374.37,0.0,374.37,0.0,1.0,0.0,1.0,0.0,0,27,1500.0,249.78655,164.519177,0.0,12
C10893,1827.200326,1.0,1325.27,1161.66,163.61,0.0,0.75,0.5,0.416667,0.0,0,21,4000.0,666.371943,531.303374,0.0,12
C10004,1666.670542,0.636364,1499.0,1499.0,0.0,205.788017,0.083333,0.083333,0.0,0.083333,1,1,7500.0,0.0,,0.0,12
C12446,7803.470739,1.0,7184.73,6519.19,665.54,0.0,1.0,0.583333,0.916667,0.0,0,78,11500.0,2250.502094,3745.116848,0.0,12
C18113,802.87844,1.0,3228.26,2766.92,461.34,0.0,1.0,0.583333,1.0,0.0,0,61,3000.0,630.245499,291.309586,0.166667,12
C12209,12.281874,0.1,153.11,153.11,0.0,0.0,0.2,0.2,0.0,0.0,0,2,9000.0,0.0,,0.0,10
C18328,121.446047,0.909091,1254.46,910.46,344.0,0.0,0.583333,0.416667,0.416667,0.0,0,14,1000.0,1244.737859,153.924261,0.5,12
C10187,0.0,0.0,23.0,0.0,23.0,0.0,0.083333,0.0,0.083333,0.0,0,1,5000.0,0.0,,0.0,12
C12552,1031.936983,0.727273,2308.0,608.0,1700.0,0.0,0.416667,0.083333,0.333333,0.0,0,9,3000.0,245.914697,564.472958,0.0,12
C16168,222.478614,1.0,2360.7,2360.7,0.0,0.0,0.916667,0.916667,0.0,0.0,0,44,5000.0,2313.605337,182.983637,1.0,12
C13614,3788.416968,0.857143,718.06,608.02,110.04,6348.57393,0.857143,0.428571,0.428571,0.571429,19,9,7500.0,294.502943,1107.881169,0.0,7
C11939,989.993863,0.909091,0.0,0.0,0.0,1110.807913,0.0,0.0,0.0,0.181818,7,0,1200.0,240.088742,283.359039,0.0,11
C14368,1121.44991,1.0,219.4,85.0,134.4,0.0,0.666667,0.083333,0.666667,0.0,0,9,1200.0,591.736846,747.662321,0.0,12
C15508,3093.592745,1.0,47.69,82.41,0.0,1438.951061,0.166667,0.083333,0.0,0.583333,15,1,4100.0,4591.237633,723.343619,0.0,12
C16520,66.618088,1.0,544.0,0.0,544.0,0.0,1.0,0.0,1.0,0.0,0,16,3000.0,473.490702,183.99645,0.0,12
C15291,1268.250294,1.0,167.0,167.0,0.0,1141.77504,0.083333,0.083333,0.0,0.333333,5,1,1800.0,467.080947,404.439747,0.0,12
C16518,10.259525,0.181818,119.8,119.8,0.0,0.0,0.083333,0.083333,0.0,0.0,0,2,5000.0,711.480411,82.793678,0.0,12
C14588,3682.667737,1.0,2214.64,1250.3,964.34,0.0,1.0,0.666667,1.0,0.0,0,34,9000.0,1428.539668,930.608759,0.0,12
C10073,5487.683724,1.0,419.1,0.0,419.1,625.399386,0.916667,0.0,0.833333,0.333333,4,11,6250.0,1288.214909,2180.881868,0.0,12
C10568,950.563525,0.909091,7479.95,7479.95,0.0,0.0,0.818182,0.818182,0.0,0.0,0,14,15000.0,7521.226078,319.437528,0.888889,11
C18230,15.740657,0.727273,72.0,72.0,0.0,0.0,0.25,0.25,0.0,0.0,0,5,1000.0,44.098703,205.53426,0.0,12
C10866,1372.725482,1.0,992.25,651.4,340.85,667.818882,0.833333,0.25,0.75,0.25,3,18,4500.0,2899.141015,464.139521,0.0,12
C15242,1785.90226,1.0,0.0,0.0,0.0,129.421992,0.0,0.0,0.0,0.166667,4,0,1800.0,287.777315,9294.994141,0.0,12
C15742,2236.176309,1.0,1114.43,979.43,135.0,0.0,1.0,0.916667,0.416667,0.0,0,21,9000.0,615.627805,634.853764,0.0,12
C12427,3778.609797,1.0,878.29,631.27,247.02,0.0,0.583333,0.5,0.25,0.0,0,13,8500.0,883.744982,858.064557,0.0,12
C14066,816.765152,1.0,7967.04,7839.22,127.82,0.0,1.0,1.0,0.416667,0.0,0,81,10000.0,8455.311569,193.562444,1.0,12
C18898,327.508171,0.875,2477.68,1419.31,1058.37,0.0,0.875,0.875,0.75,0.0,0,42,2000.0,1724.519418,129.61823,0.833333,8
C10379,5747.761139,1.0,1627.69,0.0,1627.69,0.0,1.0,0.0,1.0,0.0,0,49,5500.0,2507.704747,7490.453967,0.0,12
C16928,98.039262,1.0,258.36,0.0,258.36,0.0,0.857143,0.0,0.714286,0.0,0,6,1500.0,146.073798,99.260979,0.0,7
C17777,1492.443188,1.0,1777.27,0.0,1777.27,0.0,0.916667,0.0,0.833333,0.0,0,19,5000.0,1969.412866,344.759419,0.0,12
C18616,940.351166,0.9,0.0,0.0,0.0,2045.393693,0.0,0.0,0.0,0.8,14,0,3000.0,292.024227,301.379427,0.0,10
C11789,97.389327,1.0,60.0,60.0,0.0,0.0,0.083333,0.083333,0.0,0.0,0,1,12500.0,453.421982,204.88001,0.0,12
C10908,802.274379,0.636364,150.0,0.0,150.0,3714.01114,0.25,0.0,0.25,0.166667,2,3,6000.0,0.0,,0.0,12
C17820,454.181676,1.0,1361.65,1361.65,0.0,0.0,0.25,0.25,0.0,0.0,0,9,4000.0,1643.948056,152.368392,0.166667,12
C15524,389.835298,0.818182,0.0,0.0,0.0,2101.740346,0.0,0.0,0.0,0.5,7,0,3000.0,2236.589562,100.212983,0.0,12
C18956,165.240633,0.181818,0.0,0.0,0.0,1088.751325,0.0,0.0,0.0,0.166667,4,0,1500.0,0.0,,0.0,12
C16054,817.059154,0.636364,0.0,0.0,0.0,2135.75811,0.0,0.0,0.0,0.083333,4,0,5500.0,8013.594413,360.414305,0.0,12
C16154,330.673765,1.0,33.44,0.0,33.44,0.0,0.333333,0.0,0.333333,0.0,0,4,2400.0,2989.04951,3457.886177,0.181818,12
C12177,1956.295501,1.0,0.0,0.0,0.0,211.099323,0.0,0.0,0.0,0.333333,4,0,2100.0,634.788341,808.539833,0.0,12
C13287,1763.755481,1.0,2233.3,2233.3,0.0,0.0,0.083333,0.083333,0.0,0.0,0,2,13000.0,2209.056302,405.557756,0.0,12
C14497,208.707195,0.545455,2351.58,2351.58,0.0,0.0,0.25,0.25,0.0,0.0,0,7,4500.0,3711.189548,162.638519,1.0,12
C11596,7.472301,0.181818,80.0,0.0,80.0,0.0,0.166667,0.0,0.083333,0.0,0,2,3000.0,168.885534,58.643303,0.090909,12
C17164,185.924664,0.5,617.98,617.98,0.0,0.0,0.333333,0.333333,0.0,0.0,0,13,1200.0,58.469887,82.739003,0.0,6
C17459,322.222745,0.666667,2522.03,2180.79,341.24,0.0,0.666667,0.666667,0.555556,0.0,0,18,9000.0,1898.185428,199.113916,0.4,9
C18602,92.887247,1.0,1258.5,0.0,1258.5,0.0,1.0,0.0,0.916667,0.0,0,25,1000.0,1210.465945,163.318599,0.666667,12
C16533,767.871111,1.0,1878.51,0.0,1878.51,929.9471,0.833333,0.0,0.75,0.5,6,22,2500.0,1261.146488,270.076156,0.0,12
C15485,952.952011,1.0,39.58,39.58,0.0,663.05871,0.083333,0.083333,0.0,0.083333,3,1,1800.0,1665.457998,204.226245,0.0,12
C11480,58.949864,1.0,2074.57,998.17,1076.4,0.0,0.916667,0.583333,0.5,0.0,0,25,6000.0,1694.490864,138.951551,0.333333,12
C17945,1623.723148,1.0,1283.16,0.0,1283.16,274.532868,1.0,0.0,1.0,0.166667,2,36,1700.0,1047.305005,1431.799502,0.0,12
C18722,1047.182049,0.818182,1727.64,0.0,1727.64,0.0,1.0,0.0,1.0,0.0,0,12,1000.0,3548.800193,3243.685151,0.0,12
C14414,5740.590335,1.0,8218.32,8218.32,0.0,0.0,0.75,0.75,0.0,0.0,0,17,12000.0,3318.260207,1338.187189,0.0,12
C17376,1623.895229,1.0,0.0,0.0,0.0,352.784134,0.0,0.0,0.0,0.583333,11,0,1700.0,729.695998,419.674095,0.0,12
C15661,1222.745469,0.363636,0.0,0.0,0.0,5396.550576,0.0,0.0,0.0,0.083333,1,0,6000.0,15843.68136,1261.125201,0.333333,12
C12857,1364.390161,1.0,786.0,646.0,140.0,0.0,0.5,0.166667,0.416667,0.0,0,10,5000.0,599.435586,323.619258,0.0,12
C14226,1634.559235,1.0,1062.94,1006.18,56.76,0.0,0.583333,0.5,0.166667,0.0,0,15,1800.0,584.660133,1332.692469,0.0,12
C16944,1817.150299,1.0,596.5,0.0,596.5,1736.759805,0.833333,0.0,0.833333,0.583333,11,10,3000.0,891.637597,474.182947,0.0,12
C14208,1495.080484,1.0,2323.5,2082.52,240.98,0.0,0.916667,0.916667,0.333333,0.0,0,34,8500.0,2326.318039,431.826129,0.0,12
C12448,1887.061349,1.0,0.0,0.0,0.0,93.437109,0.0,0.0,0.0,0.166667,3,0,2000.0,411.517239,765.751845,0.0,12
C17515,52.358663,0.454545,658.24,658.24,0.0,0.0,0.166667,0.166667,0.0,0.0,0,2,4000.0,1609.331101,149.861526,0.0,12
C14465,1172.183909,1.0,1700.0,900.0,800.0,0.0,0.666667,0.083333,0.666667,0.0,0,10,8000.0,1271.291305,360.944075,0.0,12
C16636,5718.507585,1.0,4717.77,851.58,3866.19,3584.26549,1.0,0.416667,0.916667,0.5,10,85,6000.0,8880.955481,3629.253811,0.0,12
C16657,11304.51755,1.0,105.83,105.83,0.0,3451.163531,0.333333,0.333333,0.0,0.583333,12,4,11500.0,1987.223626,5037.23698,0.0,12
C10227,2053.441598,1.0,493.85,441.35,52.5,1738.33378,0.5,0.333333,0.25,0.833333,16,10,2000.0,2795.059574,2661.324808,0.0,12
C13681,6.690484,0.272727,133.2,0.0,133.2,0.0,0.333333,0.0,0.25,0.0,0,4,2500.0,418.446951,42.250987,0.0,12
C16672,2732.813233,1.0,245.01,245.01,0.0,2721.303612,0.166667,0.166667,0.0,0.25,3,2,5000.0,1289.823661,782.936511,0.0,12
C14598,5256.69533,1.0,188.6,188.6,0.0,1934.418697,0.083333,0.083333,0.0,0.333333,4,1,9000.0,1421.954639,1452.249653,0.0,12
C12129,2828.765822,1.0,19.98,19.98,0.0,0.0,0.083333,0.083333,0.0,0.0,0,2,5500.0,593.220384,1159.310924,0.0,12
C11288,1739.666192,1.0,0.0,0.0,0.0,2878.737758,0.0,0.0,0.0,0.333333,7,0,4500.0,5130.543752,531.071616,0.083333,12
C14388,1396.800164,1.0,210.62,210.62,0.0,0.0,0.166667,0.166667,0.0,0.0,0,3,1500.0,703.616107,442.117237,0.0,12
C14313,5619.654569,1.0,2457.53,1352.63,1104.9,6088.185478,1.0,0.571429,0.857143,0.571429,16,35,8000.0,1140.70277,1824.646248,0.0,7
C17370,2.930211,0.4,285.39,0.0,285.39,0.0,0.9,0.0,0.8,0.0,0,9,1500.0,305.985621,31.631949,0.0,10
C14652,1238.140283,1.0,56.38,0.0,56.38,0.0,0.416667,0.0,0.416667,0.0,0,5,1600.0,398.98255,422.371745,0.0,12
C17209,49.269195,1.0,213.75,0.0,213.75,0.0,0.75,0.0,0.666667,0.0,0,9,2500.0,196.765989,206.997029,0.0,12
C10600,7295.920263,1.0,0.0,0.0,0.0,721.214369,0.0,0.0,0.0,0.25,4,0,7500.0,1984.351035,3082.801095,0.0,12
C13090,198.377577,0.636364,0.0,0.0,0.0,3882.683613,0.0,0.0,0.0,0.25,7,0,9000.0,6200.550587,114.23108,0.5,12
C11209,1.059103,0.181818,25.5,25.5,0.0,0.0,0.083333,0.083333,0.0,0.0,0,1,5500.0,563.748018,83.648417,0.5,12
C15437,15.449607,0.818182,574.75,0.0,574.75,0.0,1.0,0.0,0.909091,0.0,0,11,1000.0,560.219458,17.826933,0.0,11
C18371,7215.19576,1.0,0.0,0.0,0.0,7275.716281,0.0,0.0,0.0,0.166667,1,0,7500.0,809.179193,1639.238121,0.0,6
C10430,681.615445,1.0,4117.24,290.0,3827.24,0.0,1.0,0.166667,1.0,0.0,0,229,6000.0,4561.589382,199.730537,0.0,12
C18286,7.554365,1.0,88.56,0.0,88.56,0.0,1.0,0.0,0.916667,0.0,0,12,1500.0,68.855232,73.081017,0.285714,12
C18417,1135.540743,1.0,1148.47,1132.59,15.88,0.0,0.416667,0.416667,0.083333,0.0,0,27,1450.0,1089.187544,275.097439,0.0,12
C14466,374.405467,0.636364,1034.4,249.0,785.4,0.0,0.5,0.166667,0.416667,0.0,0,11,1200.0,1905.378315,174.443043,0.0,12
C10787,756.041971,0.875,2486.1,2052.75,433.35,0.0,0.875,0.875,0.5,0.0,0,33,4000.0,948.092359,1356.087629,0.0,8
C11431,1.753241,0.571429,0.0,0.0,0.0,390.92983,0.0,0.0,0.0,0.142857,2,0,3000.0,704.789521,46.396619,1.0,7
C15265,2106.417286,1.0,2151.93,1386.67,765.26,0.0,0.833333,0.5,0.75,0.0,0,21,4200.0,2190.962493,601.921408,0.0,12
C11245,49.022296,1.0,480.27,0.0,480.27,0.0,1.0,0.0,1.0,0.0,0,37,2500.0,636.766732,179.232469,1.0,12
C12149,463.512203,1.0,0.0,0.0,0.0,1166.982711,0.0,0.0,0.0,0.333333,5,0,7500.0,932.601452,167.149574,0.0,12
C11924,786.483086,1.0,226.9,0.0,226.9,666.779555,0.833333,0.0,0.75,0.166667,4,25,1200.0,1391.068932,187.144712,0.0,12
C13171,1939.822738,0.909091,1130.25,1130.25,0.0,1811.549006,0.583333,0.583333,0.0,0.5,20,29,3000.0,566.13825,970.417924,0.0,12
C12760,142.278809,0.909091,164.68,32.74,131.94,0.0,0.833333,0.083333,0.666667,0.0,0,10,2500.0,539.762925,141.426265,0.0,12
C14144,4858.92532,1.0,9282.12,1578.86,7703.26,4446.461559,0.833333,0.5,0.666667,0.083333,1,111,9000.0,16822.58645,3983.471892,0.0,12
C14333,5601.953934,1.0,0.0,0.0,0.0,3449.910317,0.0,0.0,0.0,0.416667,11,0,6000.0,1307.896832,1274.924905,0.0,12
C14881,2669.587009,1.0,0.0,0.0,0.0,967.482287,0.0,0.0,0.0,0.083333,1,0,6500.0,666.186973,655.620366,0.0,12
C19054,11.25397,0.888889,154.64,0.0,154.64,0.0,0.888889,0.0,0.777778,0.0,0,8,1500.0,123.322205,130.085578,0.857143,9
C18026,779.577168,0.454545,0.0,0.0,0.0,2757.126538,0.0,0.0,0.0,0.25,4,0,6000.0,9307.719055,515.375559,0.2,12
C15007,0.0,0.0,94.5,0.0,94.5,0.0,0.166667,0.0,0.166667,0.0,0,2,1500.0,0.0,,0.0,12
C10339,850.630114,1.0,0.05,0.05,0.0,1700.634586,0.083333,0.083333,0.0,0.333333,7,1,1000.0,1084.281127,367.409536,0.0,12
C14647,49.911409,1.0,178.4,0.0,178.4,0.0,1.0,0.0,1.0,0.0,0,12,2500.0,130.650758,166.81518,0.0,12
C14907,131.069154,1.0,1315.39,313.08,1002.31,0.0,1.0,1.0,1.0,0.0,0,50,3500.0,1123.656185,182.23728,1.0,12
C13058,5968.583246,1.0,22381.97,19150.02,3231.95,0.0,1.0,1.0,0.583333,0.0,0,87,14500.0,20343.28681,1966.191831,0.0,12
C16643,811.071722,1.0,208.92,0.0,208.92,206.635247,0.666667,0.0,0.666667,0.166667,2,8,2500.0,282.414709,346.656778,0.0,12
C13218,99.527723,0.818182,1059.59,1059.59,0.0,0.0,0.666667,0.666667,0.0,0.0,0,14,2500.0,1438.379172,162.415247,0.833333,12
C15382,576.890374,1.0,1081.0,1081.0,0.0,0.0,0.25,0.25,0.0,0.0,0,3,6000.0,513.64046,190.606207,0.0,12
C11149,256.433357,1.0,206.35,0.0,206.35,0.0,0.75,0.0,0.75,0.0,0,9,1000.0,689.933057,1879.817257,0.0,12
C16050,2408.162021,1.0,0.0,0.0,0.0,615.181965,0.0,0.0,0.0,0.333333,5,0,2500.0,516.675665,810.048137,0.0,12
C13489,935.367518,0.818182,2186.22,1774.12,412.1,0.0,0.416667,0.333333,0.25,0.0,0,35,1700.0,3159.774947,291.825678,0.0,12
C12937,9.730297,0.636364,99.24,0.0,99.24,0.0,0.583333,0.0,0.583333,0.0,0,8,1000.0,195.347822,104.212617,0.142857,12
C14585,1801.084627,0.833333,0.0,0.0,0.0,3189.613873,0.0,0.0,0.0,0.833333,11,0,10000.0,329.077571,216.751158,0.0,6
C11325,3.574463,0.818182,576.0,0.0,576.0,0.0,1.0,0.0,1.0,0.0,0,12,1000.0,498.788091,,0.0,12
C14090,423.972293,0.454545,0.0,0.0,0.0,1677.787494,0.0,0.0,0.0,0.333333,4,0,1500.0,316.450771,110.828101,0.0,12
C15270,10.678354,0.727273,50.0,50.0,0.0,0.0,0.083333,0.083333,0.0,0.0,0,1,3000.0,71.90595,91.526002,0.0,12
C16995,4619.500393,1.0,1870.8,1148.75,722.05,0.0,0.5,0.166667,0.416667,0.0,0,11,5000.0,2296.399555,2771.549821,0.0,12
C15562,788.5958,1.0,3858.06,3678.81,179.25,974.547645,0.916667,0.833333,0.166667,0.333333,6,44,7050.0,8123.060053,3915.696493,0.444444,12
C14428,34.017341,0.272727,494.6,494.6,0.0,0.0,0.083333,0.083333,0.0,0.0,0,1,4000.0,456.293143,19.131945,0.0,12
C18406,1047.173202,1.0,450.0,0.0,450.0,0.0,0.666667,0.0,0.666667,0.0,0,12,1000.0,503.698541,1256.70522,0.0,12
C13196,1766.619204,1.0,261.12,233.54,27.58,958.092503,0.5,0.416667,0.166667,0.916667,21,8,1950.0,1508.080601,398.520851,0.0,12
C11004,3108.393701,0.9,26582.34,15158.9,11423.44,0.0,0.9,0.8,0.8,0.0,0,55,28000.0,26557.09724,586.029097,0.875,10
C14417,4988.093733,1.0,8581.29,4640.84,3940.45,225.473003,1.0,0.666667,1.0,0.083333,1,94,10500.0,1571.883,1133.733957,0.0,12
C18631,6.484008,0.272727,61.71,0.0,61.71,0.0,0.25,0.0,0.25,0.0,0,3,1000.0,233.763723,136.908362,1.0,12
C13989,39.557369,0.363636,45.65,45.65,0.0,0.0,0.083333,0.083333,0.0,0.0,0,1,3000.0,831.294005,237.52827,0.0,12
C17180,6.104302,0.272727,134.97,0.0,134.97,0.0,0.25,0.0,0.25,0.0,0,6,4000.0,202.780964,42.148136,0.181818,12
C17166,187.516986,1.0,0.0,0.0,0.0,823.171535,0.0,0.0,0.0,0.25,5,0,4500.0,899.369544,96.727625,0.166667,12
C13952,1.025109,0.090909,59.66,0.0,59.66,0.0,0.083333,0.0,0.083333,0.0,0,1,1700.0,0.0,,0.0,12
C17380,402.512336,0.909091,150.0,0.0,150.0,0.0,0.272727,0.0,0.181818,0.0,0,3,450.0,228.715923,189.459157,0.0,11
C12344,1301.549278,1.0,0.0,0.0,0.0,72.681585,0.0,0.0,0.0,0.083333,1,0,1500.0,317.211622,531.398722,0.0,12
C11326,5086.333429,1.0,548.89,548.89,0.0,7298.31132,0.166667,0.166667,0.0,0.5,11,3,8500.0,7327.589749,1146.630327,0.0,12
C14165,209.490297,1.0,1956.6,0.0,1956.6,0.0,1.0,0.0,1.0,0.0,0,12,4000.0,1800.384664,177.881873,0.916667,12
C19116,16.023788,1.0,207.28,0.0,207.28,0.0,1.0,0.0,0.875,0.0,0,8,1000.0,173.073406,127.144223,0.714286,8
C14319,75.792862,1.0,1117.35,0.0,1117.35,0.0,1.0,0.0,1.0,0.0,0,16,5000.0,1060.951647,183.52695,1.0,12
C11485,67.32184,1.0,685.15,567.65,117.5,0.0,1.0,1.0,0.416667,0.0,0,20,9000.0,526.120039,169.900038,0.3,12
C12200,273.247883,1.0,60.0,60.0,0.0,0.0,0.083333,0.083333,0.0,0.0,0,1,2300.0,111.559902,208.976648,0.0,12
C18846,1.307969,0.272727,0.0,0.0,0.0,296.676377,0.0,0.0,0.0,0.083333,1,0,1200.0,1238.145022,46.176547,1.0,12
C10116,3393.351236,1.0,0.0,0.0,0.0,1008.348672,0.0,0.0,0.0,0.083333,2,0,4200.0,0.0,,0.0,12
C11805,2529.016337,1.0,1040.74,0.0,1040.74,0.0,1.0,0.0,1.0,0.0,0,28,2500.0,1746.018537,2996.008935,0.0,12
C12704,266.475852,0.272727,0.0,0.0,0.0,1560.735908,0.0,0.0,0.0,0.166667,2,0,1500.0,792.623374,226.586503,0.0,12
C13577,5.265937,0.363636,22.5,0.0,22.5,0.0,0.083333,0.0,0.083333,0.0,0,1,3000.0,819.881055,60.727594,0.0,12
C17641,11.981427,0.727273,187.55,0.0,187.55,0.0,0.75,0.0,0.75,0.0,0,9,1000.0,261.920143,160.970746,0.625,12
C13551,433.436164,1.0,2552.55,626.51,1926.04,0.0,1.0,1.0,0.916667,0.0,0,28,5000.0,2828.817452,184.724863,0.0,12
C18572,26.143768,0.363636,0.0,0.0,0.0,490.493,0.0,0.0,0.0,0.090909,4,0,1000.0,1132.076982,42.063009,0.333333,11
C18819,1034.026449,1.0,93.34,0.0,93.34,432.159364,0.25,0.0,0.25,0.083333,1,4,1500.0,294.925221,419.071157,0.0,12
C13081,2201.533726,1.0,0.0,0.0,0.0,2719.782919,0.0,0.0,0.0,0.166667,4,0,3000.0,3436.911086,711.894455,0.083333,12
C17037,1098.52228,1.0,285.24,0.0,285.24,0.0,0.5,0.0,0.5,0.0,0,9,1200.0,554.294411,724.979174,0.0,12
C17198,1004.262002,1.0,150.0,0.0,150.0,0.0,0.333333,0.0,0.333333,0.0,0,6,1000.0,390.113261,851.977449,0.0,12
C16231,236.264094,1.0,1949.62,1430.92,518.7,0.0,1.0,1.0,0.5,0.0,0,38,1800.0,1679.271891,163.817498,0.1,12
C11343,2138.185971,1.0,45.65,45.65,0.0,0.0,0.083333,0.083333,0.0,0.0,0,1,2500.0,728.892219,755.461023,0.0,12
C17350,2388.410501,1.0,0.0,0.0,0.0,7529.012056,0.0,0.0,0.0,0.416667,15,0,7000.0,1593.23412,703.092721,0.0,12
C10767,1.691842,1.0,0.0,0.0,0.0,1148.820355,0.0,0.0,0.0,0.166667,3,0,1500.0,3.500505,8.56154,0.0,6
C17892,2722.532415,1.0,0.0,0.0,0.0,2946.839566,0.0,0.0,0.0,0.083333,1,0,3000.0,743.715499,812.598903,0.0,12
C17970,1366.778251,1.0,5065.83,4539.7,526.13,48.245421,1.0,1.0,0.666667,0.083333,1,69,1700.0,4366.758829,904.850068,0.0,12
C17856,1571.218695,1.0,375.24,375.24,0.0,1093.862642,0.7,0.7,0.0,0.4,9,8,1700.0,824.975105,563.475533,0.0,10
C16922,1060.274411,1.0,404.24,404.24,0.0,0.0,0.083333,0.083333,0.0,0.0,0,1,1500.0,1024.733353,2707.521979,0.0,12
C16609,6650.001408,1.0,275.38,235.71,39.67,494.997609,0.25,0.166667,0.166667,0.333333,9,7,15500.0,1386.144517,1538.648155,0.0,12
C17607,709.475496,1.0,0.0,0.0,0.0,1240.838098,0.0,0.0,0.0,0.25,4,0,1000.0,1242.9897,402.871353,0.083333,12
C17959,116.343256,1.0,38.0,0.0,38.0,0.0,0.333333,0.0,0.333333,0.0,0,4,1500.0,59.260669,215.395806,0.0,12
C14506,2228.47847,1.0,979.11,197.05,782.06,809.443906,1.0,0.166667,1.0,0.166667,2,31,2900.0,1097.760409,1330.385356,0.0,12
C15122,3583.515054,1.0,5683.71,219.98,5463.73,0.0,1.0,0.166667,1.0,0.0,0,110,3000.0,4752.379612,8296.912755,0.0,12
C18063,77.32592,1.0,664.51,0.0,664.51,0.0,0.916667,0.0,0.833333,0.0,0,11,2500.0,623.532457,174.762624,1.0,12
C16423,31.269893,1.0,224.81,224.81,0.0,0.0,1.0,1.0,0.0,0.0,0,16,1800.0,284.388927,225.29301,0.166667,12
C19038,29.057803,1.0,163.4,0.0,163.4,0.0,1.0,0.0,0.9,0.0,0,10,1500.0,110.737985,134.58759,0.25,10
C12097,5408.754166,1.0,1207.24,979.36,227.88,3064.470065,0.166667,0.166667,0.083333,0.916667,20,18,7000.0,3130.304246,2767.052658,0.0,12
C10451,7057.658848,1.0,360.7,360.7,0.0,6517.541812,0.083333,0.083333,0.0,0.333333,15,2,8000.0,5147.693822,2610.053885,0.0,12
C13519,2651.966491,1.0,0.0,0.0,0.0,1680.241238,0.0,0.0,0.0,0.25,5,0,3000.0,771.905711,778.739379,0.0,12
C14183,313.360445,0.818182,1031.91,1031.91,0.0,0.0,0.5,0.5,0.0,0.0,0,10,3000.0,2534.336507,121.667988,0.111111,12
C10319,1613.34907,0.909091,0.0,0.0,0.0,1606.322681,0.0,0.0,0.0,0.181818,3,0,4500.0,312.433361,648.139459,0.0,11
C19018,525.143055,0.571429,0.0,0.0,0.0,1019.874229,0.0,0.0,0.0,0.142857,4,0,1200.0,200.10608,130.9144,0.0,7
C18804,134.142415,0.909091,1729.67,1729.67,0.0,0.0,0.666667,0.666667,0.0,0.0,0,11,1200.0,1735.980519,127.46298,0.333333,12
C14171,293.614532,0.857143,839.61,839.61,0.0,2018.794348,0.714286,0.714286,0.0,0.857143,12,11,3000.0,2585.110269,102.177146,0.5,7
C10092,8181.251131,1.0,2258.01,1318.78,939.23,5251.228934,1.0,0.75,1.0,0.75,21,60,13500.0,3021.575846,2074.581541,0.0,12
C16880,412.385505,1.0,0.0,0.0,0.0,125.631015,0.0,0.0,0.0,0.083333,2,0,1500.0,1543.55933,136.386862,0.083333,12
C10415,2025.162877,1.0,778.33,0.0,778.33,0.0,0.916667,0.0,0.916667,0.0,0,28,2000.0,1411.329676,1430.50774,0.0,12
C11055,1583.622027,1.0,45.65,45.65,0.0,0.0,0.090909,0.090909,0.0,0.0,0,1,1700.0,317.911208,481.237501,0.0,11
C10912,21.681508,1.0,299.04,0.0,299.04,0.0,1.0,0.0,1.0,0.0,0,12,7500.0,320.616627,188.367946,0.916667,12
C16583,157.907139,1.0,499.92,0.0,499.92,1093.855719,1.0,0.0,1.0,0.166667,4,12,3000.0,788.375119,150.191528,0.0,12
C18918,18.516899,1.0,260.4,0.0,260.4,0.0,1.0,0.0,1.0,0.0,0,12,1500.0,249.469171,167.269706,0.75,12
C16771,25.998899,0.111111,0.0,0.0,0.0,466.387778,0.0,0.0,0.0,0.111111,1,0,4000.0,0.0,,0.0,9
C12291,391.385478,1.0,0.0,0.0,0.0,0.0,0.333333,0.0,0.333333,0.0,0,0,4000.0,192.787345,227.924469,0.0,12
C15252,0.0,0.0,0.0,0.0,0.0,465.571691,0.0,0.0,0.0,0.083333,1,0,3000.0,6112.512276,,0.0,12
C17422,1457.381936,1.0,0.0,0.0,0.0,236.725014,0.0,0.0,0.0,0.416667,7,0,1500.0,536.361045,508.611551,0.0,12
C13693,3221.717702,1.0,0.0,0.0,0.0,935.750295,0.0,0.0,0.0,0.083333,4,0,4500.0,5058.385272,1103.84347,0.083333,12
C10267,1049.496471,1.0,1322.67,1096.71,225.96,774.260436,0.833333,0.75,0.416667,0.25,6,28,11000.0,802.38543,229.655091,0.0,12
C14635,287.884126,1.0,1545.03,124.72,1420.31,289.630816,1.0,0.083333,1.0,0.333333,5,41,6500.0,1182.107223,187.489659,0.25,12
C10299,83.148283,0.636364,843.34,843.34,0.0,0.0,0.5,0.5,0.0,0.0,0,17,6500.0,1024.267592,122.850835,0.5,12
C12967,39.642014,1.0,0.0,0.0,0.0,45.175571,0.0,0.0,0.0,0.083333,1,0,5000.0,0.0,,0.0,12
C16923,92.876617,1.0,922.74,0.0,922.74,0.0,1.0,0.0,1.0,0.0,0,69,3000.0,897.050714,176.218615,1.0,12
C18970,11.442399,0.636364,82.0,0.0,82.0,0.0,0.5,0.0,0.416667,0.0,0,6,1000.0,82.847064,80.676988,0.222222,12
C18829,655.786755,1.0,387.68,0.0,387.68,0.0,0.083333,0.0,0.083333,0.0,0,1,2000.0,1110.023792,644.26765,0.0,12
C15755,3128.61332,1.0,3875.71,2244.32,1631.39,0.0,1.0,0.916667,1.0,0.0,0,98,6500.0,1628.411065,1548.159984,0.0,12
C12445,19.112841,1.0,504.2,0.0,504.2,0.0,1.0,0.0,1.0,0.0,0,20,1000.0,476.370018,130.862225,0.727273,12
C11981,5418.305735,1.0,0.0,0.0,0.0,5051.791781,0.0,0.0,0.0,0.666667,29,0,8000.0,1476.335057,1555.563621,0.0,12
C14868,4035.138453,1.0,0.0,0.0,0.0,2399.437045,0.0,0.0,0.0,0.25,3,0,7000.0,1474.388466,927.057881,0.0,12
C10764,95.865855,0.363636,1123.58,1123.58,0.0,0.0,0.083333,0.083333,0.0,0.0,0,9,1500.0,3245.496885,142.868781,0.0,12
C17253,71.837385,0.454545,0.0,0.0,0.0,189.391686,0.0,0.0,0.0,0.083333,1,0,1500.0,57.999563,171.12655,0.0,12
C14187,882.423211,1.0,288.75,270.0,18.75,0.0,0.166667,0.083333,0.083333,0.0,0,3,1000.0,450.107573,400.171096,0.0,12
C18019,1361.203619,1.0,952.09,523.09,429.0,2749.569996,0.583333,0.166667,0.416667,0.333333,4,19,1500.0,4256.495061,426.96591,0.083333,12
C10567,76.93561,0.833333,277.0,277.0,0.0,0.0,0.333333,0.333333,0.0,0.0,0,2,8500.0,814.605178,109.433095,0.333333,6
C12622,4936.913341,1.0,407.81,351.81,56.0,2790.468488,0.333333,0.25,0.083333,0.333333,7,4,5000.0,2189.546633,2473.447437,0.0,12
C13928,57.408695,1.0,338.5,338.5,0.0,0.0,0.166667,0.166667,0.0,0.0,0,2,7000.0,354.35735,199.273484,0.125,12
C16972,28.178604,0.909091,208.6,0.0,208.6,0.0,0.833333,0.0,0.75,0.0,0,10,1000.0,186.560331,166.048636,0.375,12
C13406,80.178891,1.0,1200.0,0.0,1200.0,0.0,1.0,0.0,0.916667,0.0,0,12,1200.0,1037.62728,165.880254,1.0,12
C18878,100.477642,1.0,1560.0,0.0,1560.0,0.0,1.0,0.0,1.0,0.0,0,12,1000.0,1480.011123,165.000922,1.0,12
C17794,568.222966,1.0,140.03,140.03,0.0,0.0,0.083333,0.083333,0.0,0.0,0,4,1200.0,203.362743,203.599221,0.0,12
C17249,1978.729646,1.0,0.0,0.0,0.0,111.235788,0.0,0.0,0.0,0.166667,2,0,6500.0,407.327265,531.931444,0.0,12
C14996,445.921101,1.0,1580.56,701.61,878.95,2703.408056,1.0,0.666667,1.0,0.5,14,61,2500.0,3992.8893,185.418931,1.0,12
C15050,3067.274152,1.0,0.0,0.0,0.0,591.246114,0.0,0.0,0.0,0.083333,1,0,3500.0,692.136868,877.674613,0.0,12
C13742,854.739785,1.0,0.0,0.0,0.0,298.390512,0.0,0.0,0.0,0.083333,1,0,7000.0,1397.280901,249.103542,0.0,12
C13302,65.207898,0.454545,350.0,350.0,0.0,0.0,0.083333,0.083333,0.0,0.0,0,1,8000.0,369.369235,97.235037,0.0,12
C12965,346.782576,1.0,961.12,961.12,0.0,0.0,0.333333,0.333333,0.0,0.0,0,4,7000.0,409.11342,373.884808,0.0,12
C10829,5359.980872,1.0,0.0,0.0,0.0,1113.868654,0.0,0.0,0.0,0.25,3,0,6000.0,638.144031,12866.94167,0.0,12
C14155,3252.763399,0.833333,230.0,74.0,156.0,4497.284924,0.833333,0.166667,0.666667,0.333333,5,11,4500.0,567.149683,953.566574,0.0,6
C11451,83.279708,0.545455,899.73,899.73,0.0,0.0,0.333333,0.333333,0.0,0.0,0,5,8000.0,1846.833247,136.934288,1.0,12
C10058,3625.218146,1.0,313.27,313.27,0.0,668.468743,0.25,0.25,0.0,0.416667,5,4,4000.0,0.0,,0.0,12
C10072,1699.435486,1.0,1363.69,1363.69,0.0,0.0,0.333333,0.333333,0.0,0.0,0,4,1700.0,1623.816348,923.505868,0.0,12
C15971,36.412211,0.545455,343.56,0.0,343.56,0.0,0.454545,0.0,0.363636,0.0,0,7,2000.0,349.484812,133.622458,0.0,11
C10738,838.616485,1.0,375.57,375.57,0.0,99.587515,0.25,0.25,0.0,0.083333,1,3,6000.0,779.057364,179.42685,0.0,12
C15805,1283.560983,0.454545,0.0,0.0,0.0,871.427059,0.0,0.0,0.0,0.25,4,0,4000.0,4525.286325,408.805328,0.090909,12
C10276,8097.334733,1.0,3999.92,200.0,3799.92,0.0,1.0,0.083333,1.0,0.0,0,14,7500.0,5624.074339,9952.672511,0.0,12
C11639,82.803156,1.0,756.68,597.35,159.33,0.0,1.0,1.0,0.166667,0.0,0,14,4000.0,699.109729,177.91561,1.0,12
C19074,281.877648,0.666667,0.0,0.0,0.0,489.527383,0.0,0.0,0.0,0.111111,1,0,500.0,236.503747,157.063207,0.0,9
C12041,0.001289,0.181818,96.12,0.0,96.12,0.0,0.833333,0.0,0.833333,0.0,0,10,1500.0,102.848649,0.019163,0.0,12
C15288,95.887902,1.0,769.0,325.0,444.0,0.0,0.666667,0.416667,0.25,0.0,0,15,4000.0,958.996228,151.156275,0.4,12
C13914,14100.2511,1.0,4995.8,3403.11,1592.69,20712.67008,1.0,1.0,0.333333,0.833333,36,34,16500.0,20418.33238,21235.0653,0.0,12
C13251,148.7321,1.0,532.66,342.66,190.0,0.0,0.416667,0.166667,0.25,0.0,0,12,3000.0,476.194293,174.358116,0.083333,12
C14043,1693.841127,1.0,2439.98,1373.89,1066.09,1068.614851,1.0,0.75,1.0,0.333333,7,45,5500.0,1474.677315,507.969189,0.0,12
C13542,2024.488164,1.0,0.0,0.0,0.0,1374.874243,0.0,0.0,0.0,0.083333,1,0,3000.0,3398.082374,678.700673,0.083333,12
C17097,1026.220651,1.0,0.0,0.0,0.0,452.176025,0.0,0.0,0.0,0.083333,1,0,1500.0,263.839295,309.854995,0.0,12
C18816,1889.128442,0.909091,0.0,0.0,0.0,2994.518885,0.0,0.0,0.0,0.363636,12,0,3000.0,7744.256948,631.349828,0.0,11
C15743,2932.136377,1.0,0.0,0.0,0.0,1866.470014,0.0,0.0,0.0,0.583333,12,0,3500.0,809.813492,849.210431,0.0,12
C15020,38.013028,1.0,469.62,0.0,469.62,0.0,0.833333,0.0,0.833333,0.0,0,12,4000.0,744.854844,68.98672,0.4,12
C11990,1469.720674,1.0,0.0,0.0,0.0,170.376441,0.0,0.0,0.0,0.333333,5,0,1500.0,395.486928,513.397785,0.0,12
C13925,1641.251218,0.727273,0.0,0.0,0.0,2990.165538,0.0,0.0,0.0,0.166667,4,0,3000.0,4399.723425,500.276155,0.142857,12
C18376,5.606423,0.090909,114.0,114.0,0.0,0.0,0.083333,0.083333,0.0,0.0,0,2,4000.0,434.803301,57.299031,0.0,12
C17897,16.727286,0.888889,174.46,0.0,174.46,0.0,0.888889,0.0,0.666667,0.0,0,8,1500.0,142.694823,116.628448,0.333333,9
C15167,4587.062248,1.0,333.28,0.0,333.28,77.956377,0.583333,0.0,0.583333,0.083333,1,8,5000.0,1234.809537,1673.959822,0.0,12
C17247,166.514439,0.777778,503.92,370.3,133.62,0.0,0.777778,0.444444,0.666667,0.0,0,14,2500.0,142.308045,130.127411,0.0,9
C14706,3261.241461,1.0,0.0,0.0,0.0,154.67204,0.0,0.0,0.0,0.083333,1,0,6500.0,800.677168,1588.441785,0.0,12
C18778,528.463885,1.0,0.0,0.0,0.0,5191.738847,0.0,0.0,0.0,0.833333,11,0,1000.0,4736.808799,309.547058,0.833333,12
C14587,24.831137,0.636364,1909.13,30.0,1879.13,0.0,0.916667,0.083333,0.833333,0.0,0,12,2000.0,1831.935279,21.095616,0.0,12
C15864,3598.913061,1.0,53.13,53.13,0.0,2767.233925,0.083333,0.083333,0.0,0.25,6,1,6000.0,868.558084,1233.962964,0.0,12
C14125,137.864267,0.272727,237.24,0.0,237.24,1113.534935,1.0,0.0,1.0,0.083333,2,12,1200.0,1232.901419,109.853069,0.0,12
C12990,34.869037,1.0,356.32,0.0,356.32,0.0,1.0,0.0,0.875,0.0,0,8,1000.0,286.841222,129.155038,0.571429,8
C14082,2046.402647,1.0,3976.4,3298.79,677.61,0.0,1.0,0.833333,0.416667,0.0,0,23,7000.0,3413.229693,513.763932,0.0,12
C18255,1278.279881,1.0,15.0,15.0,0.0,0.0,0.083333,0.083333,0.0,0.0,0,1,1500.0,275.225729,436.116254,0.0,12
C11374,363.344239,0.818182,665.86,234.98,430.88,0.0,0.833333,0.75,0.75,0.0,0,34,4000.0,1734.889908,232.164739,0.090909,12
C14169,16.179446,0.272727,80.0,0.0,80.0,0.0,0.166667,0.0,0.166667,0.0,0,2,5000.0,140.010501,69.870393,0.0,12
C11739,1669.01626,1.0,892.3,517.3,375.0,295.812224,0.916667,0.75,0.416667,0.083333,1,14,1800.0,1065.80426,1027.885496,0.0,12
C18860,1528.122917,1.0,0.0,0.0,0.0,2426.656054,0.0,0.0,0.0,0.5,19,0,3500.0,2039.574349,314.465218,0.0,12
C19186,28.493517,1.0,291.12,0.0,291.12,0.0,1.0,0.0,0.833333,0.0,0,6,1000.0,325.594462,48.886365,0.5,6
C11837,4803.122987,1.0,0.0,0.0,0.0,1692.520703,0.0,0.0,0.0,0.416667,6,0,8500.0,1089.772516,1564.04788,0.0,12
C18774,16.270638,0.3,1131.46,1131.46,0.0,0.0,0.2,0.2,0.0,0.0,0,3,3000.0,932.976337,69.561118,0.0,10
C10779,3406.473855,1.0,1140.0,0.0,1140.0,0.0,0.5,0.0,0.5,0.0,0,6,3650.0,2541.196672,2559.345,0.0,12
C14590,568.060722,1.0,1799.03,1799.03,0.0,0.0,0.833333,0.833333,0.0,0.0,0,14,10000.0,1770.472642,215.536534,0.0,12
C16116,757.470201,1.0,118.7,0.0,118.7,1520.641388,0.5,0.0,0.5,0.166667,4,12,2000.0,305.892501,211.984193,0.083333,12
C14380,492.265287,1.0,424.5,0.0,424.5,0.0,0.25,0.0,0.25,0.0,0,3,4000.0,142.123847,292.596739,0.0,12
C17635,578.795795,0.545455,994.12,105.0,889.12,2578.563752,0.833333,0.166667,0.833333,0.75,31,12,2500.0,2369.347633,114.089533,0.0,12
C10495,4102.599015,1.0,1483.12,1085.19,397.93,1992.715742,0.833333,0.25,0.583333,0.166667,3,30,5000.0,1357.36111,1919.690041,0.0,12
C15174,3350.116932,1.0,39.8,39.8,0.0,3907.706693,0.083333,0.083333,0.0,0.083333,2,1,8000.0,1809.711855,907.682774,0.0,12
C15154,477.16584,1.0,1342.51,1072.51,270.0,0.0,0.583333,0.583333,0.083333,0.0,0,20,8500.0,1089.226019,211.335301,0.0,12
C17143,26.800912,1.0,163.2,0.0,163.2,0.0,0.75,0.0,0.75,0.0,0,9,3000.0,144.275838,130.672307,0.0,12
C10219,3670.50596,1.0,965.5,876.13,89.37,0.0,0.5,0.5,0.083333,0.0,0,9,7500.0,1034.932404,941.496383,0.0,12
C10487,6426.639738,1.0,4462.86,2816.46,1646.4,4599.625146,1.0,0.833333,0.916667,0.333333,11,103,11800.0,1793.043228,3101.01703,0.0,12
C11597,1258.079397,1.0,1242.46,778.61,463.85,1145.724422,1.0,0.5,1.0,0.416667,8,33,4500.0,3169.465442,299.254363,0.083333,12
C18124,69.190177,1.0,431.52,0.0,431.52,0.0,1.0,0.0,1.0,0.0,0,12,2700.0,439.947272,171.63298,0.333333,12
C12664,23.39023,0.636364,291.7,0.0,291.7,0.0,0.583333,0.0,0.583333,0.0,0,7,2500.0,453.889925,153.140825,0.857143,12
C18834,20.996733,0.909091,295.92,0.0,295.92,0.0,1.0,0.0,1.0,0.0,0,12,1000.0,276.213902,160.911617,0.636364,12
C15881,1466.852542,1.0,543.58,543.58,0.0,0.0,0.25,0.25,0.0,0.0,0,4,2500.0,518.150669,355.284593,0.0,12
C17829,467.439275,1.0,0.0,0.0,0.0,938.573177,0.0,0.0,0.0,0.333333,6,0,800.0,581.994796,214.399847,0.0,12
C15061,36.174755,1.0,315.0,0.0,315.0,0.0,1.0,0.0,1.0,0.0,0,12,1000.0,294.181491,166.626282,0.0,12
C11060,48.521324,1.0,514.97,514.97,0.0,0.0,1.0,1.0,0.0,0.0,0,16,5500.0,380.613937,208.568375,0.25,12
C16772,1794.531623,1.0,0.0,0.0,0.0,1050.199464,0.0,0.0,0.0,0.166667,5,0,2500.0,2562.51109,527.259216,0.083333,12
C16376,1433.699563,1.0,50.0,50.0,0.0,0.0,0.083333,0.083333,0.0,0.0,0,1,1500.0,275.687079,457.454141,0.0,12
C14502,339.956112,1.0,2199.65,815.15,1384.5,0.0,0.916667,0.083333,0.833333,0.0,0,13,6000.0,2577.703016,242.28511,0.2,12
C16714,92.859389,1.0,468.96,0.0,498.96,0.0,1.0,0.0,0.833333,0.0,0,5,1000.0,348.784045,87.169565,1.0,6
C11518,129.613905,0.636364,1083.04,1083.04,0.0,0.0,0.333333,0.333333,0.0,0.0,0,10,5500.0,1958.462851,87.443335,1.0,12
C11942,1265.781431,1.0,1585.79,1257.32,328.47,0.0,1.0,0.416667,1.0,0.0,0,22,3000.0,338.977714,399.110239,0.0,12
C17181,177.602057,1.0,2863.31,2407.53,455.78,832.203874,1.0,0.583333,0.75,0.416667,10,27,1500.0,3344.466066,203.049504,0.583333,12
C16660,179.362453,0.545455,839.09,0.0,839.09,331.493048,0.833333,0.0,0.75,0.083333,1,11,3000.0,555.713401,91.081745,0.0,12
C13277,1076.586375,1.0,2204.54,877.89,1326.65,0.0,1.0,0.166667,1.0,0.0,0,50,1000.0,2514.502136,2301.241067,0.0,12
C10801,1252.58309,1.0,1163.93,950.03,213.9,0.0,0.833333,0.75,0.416667,0.0,0,22,5000.0,0.0,,0.0,12
C13899,1851.372165,1.0,6006.79,5506.81,499.98,0.0,1.0,1.0,0.916667,0.0,0,93,7600.0,5389.6734,586.24393,0.083333,12
C12898,302.142293,1.0,3612.24,3340.05,272.19,0.0,1.0,1.0,0.083333,0.0,0,35,10500.0,2866.24778,192.523653,1.0,12
C18891,154.416929,1.0,483.27,483.27,0.0,108.462594,0.416667,0.416667,0.0,0.166667,2,7,500.0,266.232394,181.91342,0.0,12
C15292,668.291862,0.545455,248.77,0.0,248.77,0.0,0.333333,0.0,0.333333,0.0,0,8,1500.0,2482.201611,244.376255,0.0,12
C10667,3725.636832,1.0,0.0,0.0,0.0,516.029064,0.0,0.0,0.0,0.666667,9,0,4000.0,1221.274221,1537.255049,0.0,12
C12827,51.794504,1.0,800.11,50.59,749.52,92.971171,1.0,0.166667,1.0,0.083333,1,14,4000.0,877.523458,183.608716,0.916667,12
C10203,281.170378,0.818182,3163.69,56.8,3106.89,0.0,0.75,0.083333,0.666667,0.0,0,36,8000.0,2422.911622,187.046284,0.888889,12
C16715,84.3929,0.909091,141.84,0.0,141.84,0.0,0.75,0.0,0.75,0.0,0,23,1200.0,371.759761,158.208417,0.1,12
C11198,34.207779,0.090909,2483.26,2483.26,0.0,0.0,0.083333,0.083333,0.0,0.0,0,1,10000.0,29272.48607,,0.0,12
C13752,2899.032432,0.857143,0.0,0.0,0.0,3431.707208,0.0,0.0,0.0,0.571429,7,0,4000.0,407.402983,636.954252,0.0,7
C17277,969.139152,1.0,269.34,78.0,191.34,78.31266,0.666667,0.083333,0.583333,0.083333,1,11,2000.0,641.186755,383.080045,0.0,12
C11145,3508.560867,1.0,0.0,0.0,0.0,2251.744713,0.0,0.0,0.0,0.083333,2,0,9000.0,4508.112909,935.839831,0.0,12
C16837,6280.767092,1.0,0.0,0.0,0.0,3385.339487,0.0,0.0,0.0,0.25,9,0,10500.0,1782.28106,1685.72199,0.0,12
C15460,135.794123,0.909091,880.28,0.0,880.28,0.0,0.833333,0.0,0.833333,0.0,0,22,6000.0,1550.332412,178.096603,0.727273,12
C11468,311.357,0.818182,2283.07,2283.07,0.0,0.0,0.666667,0.666667,0.0,0.0,0,18,9000.0,2395.548466,178.054329,1.0,12
C19048,385.462843,0.9,427.1,50.0,377.1,809.585272,0.9,0.1,0.8,0.5,6,25,1000.0,343.125132,334.254826,0.0,10
C18298,1043.025044,1.0,576.0,0.0,576.0,48.874389,1.0,0.0,1.0,0.083333,1,24,1000.0,733.677722,1082.915299,0.0,12
C16778,25.72535,0.363636,150.48,0.0,150.48,0.0,0.25,0.0,0.25,0.0,0,3,2500.0,558.52387,200.77995,0.0,12
C12984,1307.937701,1.0,1280.58,237.4,1043.18,0.0,0.833333,0.083333,0.833333,0.0,0,28,1800.0,544.411381,337.179545,0.0,12
C15727,20.700474,0.857143,94.98,0.0,94.98,0.0,0.857143,0.0,0.714286,0.0,0,6,1000.0,86.16753,104.771473,0.5,7
C14456,83.564804,1.0,616.0,0.0,616.0,0.0,1.0,0.0,0.875,0.0,0,8,1000.0,526.820014,135.473963,0.833333,8
C11818,1740.169093,1.0,276.72,0.0,276.72,0.0,1.0,0.0,1.0,0.0,0,15,1800.0,667.764492,601.656779,0.0,12
C10991,463.07144,1.0,1817.84,1817.84,0.0,0.0,0.333333,0.333333,0.0,0.0,0,4,6000.0,0.0,,0.0,12
C12044,2004.298844,1.0,1500.0,1500.0,0.0,0.0,0.083333,0.083333,0.0,0.0,0,1,3000.0,675.426241,672.964531,0.0,12
C11735,4977.237859,1.0,61.99,61.99,0.0,7448.32932,0.083333,0.083333,0.0,0.5,22,1,6500.0,6850.235626,1587.042735,0.0,12
C10658,2134.513436,1.0,733.35,78.6,654.75,5716.149236,0.818182,0.181818,0.818182,0.181818,7,11,3000.0,6801.933334,1017.637027,0.090909,11
C18196,822.579064,1.0,1188.24,0.0,1188.24,0.0,1.0,0.0,1.0,0.0,0,36,1000.0,1773.581187,2070.636374,0.0,12
C14601,4917.162359,1.0,0.0,0.0,0.0,3179.132724,0.0,0.0,0.0,0.25,7,0,5000.0,865.821715,1977.876309,0.0,12
C13703,135.765325,1.0,3997.03,3943.93,53.1,99.079907,0.5,0.166667,0.333333,0.083333,1,7,5600.0,3741.698029,206.505497,0.0,12
C11305,2596.455261,1.0,0.0,0.0,0.0,1689.711942,0.0,0.0,0.0,0.083333,1,0,3000.0,714.50351,818.65483,0.0,12
C10123,54.933231,0.272727,495.0,0.0,495.0,0.0,0.166667,0.0,0.166667,0.0,0,2,7000.0,1969.845566,147.049952,1.0,12
C16665,50.940247,1.0,426.47,0.0,426.47,0.0,0.916667,0.0,0.833333,0.0,0,11,3000.0,409.376563,174.613628,1.0,12
C15544,2722.600219,1.0,0.0,0.0,0.0,234.473649,0.0,0.0,0.0,0.083333,2,0,3000.0,638.102089,653.783205,0.0,12
C14315,1135.70375,1.0,92.07,0.0,92.07,81.509491,0.272727,0.0,0.181818,0.272727,3,3,1200.0,355.798199,434.689529,0.0,11
C12753,1565.577135,1.0,0.0,0.0,0.0,2676.476175,0.0,0.0,0.0,0.333333,6,0,3000.0,3418.679368,477.674801,0.090909,12
C12661,193.12654,1.0,1955.98,0.0,1955.98,0.0,1.0,0.0,1.0,0.0,0,53,2500.0,1891.721179,203.382558,0.666667,12
C12572,220.938626,1.0,2310.61,1375.61,935.0,0.0,1.0,1.0,0.5,0.0,0,33,18000.0,2588.893066,190.034881,1.0,12
C14733,1001.129965,1.0,0.0,0.0,0.0,457.757366,0.0,0.0,0.0,0.083333,1,0,1200.0,462.290269,469.620367,0.0,12
C15117,1507.001995,1.0,209.1,209.1,0.0,0.0,0.25,0.25,0.0,0.0,0,4,1800.0,443.628394,417.620633,0.0,12
C18099,733.760958,1.0,371.76,0.0,371.76,0.0,0.5,0.0,0.5,0.0,0,11,3000.0,701.251972,210.722512,0.0,12
C17580,384.803407,1.0,549.0,291.0,258.0,0.0,0.5,0.083333,0.416667,0.0,0,9,1000.0,569.597465,610.732047,0.0,12
C18249,17.765052,0.636364,0.0,0.0,0.0,112.476618,0.0,0.0,0.0,0.083333,1,0,2200.0,200.061869,162.701658,0.25,12
C14439,2608.512452,1.0,64.2,64.2,0.0,0.0,0.083333,0.083333,0.0,0.0,0,1,3000.0,647.437157,957.631664,0.0,12
C15406,2.641101,1.0,9.68,0.0,9.68,0.0,0.083333,0.0,0.083333,0.0,0,1,8000.0,72.282497,17.530337,0.0,12
C16564,50.962159,0.454545,803.45,803.45,0.0,0.0,0.333333,0.333333,0.0,0.0,0,8,5500.0,797.779992,174.831289,1.0,12
C17572,20.920544,0.727273,392.96,0.0,392.96,0.0,0.666667,0.0,0.583333,0.0,0,8,4000.0,324.004832,108.557891,0.5,12
C18125,530.574252,1.0,5221.42,2202.78,3018.64,0.0,1.0,1.0,1.0,0.0,0,135,3000.0,4590.877822,191.304474,0.583333,12
C11215,1393.527992,0.818182,0.0,0.0,0.0,1829.287087,0.0,0.0,0.0,0.083333,1,0,9000.0,638.403004,783.207678,0.0,12
C13567,2499.228939,1.0,217.37,0.0,217.37,5197.145458,0.833333,0.0,0.666667,0.5,3,11,10000.0,360.742975,372.143566,0.0,6
C17600,806.446131,1.0,0.0,0.0,0.0,916.64405,0.0,0.0,0.0,0.083333,1,0,3000.0,504.66084,258.248739,0.0,12
C12383,4071.792166,1.0,1721.66,551.17,1170.49,0.0,1.0,0.5,1.0,0.0,0,27,10000.0,1065.894938,1173.307383,0.0,12
C18128,1075.185409,1.0,398.53,45.65,352.88,0.0,0.916667,0.083333,0.916667,0.0,0,12,1000.0,579.034578,1205.387032,0.0,12
C10097,1321.47608,1.0,45.65,45.65,0.0,495.657934,0.083333,0.083333,0.0,0.083333,1,1,1800.0,440.840439,312.560636,0.0,12
C15750,324.831712,0.363636,0.0,0.0,0.0,1282.314634,0.0,0.0,0.0,0.083333,2,0,3000.0,3585.134646,270.542229,0.0,12
C15422,3425.949762,1.0,0.0,0.0,0.0,2601.134743,0.0,0.0,0.0,0.416667,7,0,4000.0,1114.681017,732.984374,0.0,12
C16139,2705.899439,1.0,0.0,0.0,0.0,547.055908,0.0,0.0,0.0,0.166667,2,0,8500.0,1123.974128,654.870661,0.0,12
C15487,566.928754,0.909091,903.0,903.0,0.0,0.0,0.090909,0.090909,0.0,0.0,0,1,1500.0,751.551966,193.903676,0.0,11
C13720,2843.642245,1.0,116.75,116.75,0.0,229.950859,0.166667,0.166667,0.0,0.083333,2,5,3000.0,830.607554,707.607834,0.0,12
C12303,33.31938,0.818182,279.56,0.0,279.56,0.0,0.666667,0.0,0.583333,0.0,0,8,3000.0,347.911693,146.317275,0.285714,12
C15707,21.960773,1.0,175.45,0.0,175.45,0.0,1.0,0.0,0.909091,0.0,0,11,1500.0,143.609104,164.361594,0.777778,11
C16383,1969.414463,1.0,1322.06,301.52,1020.54,849.366964,1.0,0.333333,1.0,0.416667,5,27,5500.0,1764.32763,447.535776,0.0,12
C12755,166.295463,0.909091,449.26,449.26,0.0,7894.578816,1.0,1.0,0.0,0.083333,1,12,9000.0,662.951526,183.275472,0.181818,12
C17673,82.568778,1.0,471.64,0.0,471.64,0.0,0.916667,0.0,0.916667,0.0,0,23,1200.0,554.168419,214.877676,0.333333,12
C16487,3191.334524,1.0,219.44,177.8,41.64,433.90772,0.416667,0.083333,0.333333,0.083333,1,6,9000.0,810.671862,866.819687,0.0,12
C16130,151.912258,1.0,2216.21,2047.21,169.0,0.0,1.0,1.0,0.25,0.0,0,32,2500.0,2571.573214,73.948578,0.4,12
C18013,53.090328,1.0,546.7,0.0,546.7,47.68994,0.833333,0.0,0.75,0.083333,1,14,2500.0,753.224953,128.402444,0.454545,12
C16908,1396.413738,1.0,312.66,204.0,108.66,280.925255,0.25,0.166667,0.083333,0.333333,8,6,1800.0,594.159059,501.192795,0.0,12
C16328,3215.080388,1.0,410.24,296.52,113.72,0.0,0.666667,0.333333,0.416667,0.0,0,12,9500.0,772.194997,886.05258,0.0,12
C10845,2717.915641,1.0,1500.0,1500.0,0.0,475.122697,0.083333,0.083333,0.0,0.083333,1,2,4600.0,949.592719,885.376298,0.0,12
C18621,882.58129,1.0,2421.34,1661.76,759.58,0.0,1.0,0.916667,1.0,0.0,0,40,5000.0,1997.323094,237.202081,0.0,12
C10643,16.371699,0.3,190.0,0.0,190.0,0.0,0.2,0.0,0.2,0.0,0,3,4000.0,322.114468,139.674841,0.5,10
C15282,1033.371763,1.0,2361.97,1591.05,770.92,365.689536,1.0,0.583333,1.0,0.083333,1,39,3000.0,2097.161809,245.746831,0.083333,12
C12696,32.821775,1.0,644.99,0.0,644.99,0.0,1.0,0.0,1.0,0.0,0,33,4000.0,579.016837,75.944094,0.3,12
C14955,260.409355,1.0,545.34,257.34,288.0,0.0,0.416667,0.166667,0.166667,0.0,0,9,1500.0,384.809868,189.1629,0.0,12
C17135,673.982097,1.0,110.0,0.0,110.0,0.0,0.166667,0.0,0.166667,0.0,0,2,1000.0,789.587001,175.328419,0.0,12
C11077,7024.269179,1.0,130.4,0.0,130.4,1916.534565,0.333333,0.0,0.25,0.083333,1,4,10200.0,0.0,,0.0,12
C12385,1158.67621,0.909091,1036.68,150.0,886.68,1789.779133,0.916667,0.083333,0.833333,0.333333,11,22,1700.0,2790.066228,1281.453534,0.0,12
C12761,4192.143919,1.0,450.0,450.0,0.0,2480.749691,0.083333,0.083333,0.0,0.166667,4,1,4500.0,1271.396821,3642.615905,0.0,12
C12058,3.03124,0.272727,37.65,37.65,0.0,0.0,0.083333,0.083333,0.0,0.0,0,1,7500.0,88.090034,56.690917,0.0,12
C11109,42.125651,0.636364,453.89,453.89,0.0,0.0,0.25,0.25,0.0,0.0,0,3,6500.0,793.296498,127.427088,1.0,12
C11442,364.398745,1.0,1087.66,561.06,526.6,0.0,0.916667,0.583333,0.833333,0.0,0,22,3000.0,763.738703,189.953723,0.0,12
C14019,1725.887609,1.0,0.0,0.0,0.0,753.22315,0.0,0.0,0.0,0.25,3,0,1700.0,1169.756885,2116.153771,0.0,12
C17590,622.55987,1.0,343.46,221.84,121.62,1898.121821,0.333333,0.333333,0.166667,0.583333,11,13,1500.0,964.143984,554.592269,0.083333,12
C13184,906.830419,1.0,129.0,129.0,0.0,2168.295882,0.083333,0.083333,0.0,0.166667,2,1,1700.0,2152.93568,539.700832,0.083333,12
C10185,36.236312,0.454545,256.11,0.0,256.11,0.0,0.416667,0.0,0.416667,0.0,0,5,5300.0,831.375322,189.036967,0.166667,12
C18489,324.479364,0.5,0.0,0.0,0.0,1156.870667,0.0,0.0,0.0,0.5,13,0,2500.0,0.0,,0.0,6
C12293,5.120644,0.2,55.55,0.0,55.55,0.0,0.1,0.0,0.1,0.0,0,1,6000.0,0.0,,0.0,10
C14397,1084.218952,0.909091,0.0,0.0,0.0,1729.084515,0.0,0.0,0.0,0.083333,4,0,2000.0,2193.419369,366.406015,0.111111,12
C14238,382.449723,1.0,4162.66,917.78,3244.88,0.0,1.0,0.416667,1.0,0.0,0,60,5000.0,4103.998759,190.768834,0.833333,12
C12597,984.724235,1.0,10243.48,4316.82,5926.66,0.0,1.0,0.333333,1.0,0.0,0,56,7500.0,11112.38396,252.899236,1.0,12
C16983,202.326177,0.888889,1800.0,0.0,1800.0,0.0,0.888889,0.0,0.888889,0.0,0,9,1000.0,1502.595015,144.69691,0.571429,9
C18883,293.351517,1.0,0.0,0.0,0.0,247.986362,0.0,0.0,0.0,0.083333,3,0,500.0,533.754035,169.743478,0.083333,12
C11583,7170.30572,1.0,3109.28,2724.52,384.76,2560.207055,1.0,1.0,0.833333,0.5,7,48,9500.0,2055.673322,1961.161822,0.0,12
C14463,31.856254,0.545455,241.0,0.0,241.0,0.0,0.666667,0.0,0.666667,0.0,0,11,1200.0,401.109047,101.527469,0.0,12
C13122,408.310297,1.0,0.0,0.0,0.0,777.912775,0.0,0.0,0.0,0.333333,10,0,1500.0,1488.832955,193.298562,0.083333,12
C13765,5.006737,1.0,100.3,100.3,0.0,0.0,0.083333,0.083333,0.0,0.0,0,1,5000.0,188.823702,16.853858,0.0,12
C14322,1276.549447,1.0,3355.73,1916.68,1439.05,887.518919,1.0,0.75,1.0,0.25,4,61,4000.0,1254.550076,391.089257,0.090909,12
C18306,19.303914,0.727273,168.9,0.0,168.9,0.0,0.333333,0.0,0.333333,0.0,0,6,1000.0,345.350729,115.940194,0.142857,12
C12450,1193.351573,0.875,0.0,0.0,0.0,1433.85482,0.0,0.0,0.0,0.125,4,0,1500.0,164.003621,254.022569,0.0,8
C11587,1764.520491,0.909091,100.0,100.0,0.0,440.715034,0.083333,0.083333,0.0,0.083333,1,1,3000.0,3815.758864,466.396201,0.125,12
C11390,5608.513514,1.0,0.0,0.0,0.0,4362.927953,0.0,0.0,0.0,0.166667,5,0,11000.0,1648.391392,1222.355238,0.0,12
C12794,783.550476,0.777778,175.8,175.8,0.0,2052.878473,0.444444,0.444444,0.0,0.444444,6,5,2500.0,1647.886436,219.384407,0.0,9
C18835,112.390812,1.0,269.9,49.9,220.0,0.0,0.666667,0.083333,0.666667,0.0,0,9,1500.0,204.160043,167.150382,0.0,12
C16192,1986.566642,0.875,551.06,551.06,0.0,2147.863293,0.375,0.375,0.0,0.25,7,11,2500.0,583.355186,1111.406948,0.0,8
C16782,4616.991666,1.0,0.0,0.0,0.0,2810.591083,0.0,0.0,0.0,0.083333,8,0,5000.0,584.413797,11203.9623,0.0,12
C17502,42.653615,1.0,93.24,0.0,93.24,0.0,0.5,0.0,0.5,0.0,0,6,5000.0,156.57819,95.992733,0.0,12
C12389,657.223335,0.857143,1151.91,615.85,536.06,442.688396,0.714286,0.285714,0.571429,0.285714,2,13,1000.0,632.225833,350.841821,0.2,7
C15768,218.35043,1.0,54.25,0.0,54.25,0.0,0.333333,0.0,0.333333,0.0,0,4,500.0,704.553221,1722.057336,0.0,12
C15830,59.614155,0.818182,438.0,0.0,438.0,0.0,1.0,0.0,1.0,0.0,0,12,1500.0,525.046566,149.110815,0.090909,12
C18972,35.38985,1.0,285.24,0.0,285.24,0.0,1.0,0.0,0.916667,0.0,0,12,1000.0,232.82123,176.356576,0.363636,12
C16530,413.331088,1.0,0.0,0.0,0.0,708.62821,0.0,0.0,0.0,0.777778,11,0,500.0,453.051033,131.544615,0.0,9
C15908,1267.621753,1.0,107.05,64.55,42.5,0.0,0.416667,0.25,0.083333,0.0,0,5,4000.0,505.790714,382.36978,0.0,12
C11321,1497.129794,1.0,2571.48,1867.92,703.56,0.0,0.833333,0.333333,0.666667,0.0,0,26,2500.0,3177.11973,851.600335,0.0,12
C15729,212.84035,1.0,1944.48,864.38,1080.1,0.0,1.0,0.666667,1.0,0.0,0,36,6000.0,1780.988408,182.31869,0.416667,12
C18056,618.966003,1.0,4709.14,395.92,4313.22,0.0,1.0,0.166667,1.0,0.0,0,18,4500.0,4627.972313,3959.316506,0.083333,12
C15293,50.853021,1.0,428.75,0.0,428.75,0.0,1.0,0.0,1.0,0.0,0,18,8000.0,319.919021,107.187821,0.090909,12
C12284,5995.793488,1.0,0.0,0.0,0.0,3454.101774,0.0,0.0,0.0,0.416667,12,0,6500.0,1868.475426,1486.185877,0.0,12
C17337,1277.423486,1.0,533.73,213.98,319.75,606.668879,0.666667,0.416667,0.333333,0.333333,5,21,1500.0,1403.721157,324.351985,0.0,12
C11530,22.794308,0.636364,12.0,12.0,0.0,0.0,0.083333,0.083333,0.0,0.0,0,1,1600.0,119.909635,85.190203,0.0,12
C10772,1544.979869,1.0,880.19,0.0,927.45,0.0,1.0,0.0,1.0,0.0,0,46,1500.0,1189.503063,1104.152962,0.0,12
C18322,32.369733,1.0,326.45,76.0,250.45,0.0,0.916667,0.083333,0.75,0.0,0,12,1000.0,243.721693,180.646996,0.4,12
C19130,406.590227,1.0,1208.28,796.3,411.98,76.915478,1.0,0.666667,0.833333,0.333333,2,20,2000.0,174.76363,103.074872,0.0,6
C11900,915.717703,1.0,55.49,0.0,55.49,0.0,0.416667,0.0,0.416667,0.0,0,7,1000.0,1221.513652,10800.04619,0.083333,12
C12992,1109.109473,1.0,113.0,113.0,0.0,189.801109,0.1,0.1,0.0,0.1,1,2,2500.0,200.741855,234.552176,0.0,10
C16716,287.589522,1.0,33.35,0.0,33.35,0.0,0.083333,0.0,0.083333,0.0,0,1,6000.0,558.143294,170.130711,0.0,12
C17028,15.491884,0.272727,84.0,0.0,84.0,0.0,0.166667,0.0,0.166667,0.0,0,4,5000.0,178.18272,55.922251,0.272727,12
C10774,1261.488342,1.0,890.2,890.2,0.0,0.0,0.5,0.5,0.0,0.0,0,9,3000.0,302.073647,330.87851,0.0,12
C14455,2224.000236,1.0,2276.41,1787.77,488.64,628.841571,0.833333,0.5,0.666667,0.333333,6,39,4500.0,3755.786767,685.860574,0.0,12
C12461,1084.131331,1.0,803.22,0.0,803.22,901.628291,1.0,0.0,0.916667,0.166667,3,21,1000.0,866.009167,1038.182688,0.0,12
C16945,57.077581,0.727273,698.44,95.14,603.3,0.0,0.666667,0.166667,0.5,0.0,0,16,6000.0,525.904806,116.075915,0.454545,12
C16387,635.358243,0.4,250.0,250.0,0.0,0.0,0.1,0.1,0.0,0.0,0,1,8000.0,4995.053024,284.70693,0.0,10
C13944,680.671377,1.0,8040.78,2946.69,5094.09,0.0,1.0,0.666667,1.0,0.0,0,66,7000.0,6331.737868,194.172362,0.833333,12
C12099,3811.587156,1.0,0.0,0.0,0.0,848.032831,0.0,0.0,0.0,0.083333,1,0,4500.0,1431.650735,1496.831824,0.0,12
C15807,2091.627351,1.0,4361.04,2325.83,2035.21,4224.133411,1.0,0.666667,1.0,0.833333,27,109,2500.0,7608.515679,915.803727,0.083333,12
C18463,876.69029,1.0,0.0,0.0,0.0,1089.711093,0.0,0.0,0.0,0.166667,3,0,1000.0,1385.757558,329.503756,0.083333,12
C11206,7370.257624,1.0,0.0,0.0,0.0,1194.995991,0.0,0.0,0.0,0.666667,8,0,7500.0,2278.457657,2202.491764,0.0,12
C16774,875.103005,1.0,0.0,0.0,0.0,2988.062451,0.0,0.0,0.0,0.333333,12,0,2000.0,2168.617114,195.662172,0.4,12
C15378,30.692503,0.454545,205.06,0.0,607.76,0.0,0.916667,0.0,1.0,0.0,0,35,4500.0,163.982192,55.660981,0.0,12
C15043,6758.987905,1.0,198.96,26.6,172.36,7019.083751,0.5,0.083333,0.416667,0.083333,13,7,11000.0,2337.875284,3171.185979,0.0,12
C15672,14.571059,0.545455,180.5,0.0,180.5,0.0,0.416667,0.0,0.333333,0.0,0,5,6000.0,178.584988,69.359061,0.363636,12
C17761,29.466141,0.545455,149.0,149.0,0.0,0.0,0.083333,0.083333,0.0,0.0,0,1,1000.0,350.176472,215.215582,0.0,12
C12251,1945.906455,1.0,1650.52,0.0,1650.52,1025.434108,1.0,0.0,1.0,0.083333,2,21,2500.0,1916.054676,1698.885114,0.0,12
C12008,1308.302091,1.0,918.67,918.67,0.0,0.0,0.583333,0.583333,0.0,0.0,0,22,1800.0,258.034145,376.716571,0.0,12
C18664,3673.371108,0.909091,2548.97,2051.97,497.0,4300.701115,1.0,0.818182,0.454545,0.636364,15,32,6000.0,2475.493772,784.75479,0.0,11
C14286,826.018339,1.0,191.67,160.5,31.17,0.0,0.333333,0.25,0.083333,0.0,0,5,1200.0,443.248137,236.976635,0.0,12
C13530,14.9447,0.636364,381.5,0.0,381.5,0.0,0.583333,0.0,0.583333,0.0,0,7,3000.0,602.003541,124.074597,0.666667,12
C16390,857.767403,1.0,639.56,0.0,639.56,0.0,0.25,0.0,0.25,0.0,0,4,2200.0,210.272469,254.976679,0.0,12
C11651,48.822128,1.0,537.51,0.0,537.51,0.0,1.0,0.0,0.833333,0.0,0,12,1000.0,478.875501,177.734472,1.0,12
C17115,1575.327024,1.0,0.0,0.0,0.0,1903.985872,0.0,0.0,0.0,0.75,21,0,3500.0,628.807815,323.958821,0.0,12
C10311,3621.70204,1.0,674.73,674.73,0.0,1684.957411,0.25,0.25,0.0,0.166667,8,12,4000.0,1139.058595,1403.477006,0.0,12
C11185,126.121035,0.454545,590.0,590.0,0.0,0.0,0.083333,0.083333,0.0,0.0,0,1,2500.0,1471.72027,156.326043,0.0,12
C16032,18.306211,0.272727,162.01,162.01,0.0,0.0,0.083333,0.083333,0.0,0.0,0,1,7000.0,266.822736,66.24596,0.0,12
C16717,5354.53794,1.0,0.0,0.0,0.0,8504.909507,0.0,0.0,0.0,0.916667,21,0,7500.0,6438.405866,1246.14055,0.0,12
C15512,4800.168978,1.0,0.0,0.0,0.0,4491.730795,0.0,0.0,0.0,0.272727,11,0,9000.0,1134.482984,1092.950836,0.0,11
C12821,6784.258276,1.0,12.64,0.0,12.64,4516.162598,0.083333,0.0,0.083333,0.416667,13,1,10000.0,10813.82933,1661.518089,0.083333,12
C16941,65.652855,1.0,480.0,0.0,480.0,0.0,0.75,0.0,0.666667,0.0,0,12,1400.0,444.504448,192.250083,0.6,12
C13139,1484.996584,1.0,170.0,170.0,0.0,0.0,0.416667,0.416667,0.0,0.0,0,5,1500.0,406.189673,479.239093,0.0,12
C17398,303.740542,0.545455,0.0,0.0,0.0,869.489056,0.0,0.0,0.0,0.083333,2,0,1000.0,359.36061,211.249109,0.0,12
C18343,131.290079,1.0,359.44,0.0,359.44,0.0,0.666667,0.0,0.666667,0.0,0,8,1500.0,291.577497,165.879808,0.083333,12
C15650,1.874969,0.363636,433.32,0.0,433.32,0.0,1.0,0.0,1.0,0.0,0,12,2000.0,238.913827,7.070714,0.0,12
C18430,482.028341,1.0,106.47,0.0,106.47,0.0,0.5,0.0,0.5,0.0,0,9,2500.0,184.166639,179.412181,0.0,12
C11405,9680.188434,1.0,0.0,0.0,0.0,2034.051299,0.0,0.0,0.0,0.166667,3,0,12000.0,2428.847512,3502.851217,0.0,12
C12679,393.700868,1.0,0.0,0.0,0.0,673.644618,0.0,0.0,0.0,0.166667,3,0,1000.0,319.088414,185.010395,0.0,12
C16863,1508.132993,0.75,0.0,0.0,0.0,2418.319143,0.0,0.0,0.0,0.375,11,0,2500.0,379.847536,444.160316,0.0,8
C11200,25.659372,0.181818,951.1,951.1,0.0,0.0,0.166667,0.166667,0.0,0.0,0,2,6000.0,865.208858,108.418045,0.0,12
C14658,1103.834373,0.363636,0.0,0.0,0.0,155.414239,0.0,0.0,0.0,0.333333,4,0,7000.0,4021.956752,410.666163,0.0,12
C10508,3690.177649,1.0,0.0,0.0,0.0,1328.643945,0.0,0.0,0.0,0.5,11,0,4000.0,1006.358943,1819.542692,0.0,12
C11224,3959.912911,1.0,0.0,0.0,0.0,158.159923,0.0,0.0,0.0,0.333333,4,0,4000.0,701.794235,1641.805004,0.0,12
C12410,5257.807308,1.0,2331.68,1088.04,1243.64,10291.12574,0.75,0.333333,0.666667,0.583333,10,34,17500.0,2543.033209,1237.405459,0.0,12
C12331,955.415962,1.0,1060.0,1060.0,0.0,0.0,0.111111,0.111111,0.0,0.0,0,1,2100.0,189.106448,213.863185,0.0,9
C14787,3046.937141,1.0,0.0,0.0,0.0,4021.457424,0.0,0.0,0.0,0.25,8,0,5000.0,809.451322,673.513777,0.0,12
C18916,1031.037548,1.0,0.0,0.0,0.0,1117.043527,0.0,0.0,0.0,0.181818,8,0,1200.0,157.740697,2021.959242,0.0,11
C12678,2740.10065,1.0,169.19,169.19,0.0,464.040014,0.083333,0.083333,0.0,0.083333,1,2,3200.0,1108.374243,625.831281,0.0,12
C18218,33.078633,0.5,303.91,0.0,303.91,0.0,0.5,0.0,0.333333,0.0,0,4,1200.0,354.34847,83.653033,1.0,6
C12584,147.418569,0.181818,1074.0,1074.0,0.0,0.0,0.083333,0.083333,0.0,0.0,0,2,5500.0,0.0,,0.0,12
C14815,2021.514867,1.0,1582.84,1554.89,27.95,0.0,0.5,0.416667,0.083333,0.0,0,8,2500.0,565.380786,486.702058,0.0,12
C11195,645.299519,1.0,1310.84,690.0,620.84,76.361029,0.8,0.2,0.6,0.1,1,12,2500.0,1402.76066,158.916575,0.0,10
C17785,1247.905033,1.0,553.67,0.0,553.67,0.0,0.916667,0.0,0.916667,0.0,0,11,1200.0,1927.232575,1247.614497,0.083333,12
C15491,5.168354,0.181818,69.0,29.0,40.0,0.0,0.083333,0.083333,0.083333,0.0,0,3,5000.0,167.350713,41.839613,0.181818,12
C16393,10.954457,0.125,0.0,0.0,0.0,389.594394,0.0,0.0,0.0,0.125,2,0,3000.0,0.0,,0.0,8
C16428,127.992071,0.545455,593.0,0.0,593.0,580.391722,1.0,0.0,0.916667,0.083333,1,12,2000.0,1158.659124,90.139909,0.0,12
C13088,36.607995,0.545455,224.4,224.4,0.0,0.0,0.166667,0.166667,0.0,0.0,0,2,2100.0,372.093413,151.08003,0.0,12
C16238,1226.561937,0.857143,360.0,360.0,0.0,7883.54172,0.857143,0.857143,0.0,0.857143,30,6,2500.0,10132.43236,920.28777,0.6,7
C19111,100.427621,1.0,793.28,0.0,793.28,0.0,1.0,0.0,0.875,0.0,0,8,1000.0,679.031744,117.258435,1.0,8
C18919,459.036183,1.0,755.0,185.0,570.0,0.0,1.0,0.083333,1.0,0.0,0,13,2000.0,181.336934,198.58317,0.0,12
C16813,8.111284,0.545455,122.58,0.0,122.58,0.0,0.5,0.0,0.416667,0.0,0,6,3400.0,206.903715,166.887922,0.8,12
C16298,460.56625,1.0,864.61,864.61,0.0,0.0,0.833333,0.833333,0.0,0.0,0,11,3000.0,1880.266926,362.449997,0.25,12
C12394,9.72453,0.272727,158.34,0.0,158.34,0.0,0.333333,0.0,0.333333,0.0,0,4,6000.0,182.175514,55.480481,0.363636,12
C18231,0.004816,0.545455,51.7,0.0,51.7,0.0,0.25,0.0,0.25,0.0,0,3,3000.0,33.249088,0.059481,0.0,12
C14819,87.462633,0.454545,0.0,0.0,0.0,1251.696029,0.0,0.0,0.0,0.083333,1,0,2000.0,2678.249487,114.91159,0.333333,12
C14364,59.35799,0.454545,608.8,608.8,0.0,0.0,0.333333,0.333333,0.0,0.0,0,6,6000.0,1531.142227,133.914917,1.0,12
C15623,114.523682,1.0,83.0,83.0,0.0,69.22803,0.166667,0.166667,0.0,0.166667,2,3,300.0,196.333324,201.615417,0.083333,12
C10692,27.20711,0.818182,685.08,220.0,465.08,0.0,0.583333,0.25,0.5,0.0,0,24,13000.0,798.047921,66.969941,0.25,12
C12195,132.730466,0.909091,739.98,0.0,739.98,0.0,0.5,0.0,0.416667,0.0,0,6,9500.0,1167.353193,172.959558,0.5,12
C17065,9.153671,0.272727,126.6,0.0,126.6,0.0,0.5,0.0,0.416667,0.0,0,6,2900.0,134.386353,46.037748,0.0,12
C15961,0.288293,0.090909,0.0,0.0,0.0,606.18161,0.0,0.0,0.0,0.083333,1,0,2000.0,3630.305137,82.240686,0.0,12
C10668,306.877248,1.0,3877.85,2183.56,1694.29,0.0,0.916667,0.666667,0.75,0.0,0,29,12500.0,3639.443058,205.024983,1.0,12
C15957,766.491179,1.0,799.92,0.0,799.92,0.0,1.0,0.0,1.0,0.0,0,24,5200.0,1351.417476,250.54894,0.0,12
C15419,2427.756294,1.0,0.0,0.0,0.0,2995.177193,0.0,0.0,0.0,0.25,19,0,5000.0,477.894327,613.519804,0.0,12
C10182,1872.926275,1.0,766.61,766.61,0.0,1017.120578,0.833333,0.833333,0.0,0.25,5,12,2300.0,0.0,,0.0,12
C12671,1154.410108,0.909091,0.0,0.0,0.0,2593.398852,0.0,0.0,0.0,0.083333,1,0,3000.0,2607.110273,471.642521,0.090909,12
C12015,2919.796228,1.0,217.9,118.9,99.0,0.0,1.0,0.083333,1.0,0.0,0,25,7500.0,832.687649,764.627545,0.0,12
C19108,440.613643,1.0,600.0,600.0,0.0,0.0,0.125,0.125,0.0,0.0,0,1,1000.0,215.316424,137.846006,0.0,8
C16958,1347.505936,1.0,0.0,0.0,0.0,547.390756,0.0,0.0,0.0,0.25,4,0,1500.0,263.430572,722.782997,0.0,12
C10815,5211.229218,1.0,0.0,0.0,0.0,2316.206642,0.0,0.0,0.0,0.416667,10,0,5500.0,1009.545319,2092.29409,0.0,12
C17922,134.299115,0.909091,1059.18,0.0,1059.18,0.0,0.833333,0.0,0.833333,0.0,0,10,4000.0,1201.538972,159.033099,0.727273,12
C15219,57.70484,0.818182,772.46,85.0,687.46,0.0,0.833333,0.083333,0.75,0.0,0,13,4000.0,770.916661,95.057442,0.5,12
C10467,21.12921,0.545455,229.5,54.0,175.5,0.0,0.5,0.083333,0.416667,0.0,0,7,3150.0,423.206638,157.471831,0.714286,12
C16049,368.980661,1.0,1516.42,1516.42,0.0,0.0,0.916667,0.916667,0.0,0.0,0,31,10000.0,977.636615,199.291321,0.333333,12
C18100,88.570138,1.0,535.83,0.0,535.83,0.0,1.0,0.0,1.0,0.0,0,29,2700.0,235.021379,137.341622,0.090909,12
C14200,2683.935652,1.0,0.0,0.0,0.0,2780.106659,0.0,0.0,0.0,0.25,5,0,4500.0,424.014365,1123.7209,0.0,12
C10348,498.208616,1.0,4786.61,4397.64,388.97,0.0,0.916667,0.833333,0.5,0.0,0,61,9000.0,3805.669705,163.459999,1.0,12
C13724,58.811557,0.636364,370.0,370.0,0.0,19.719684,0.083333,0.083333,0.0,0.083333,1,1,1200.0,1483.573731,144.531014,0.090909,12
C10096,1977.00709,1.0,1032.04,226.9,805.14,4335.919227,0.909091,0.090909,0.818182,0.545455,21,17,4000.0,3056.424974,910.707525,0.090909,11
C14713,3212.963003,1.0,0.0,0.0,0.0,185.532602,0.0,0.0,0.0,0.083333,2,0,3500.0,766.728773,1044.358428,0.0,12
C14693,39.523885,0.727273,592.88,451.18,141.7,0.0,0.583333,0.583333,0.083333,0.0,0,9,12000.0,1111.148943,120.742325,0.833333,12
C17648,281.112517,0.727273,0.0,0.0,0.0,295.616931,0.0,0.0,0.0,0.166667,3,0,1000.0,631.473289,219.966022,0.0,12
C12034,1497.145968,0.875,0.0,0.0,0.0,4444.646515,0.0,0.0,0.0,0.375,8,0,2500.0,2986.36061,487.912459,0.166667,8
C10554,189.12074,0.909091,1051.1,0.0,1051.1,0.0,0.833333,0.0,0.833333,0.0,0,13,3000.0,1301.155857,168.227161,0.375,12
C11030,9.503968,1.0,96.62,0.0,96.62,0.0,1.0,0.0,1.0,0.0,0,19,4500.0,1086.932525,92.217936,0.25,12
C18431,419.22185,0.454545,0.0,0.0,0.0,1117.228257,0.0,0.0,0.0,0.166667,5,0,1200.0,182.36345,267.413513,0.0,12
C13107,597.297664,0.636364,689.67,228.87,460.8,73.693002,0.666667,0.25,0.666667,0.083333,1,15,3511.111111,2327.014381,246.495299,0.125,12
C11475,1337.162883,1.0,4544.48,2384.44,2160.04,0.0,0.75,0.083333,0.666667,0.0,0,25,7500.0,3394.95009,380.300298,0.083333,12
C14273,63.930277,0.545455,626.98,589.1,37.88,0.0,0.416667,0.416667,0.083333,0.0,0,10,3000.0,450.633632,166.929549,0.5,12
C12315,55.707056,1.0,1224.99,0.0,1224.99,0.0,1.0,0.0,1.0,0.0,0,26,7500.0,1130.359054,166.788652,1.0,12
C13690,544.423104,1.0,710.19,381.03,329.16,0.0,0.75,0.333333,0.5,0.0,0,14,1800.0,1453.969557,242.240752,0.0,12
C15992,170.49564,0.636364,2581.01,2082.67,498.34,0.0,0.333333,0.25,0.166667,0.0,0,10,4000.0,1088.390376,216.938095,0.0,12
C16490,1031.670316,1.0,1753.25,1164.04,589.21,0.0,0.916667,0.416667,0.833333,0.0,0,24,4000.0,500.01493,352.459986,0.0,12
C15587,1458.775165,1.0,0.0,0.0,0.0,1759.295218,0.0,0.0,0.0,0.333333,10,0,3500.0,856.740386,379.255051,0.0,12
C16240,1066.830615,1.0,509.94,0.0,509.94,0.0,1.0,0.0,1.0,0.0,0,27,1000.0,812.018361,1361.687384,0.0,12
C13160,1499.324936,1.0,0.0,0.0,0.0,18.123413,0.0,0.0,0.0,0.083333,1,0,1500.0,309.565852,526.749661,0.0,12
C18865,553.901465,1.0,458.76,0.0,458.76,0.0,1.0,0.0,1.0,0.0,0,12,1000.0,157.770746,257.530999,0.0,12
C16489,448.539091,1.0,300.0,300.0,0.0,1105.396152,0.083333,0.083333,0.0,0.25,3,1,5400.0,3860.659948,1681.982864,0.636364,12
C17863,786.158276,1.0,679.24,100.0,579.24,890.644405,1.0,0.083333,0.916667,0.25,8,13,1000.0,1653.190684,504.64823,0.090909,12
C10721,763.327047,1.0,579.28,300.0,279.28,727.52546,0.5,0.166667,0.416667,0.083333,1,13,1200.0,635.871404,220.685812,0.0,12
C17168,4481.413948,1.0,1385.56,250.0,1135.56,1308.516411,1.0,0.166667,1.0,0.083333,4,39,4500.0,1517.623087,4341.647445,0.0,12
C11797,555.131027,1.0,1586.45,1111.6,474.85,0.0,1.0,0.416667,1.0,0.0,0,51,5500.0,3219.285764,244.624549,0.416667,12
C10173,595.677343,1.0,5078.14,4330.53,747.61,1424.442602,0.916667,0.666667,0.75,0.083333,1,42,15000.0,4756.654374,241.894073,0.916667,12
C14489,1107.099917,1.0,473.64,0.0,473.64,956.509038,1.0,0.0,0.916667,0.083333,1,12,1200.0,501.511019,556.905288,0.0,12
C17306,1380.30715,1.0,664.83,0.0,664.83,1106.333559,0.666667,0.0,0.583333,0.166667,4,11,2500.0,401.138062,330.915844,0.0,12
C18863,115.61103,1.0,379.32,0.0,379.32,0.0,1.0,0.0,1.0,0.0,0,12,1000.0,281.152056,179.901711,0.0,12
C18278,568.690902,1.0,103.68,103.68,0.0,455.053644,0.083333,0.083333,0.0,0.083333,1,4,7500.0,1555.880234,264.213167,0.0,12
C18139,3322.674158,1.0,0.0,0.0,0.0,3221.755751,0.0,0.0,0.0,0.5,6,0,7000.0,771.741033,753.530747,0.0,12
C12346,26.621291,0.363636,426.83,426.83,0.0,0.0,0.416667,0.416667,0.0,0.0,0,5,6000.0,195.490843,88.384521,0.0,12
C13080,347.577293,0.857143,26.8,26.8,0.0,470.846474,0.142857,0.142857,0.0,0.428571,11,1,500.0,28.654864,256.522546,0.0,7
C14104,263.467374,0.454545,0.0,0.0,0.0,837.67896,0.0,0.0,0.0,0.181818,2,0,1700.0,279.745591,186.823868,0.0,11
C15759,59.32524,1.0,527.63,0.0,527.63,0.0,1.0,0.0,0.9,0.0,0,11,1000.0,435.994202,158.158755,0.875,10
C16536,2285.604784,1.0,75.0,0.0,75.0,2539.047806,0.25,0.0,0.25,0.333333,13,3,2500.0,531.583507,1072.905255,0.0,12
C14406,1430.209699,1.0,1123.59,361.0,762.59,0.0,1.0,0.166667,1.0,0.0,0,41,5000.0,561.72022,438.620932,0.0,12
C16025,177.696201,1.0,2799.53,929.67,1869.86,0.0,1.0,0.416667,1.0,0.0,0,59,3000.0,2687.141741,177.614322,0.166667,12
C12765,374.276019,1.0,3589.05,3138.48,450.57,0.0,1.0,0.833333,0.5,0.0,0,31,6000.0,3493.186695,173.108861,0.636364,12
C15790,1372.443049,1.0,0.0,0.0,0.0,3895.022384,0.0,0.0,0.0,0.333333,7,0,2500.0,2697.2213,679.634933,0.0,12
C18262,262.528147,1.0,234.98,0.0,234.98,0.0,0.916667,0.0,0.833333,0.0,0,15,1700.0,95.32519,188.4713,0.0,12
C10105,4.875885,0.666667,20.0,20.0,0.0,0.0,0.111111,0.111111,0.0,0.0,0,1,1500.0,26.487919,60.913577,0.0,9
C14788,1396.279238,1.0,3380.44,1449.92,1930.52,0.0,1.0,0.333333,1.0,0.0,0,27,3500.0,5451.794841,385.003688,0.083333,12
C18149,42.375573,0.909091,150.56,0.0,150.56,0.0,0.5,0.0,0.5,0.0,0,6,4000.0,278.128216,156.291747,0.1,12
C15584,28.593511,0.909091,258.32,0.0,258.32,0.0,0.666667,0.0,0.583333,0.0,0,10,4000.0,307.750161,161.030353,0.166667,12
C18474,190.570683,1.0,620.64,219.0,401.64,0.0,1.0,0.083333,1.0,0.0,0,13,2500.0,412.129864,163.204795,0.166667,12
C13413,1152.591573,0.666667,50.0,50.0,0.0,2172.551397,0.166667,0.166667,0.0,0.166667,2,1,2500.0,99.26684,405.504082,0.0,6
C11513,1687.08958,1.0,5094.17,4568.17,526.0,0.0,1.0,1.0,0.416667,0.0,0,70,8000.0,3606.985963,460.572295,0.0,12
C13927,890.633006,0.909091,756.73,756.73,0.0,0.0,0.416667,0.416667,0.0,0.0,0,9,3000.0,1964.578805,276.845199,0.0,12
C11803,108.548004,1.0,1099.19,885.97,213.22,0.0,1.0,0.583333,0.916667,0.0,0,25,4000.0,1181.316469,174.477061,0.583333,12
C14942,49.920897,1.0,400.19,400.19,0.0,0.0,1.0,1.0,0.0,0.0,0,14,8500.0,363.703322,177.221407,0.727273,12
C19119,869.328293,0.75,0.0,0.0,0.0,1153.925205,0.0,0.0,0.0,0.125,3,0,1200.0,150.755024,337.986933,0.0,8
C15014,3096.831684,1.0,4492.85,1076.95,3415.9,0.0,1.0,1.0,1.0,0.0,0,40,10000.0,3853.65899,708.700191,0.0,12
C12181,740.826233,1.0,2055.13,302.05,1753.08,0.0,1.0,0.916667,1.0,0.0,0,74,7500.0,1631.166246,217.082846,0.0,12
C12917,745.72702,0.727273,137.7,35.0,102.7,0.0,0.166667,0.083333,0.166667,0.0,0,3,2000.0,2443.972329,3239.395001,0.0,12
C18473,64.995822,1.0,550.0,0.0,550.0,0.0,0.916667,0.0,0.916667,0.0,0,11,2500.0,501.661911,178.815435,0.583333,12
C15834,152.255187,0.833333,894.28,894.28,0.0,0.0,0.5,0.5,0.0,0.0,0,5,4000.0,304.061592,84.043137,0.0,6
C18162,35.074422,1.0,72.4,0.0,72.4,0.0,0.416667,0.0,0.416667,0.0,0,5,1500.0,134.808623,141.557845,0.0,12
C17441,290.079966,1.0,550.93,0.0,550.93,0.0,0.583333,0.0,0.583333,0.0,0,17,4000.0,579.825344,454.611106,0.0,12
C18656,28.697141,1.0,360.0,0.0,360.0,0.0,1.0,0.0,1.0,0.0,0,12,2000.0,352.353973,95.559258,0.75,12
C16915,1778.035758,1.0,449.0,449.0,0.0,0.0,0.416667,0.416667,0.0,0.0,0,7,3500.0,429.538574,690.355456,0.0,12
C17314,12.333825,0.727273,182.16,0.0,182.16,0.0,0.666667,0.0,0.583333,0.0,0,8,5000.0,150.287189,119.24025,0.583333,12
C13729,17.125776,0.727273,95.76,0.0,95.76,0.0,0.583333,0.0,0.583333,0.0,0,7,4000.0,116.956664,135.178047,0.222222,12
C12727,99.680638,0.818182,0.0,0.0,0.0,437.399211,0.0,0.0,0.0,0.333333,5,0,10500.0,661.87877,122.779423,0.333333,12
C16326,1258.165394,1.0,2821.76,779.26,2042.5,0.0,1.0,0.583333,1.0,0.0,0,80,4500.0,1457.330184,273.104239,0.0,12
C11247,2.451938,0.090909,37.75,0.0,37.75,0.0,0.083333,0.0,0.083333,0.0,0,1,4000.0,426.039083,117.833863,1.0,12
C18742,6.646795,1.0,228.84,0.0,228.84,0.0,0.666667,0.0,0.666667,0.0,0,12,4000.0,232.790324,96.602631,1.0,12
C11988,31.941802,1.0,417.96,0.0,417.96,0.0,1.0,0.0,1.0,0.0,0,13,2000.0,472.60055,175.276653,1.0,12
C16016,517.574276,1.0,4235.28,465.58,3769.7,0.0,0.916667,0.333333,0.833333,0.0,0,33,2800.0,3770.525556,200.541865,0.777778,12
C15927,18.98265,0.272727,327.37,0.0,327.37,0.0,0.333333,0.0,0.333333,0.0,0,11,6500.0,1430.996352,137.788624,1.0,12
C16225,1764.972148,1.0,95.44,0.0,95.44,0.0,0.416667,0.0,0.416667,0.0,0,5,5000.0,2686.89785,427.511065,0.0,12
C17991,1746.714825,1.0,0.0,0.0,0.0,113.673261,0.0,0.0,0.0,0.166667,2,0,1800.0,354.637009,756.052579,0.0,12
C13393,1647.461444,1.0,323.55,323.55,0.0,0.0,0.75,0.75,0.0,0.0,0,9,5000.0,669.943854,607.902881,0.0,12
C10834,1373.277423,0.818182,0.0,0.0,0.0,2739.66574,0.0,0.0,0.0,0.166667,2,0,3300.0,0.0,,0.0,12
C13428,1502.292117,1.0,0.0,0.0,0.0,188.762242,0.0,0.0,0.0,0.083333,1,0,4600.0,544.978537,368.962968,0.0,12
C15335,14.5923,1.0,200.4,0.0,200.4,0.0,1.0,0.0,1.0,0.0,0,12,4000.0,196.541494,156.086837,0.454545,12
C18518,229.272651,0.363636,0.0,0.0,0.0,751.963727,0.0,0.0,0.0,0.083333,1,0,1200.0,12.773144,312.967911,0.0,12
C19120,137.744895,1.0,441.0,0.0,441.0,0.0,0.75,0.0,0.625,0.0,0,6,1000.0,169.249683,124.639905,0.0,8
C15693,0.0,0.0,350.48,0.0,350.48,0.0,0.416667,0.0,0.416667,0.0,0,5,2700.0,681.924724,,0.0,12
C11286,5220.637076,1.0,2911.02,1647.3,1263.72,1992.386858,1.0,0.833333,1.0,0.166667,4,85,6000.0,2044.047768,1313.547582,0.0,12
C16439,4652.51827,1.0,4042.41,2731.38,1311.03,3581.376823,1.0,0.666667,1.0,0.333333,7,73,5000.0,7633.554879,4192.565071,0.0,12
C14925,341.149186,1.0,48.78,48.78,0.0,0.0,0.083333,0.083333,0.0,0.0,0,1,500.0,256.731955,259.3518,0.0,12
C10571,263.6992,1.0,1856.64,0.0,1856.64,0.0,1.0,0.0,1.0,0.0,0,12,1800.0,1591.559543,1991.577214,0.0,12
C10027,1615.96724,1.0,102.0,102.0,0.0,244.840485,0.166667,0.166667,0.0,0.25,5,2,1700.0,890.178845,971.183209,0.0,12
C13893,2628.010018,1.0,1918.14,1367.73,550.41,1051.790943,0.916667,0.75,0.833333,0.583333,11,57,7000.0,3129.107625,759.02622,0.0,12
C16219,7.314379,0.272727,448.74,0.0,448.74,0.0,1.0,0.0,1.0,0.0,0,20,3500.0,556.071033,,0.0,12
C15408,909.846336,0.875,590.0,590.0,0.0,1557.373205,0.375,0.375,0.0,0.25,5,5,2500.0,750.556869,181.398536,0.0,8
C11347,541.240795,1.0,5999.95,4104.58,1895.37,0.0,1.0,1.0,1.0,0.0,0,97,16000.0,6850.328106,200.169985,1.0,12
C16956,559.730777,1.0,0.0,0.0,0.0,299.524277,0.0,0.0,0.0,0.083333,1,0,800.0,455.384879,198.175355,0.0,12
C13640,273.243365,1.0,2308.58,0.0,2308.58,0.0,1.0,0.0,1.0,0.0,0,44,7500.0,2453.347527,189.381014,0.25,12
C11265,41.620283,1.0,689.4,689.4,0.0,0.0,1.0,1.0,0.0,0.0,0,12,10000.0,718.15858,191.837369,1.0,12
C17828,685.063917,1.0,0.0,0.0,0.0,110.795488,0.0,0.0,0.0,0.25,4,0,700.0,308.035273,334.274864,0.0,12
C10453,4503.390811,1.0,1634.74,1376.0,258.74,94.837161,1.0,0.333333,1.0,0.083333,1,38,13000.0,1094.345336,1194.234398,0.0,12
C13029,1579.728772,1.0,0.0,0.0,0.0,124.941315,0.0,0.0,0.0,0.083333,1,0,1800.0,464.305701,482.666125,0.0,12
C16516,1150.269979,1.0,600.0,600.0,0.0,1510.632782,0.083333,0.083333,0.0,0.75,15,2,4000.0,1622.256987,285.177419,0.0,12
C16124,468.851415,1.0,0.0,0.0,0.0,147.205289,0.0,0.0,0.0,0.083333,1,0,600.0,164.403739,276.486072,0.0,12
C15130,1747.876077,1.0,0.0,0.0,0.0,2774.385866,0.0,0.0,0.0,0.25,7,0,3000.0,495.398338,379.91166,0.0,12
C15201,4107.157763,1.0,279.71,279.71,0.0,9337.271222,0.25,0.25,0.0,0.416667,8,3,5000.0,8627.985927,1211.424432,0.166667,12
C12532,7.153512,0.3,104.95,0.0,104.95,0.0,0.4,0.0,0.3,0.0,0,4,1500.0,271.567821,71.59927,0.0,10
C17110,114.764518,1.0,1067.5,850.6,216.9,0.0,0.7,0.5,0.2,0.0,0,8,4000.0,577.184902,166.462926,0.3,10
C13042,1783.622522,1.0,0.0,0.0,0.0,99.516488,0.0,0.0,0.0,0.083333,1,0,2000.0,453.767518,509.410087,0.0,12
C10337,4194.033835,0.727273,2006.87,420.6,1586.27,0.0,0.666667,0.083333,0.666667,0.0,0,26,21000.0,19714.09728,1479.309409,0.1,12
C11074,448.788728,1.0,32.38,32.38,0.0,545.642707,0.083333,0.083333,0.0,0.083333,2,1,5000.0,0.0,,0.0,12
C14001,1431.445361,1.0,0.0,0.0,0.0,1414.866215,0.0,0.0,0.0,0.083333,1,0,1500.0,235.637068,442.595956,0.0,12
C16870,300.81906,1.0,0.0,0.0,0.0,1983.897997,0.0,0.0,0.0,0.5,13,0,3000.0,319.716795,168.70599,0.0,12
C11932,2572.878701,1.0,3975.0,3975.0,0.0,0.0,0.416667,0.416667,0.0,0.0,0,5,4000.0,2386.982592,667.024916,0.0,12
C10558,2883.906333,1.0,4620.34,4300.42,319.92,0.0,1.0,0.583333,1.0,0.0,0,21,7500.0,6476.333335,1090.368608,0.083333,12
C16021,33.04593,1.0,204.24,0.0,204.24,0.0,1.0,0.0,0.833333,0.0,0,6,1500.0,163.744562,81.625033,1.0,6
C10609,15244.74865,1.0,7823.74,7564.81,258.93,2621.049473,1.0,1.0,1.0,0.083333,2,62,19000.0,11123.40918,4467.520244,0.0,12
C19112,461.45572,1.0,585.0,585.0,0.0,0.0,0.125,0.125,0.0,0.0,0,1,1000.0,258.03263,151.696433,0.0,8
C11759,2270.950105,1.0,1403.42,77.0,1326.42,0.0,0.916667,0.083333,0.916667,0.0,0,12,8500.0,830.130725,582.489074,0.0,12
C16801,1441.591027,1.0,222.44,0.0,222.44,0.0,0.666667,0.0,0.666667,0.0,0,8,1500.0,622.574342,828.47697,0.0,12
C14562,308.769481,1.0,489.24,0.0,489.24,1010.553199,0.75,0.0,0.75,0.416667,9,11,1000.0,1660.010795,207.644586,0.166667,12
C10513,10249.71178,1.0,0.0,0.0,0.0,2438.356719,0.0,0.0,0.0,0.333333,9,0,18000.0,2662.365409,2539.198217,0.0,12
C13070,4881.395564,0.909091,849.78,849.78,0.0,0.0,0.454545,0.454545,0.0,0.0,0,7,11500.0,1097.471776,1314.593462,0.0,11
C14845,2005.438728,1.0,956.05,818.73,137.32,0.0,0.583333,0.5,0.25,0.0,0,16,2500.0,915.734963,592.444909,0.0,12
C13629,6046.821082,1.0,502.48,502.48,0.0,3143.218022,0.2,0.2,0.0,0.2,2,3,9000.0,2034.824228,1372.663864,0.0,10
C12480,611.561026,1.0,765.0,765.0,0.0,0.0,0.125,0.125,0.0,0.0,0,1,2000.0,204.464151,146.352314,0.0,8
C17583,1150.04204,1.0,1283.45,318.67,964.78,47.044876,1.0,0.25,0.916667,0.083333,1,27,3500.0,2430.864396,419.675603,0.0,12
C14061,8.585976,0.545455,512.59,352.5,160.09,0.0,0.5,0.083333,0.333333,0.0,0,10,2500.0,908.190297,67.458687,0.25,12
C11978,859.07875,1.0,0.0,0.0,0.0,909.986628,0.0,0.0,0.0,0.166667,2,0,3500.0,1408.880515,244.822266,0.0,12
C12793,440.186713,1.0,985.2,531.0,454.2,1055.502083,0.916667,0.25,0.916667,0.333333,12,19,6000.0,1670.869438,191.619507,0.083333,12
C13417,364.464393,0.818182,1050.76,1050.76,0.0,0.0,0.416667,0.416667,0.0,0.0,0,5,1200.0,1195.876023,173.488987,0.0,12
C17703,1644.123638,1.0,0.0,0.0,0.0,830.132133,0.0,0.0,0.0,0.166667,3,0,2500.0,333.114672,352.392567,0.0,12
C15722,1441.404242,0.4,0.0,0.0,0.0,7313.203925,0.0,0.0,0.0,0.4,5,0,8000.0,462.437204,856.401575,0.0,10
C15388,1158.01315,1.0,170.0,170.0,0.0,299.89919,0.083333,0.083333,0.0,0.25,3,1,1200.0,525.816276,616.813089,0.0,12
C17124,875.738933,1.0,595.86,284.5,311.36,290.519119,0.583333,0.166667,0.5,0.25,8,21,1000.0,667.966217,315.393952,0.0,12
C10411,918.342234,1.0,1221.53,1180.0,41.53,1078.788118,0.333333,0.166667,0.166667,0.166667,7,2,1200.0,1421.035206,106.039362,0.25,6
C11362,1392.814234,1.0,845.51,773.17,72.34,0.0,0.416667,0.333333,0.083333,0.0,0,7,1700.0,622.228025,451.616978,0.0,12
C13707,1678.85258,1.0,0.0,0.0,0.0,551.890714,0.0,0.0,0.0,0.083333,2,0,1800.0,360.416137,545.158224,0.0,12
C10126,1464.324632,1.0,1174.39,1174.39,0.0,0.0,0.25,0.25,0.0,0.0,0,8,9000.0,0.0,,0.0,12
C12591,752.485849,0.727273,0.0,0.0,0.0,1075.239192,0.0,0.0,0.0,0.083333,4,0,1200.0,1321.798347,145.445603,0.0,12
C11618,83.004246,1.0,726.89,482.51,244.38,0.0,0.833333,0.583333,0.666667,0.0,0,23,3000.0,666.292539,179.204296,0.166667,12
C12047,2720.458647,1.0,0.0,0.0,0.0,707.984403,0.0,0.0,0.0,0.333333,5,0,10000.0,1462.710828,748.95592,0.0,12
C12547,6443.077147,0.909091,2155.13,1325.34,829.79,1650.039631,1.0,0.583333,1.0,0.416667,17,75,7500.0,9689.602075,3163.402977,0.0,12
C12240,1089.528456,1.0,0.0,0.0,0.0,76.027194,0.0,0.0,0.0,0.083333,1,0,1200.0,371.902953,421.748003,0.0,12
C17212,222.957451,1.0,0.0,0.0,0.0,1512.015822,0.0,0.0,0.0,0.583333,14,0,1500.0,1856.738688,161.557965,0.166667,12
C17373,1466.99222,1.0,230.1,30.0,200.1,0.0,0.5,0.083333,0.5,0.0,0,7,1500.0,415.795291,7328.484531,0.0,12
C10597,11.890862,0.090909,165.0,165.0,0.0,0.0,0.083333,0.083333,0.0,0.0,0,1,15000.0,0.0,,0.0,12
C17472,6256.556896,1.0,0.0,0.0,0.0,2045.731359,0.0,0.0,0.0,0.416667,14,0,6500.0,1573.751794,2135.483305,0.0,12
C18244,944.346242,1.0,195.0,0.0,195.0,126.612663,1.0,0.0,1.0,0.166667,3,12,1000.0,599.901843,662.791956,0.0,12
C16476,162.293507,1.0,0.0,0.0,0.0,428.185827,0.0,0.0,0.0,0.25,5,0,500.0,90.933457,467.783339,0.0,12
C16199,2481.696036,1.0,1326.09,1326.09,0.0,2033.191162,0.583333,0.583333,0.0,0.166667,8,15,3500.0,1491.960053,751.452457,0.0,12
C11453,928.666372,1.0,0.0,0.0,0.0,1148.992175,0.0,0.0,0.0,0.5,6,0,1000.0,1374.841601,392.678144,0.0,12
C10559,71.046063,0.181818,1023.8,1023.8,0.0,0.0,0.083333,0.083333,0.0,0.0,0,2,20000.0,5872.895164,116.063003,0.0,12
C13368,4861.692801,1.0,54.25,0.0,54.25,2986.039891,0.333333,0.0,0.333333,0.333333,6,4,9000.0,1609.448663,1410.13097,0.0,12
C15835,269.966481,0.636364,0.0,0.0,0.0,1579.555134,0.0,0.0,0.0,0.166667,2,0,3000.0,2097.898378,272.284192,0.125,12
C11482,2920.392514,1.0,2673.73,1221.6,1452.13,5573.509394,1.0,0.333333,1.0,0.5,13,59,15000.0,3319.325665,649.154698,0.0,12
C14505,5118.492838,1.0,3848.92,3247.26,601.66,8383.293085,0.916667,0.583333,0.666667,0.25,27,70,12000.0,1450.987082,1246.026053,0.0,12
C11929,5774.207136,1.0,2102.51,721.67,1380.84,3536.320402,0.916667,0.333333,0.916667,0.083333,7,37,15000.0,4711.567357,1308.759437,0.0,12
C11502,916.63778,1.0,4627.8,2742.39,1885.41,0.0,1.0,1.0,1.0,0.0,0,89,16500.0,6083.511913,289.474616,0.083333,12
C18492,223.820349,0.8,1176.72,869.81,306.91,98.219677,0.7,0.5,0.5,0.3,4,31,300.0,1074.228736,395.334212,0.0,10
C18267,772.008306,1.0,0.0,0.0,0.0,1428.576393,0.0,0.0,0.0,0.083333,3,0,1500.0,981.286103,263.394207,0.083333,12
C11880,2447.783112,1.0,431.96,290.0,141.96,0.0,0.583333,0.166667,0.416667,0.0,0,9,2500.0,740.165746,1096.264703,0.0,12
C10053,1078.888565,1.0,3107.85,2221.74,886.11,0.0,0.666667,0.583333,0.5,0.0,0,18,2500.0,1399.82834,1322.446601,0.0,12
C14680,217.10156,0.818182,2953.03,2953.03,0.0,0.0,0.166667,0.166667,0.0,0.0,0,3,5000.0,3123.296573,118.209566,0.125,12
C14481,1052.799075,1.0,0.0,0.0,0.0,1523.162883,0.0,0.0,0.0,0.333333,8,0,1500.0,1696.073522,351.642621,0.0,12
C10488,206.596865,0.363636,1726.67,1726.67,0.0,0.0,0.166667,0.166667,0.0,0.0,0,4,6000.0,4804.383296,128.834658,0.0,12
C14170,2791.930619,1.0,231.52,0.0,231.52,0.0,0.5,0.0,0.5,0.0,0,6,3000.0,1828.411354,1109.449182,0.0,12
C13197,1935.116931,0.727273,0.0,0.0,0.0,4195.104578,0.0,0.0,0.0,0.583333,17,0,7000.0,680.591231,964.502795,0.0,12
C14528,12.597034,0.181818,99.0,99.0,0.0,0.0,0.083333,0.083333,0.0,0.0,0,1,1500.0,96.255421,13.60646,0.0,12
C12876,1452.868602,1.0,93.34,0.0,93.34,0.0,0.333333,0.0,0.333333,0.0,0,4,1500.0,361.630594,995.233726,0.0,12
C11919,6378.276044,1.0,0.0,0.0,0.0,4169.593183,0.0,0.0,0.0,0.666667,15,0,10500.0,1376.688305,1539.532191,0.0,12
C17493,1397.560022,1.0,0.0,0.0,0.0,869.402466,0.0,0.0,0.0,0.166667,2,0,2000.0,543.796511,405.832948,0.0,12
C10896,3150.679884,1.0,0.0,0.0,0.0,365.816939,0.0,0.0,0.0,0.416667,5,0,3500.0,819.246481,805.478131,0.0,12
C18259,32.029579,0.727273,332.8,0.0,332.8,0.0,0.666667,0.0,0.666667,0.0,0,8,4000.0,485.225272,148.543097,0.625,12
C15642,16304.88925,1.0,1770.57,0.0,1770.57,7424.094447,0.5,0.0,0.416667,0.666667,13,9,19000.0,5337.961195,8345.641905,0.0,12
C18577,252.359096,1.0,2487.0,0.0,2487.0,0.0,1.0,0.0,1.0,0.0,0,12,450.0,2347.418943,2621.829478,0.166667,12
C15123,3343.299372,1.0,790.8,0.0,790.8,5001.962631,1.0,0.0,1.0,0.333333,4,17,5000.0,1325.639966,848.308643,0.0,12
C13811,2233.485479,1.0,0.0,0.0,0.0,99.651002,0.0,0.0,0.0,0.083333,1,0,5000.0,536.029708,527.131185,0.0,12
C10441,3534.253718,1.0,566.28,431.01,135.27,3888.756412,0.5,0.333333,0.333333,0.083333,2,17,4000.0,1298.823687,858.977427,0.0,12
C10194,861.001207,1.0,969.56,969.56,0.0,446.233197,0.416667,0.416667,0.0,0.083333,1,6,2400.0,0.0,,0.0,12
C14611,1248.903628,1.0,518.31,113.31,405.0,472.118676,1.0,0.333333,1.0,0.25,5,29,1200.0,1141.190295,980.845115,0.0,12
C14047,419.486983,1.0,450.0,450.0,0.0,1365.172054,0.083333,0.083333,0.0,0.166667,3,1,9500.0,4275.760118,152.381267,0.0,12
C10237,1.045584,0.333333,0.0,0.0,0.0,466.643895,0.0,0.0,0.0,0.111111,1,0,1200.0,1068.581252,25.537,0.5,9
C12725,1828.62196,1.0,0.0,0.0,0.0,689.185829,0.0,0.0,0.0,0.083333,1,0,2300.0,2466.964742,471.940554,0.0,12
C11076,1463.302373,0.272727,0.0,0.0,0.0,586.02924,0.0,0.0,0.0,0.083333,1,0,17000.0,17194.62756,968.603795,0.25,12
C13561,1523.552696,1.0,1810.0,1810.0,0.0,0.0,0.1,0.1,0.0,0.0,0,1,1850.0,368.561315,390.858281,0.0,10
C14423,1032.812458,1.0,995.07,806.07,189.0,555.033556,0.666667,0.166667,0.5,0.25,4,11,1400.0,363.992366,340.568669,0.0,12
C13788,743.38993,0.7,1530.63,1530.63,0.0,0.0,0.2,0.2,0.0,0.0,0,4,3000.0,393.615017,192.211742,0.0,10
C11967,1917.977989,1.0,0.0,0.0,0.0,6022.786892,0.0,0.0,0.0,0.083333,1,0,6500.0,7189.695757,626.075406,0.166667,12
C19092,928.604797,0.875,0.0,0.0,0.0,1191.746396,0.0,0.0,0.0,0.125,9,0,1200.0,110.077421,191.684467,0.0,8
C10830,772.54691,1.0,8519.02,8003.21,515.81,237.066662,1.0,1.0,1.0,0.083333,1,117,17500.0,5828.994002,270.774147,0.833333,12
C11538,5868.206909,1.0,911.56,683.0,228.56,5761.320083,0.833333,0.666667,0.75,0.833333,45,45,9000.0,1068.212206,1894.826566,0.0,12
C13306,1133.652007,1.0,34.83,34.83,0.0,0.0,0.166667,0.166667,0.0,0.0,0,2,1200.0,309.340005,279.044103,0.0,12
C11167,20.962217,1.0,290.36,0.0,290.36,0.0,0.916667,0.0,0.833333,0.0,0,12,10000.0,255.56413,178.83986,0.727273,12
C17384,2530.378121,1.0,55.5,0.0,55.5,0.0,0.25,0.0,0.25,0.0,0,3,3500.0,1041.914403,585.213037,0.0,12
C12277,202.996947,1.0,2338.83,2338.83,0.0,1959.553078,0.916667,0.916667,0.0,0.166667,2,42,7500.0,6545.07776,223.469126,0.666667,12
C15078,1367.301373,1.0,231.41,0.0,231.41,0.0,1.0,0.0,1.0,0.0,0,16,2500.0,107.242408,257.56864,0.0,6
C19154,25.688852,1.0,103.32,0.0,103.32,0.0,1.0,0.0,0.833333,0.0,0,6,1500.0,74.507521,88.875754,0.5,6
C16093,3136.079106,1.0,555.0,0.0,555.0,1728.321044,1.0,0.0,0.916667,0.083333,4,12,3500.0,1045.129438,780.780114,0.0,12
C17242,5890.807655,1.0,901.6,901.6,0.0,4589.501068,0.75,0.75,0.0,0.5,17,24,10750.0,1366.889828,1407.884173,0.0,12
C15094,1281.842665,1.0,0.0,0.0,0.0,371.667107,0.0,0.0,0.0,0.333333,4,0,1500.0,576.243687,407.81451,0.0,12
C18820,1243.254633,1.0,0.0,0.0,0.0,1428.440429,0.0,0.0,0.0,0.083333,1,0,3500.0,562.362623,276.403192,0.0,12
C12211,139.449391,0.727273,843.03,0.0,843.03,0.0,0.583333,0.0,0.583333,0.0,0,7,2200.0,1312.375596,179.548143,0.0,12
C16234,158.038938,1.0,1780.83,1697.47,83.36,0.0,1.0,1.0,0.166667,0.0,0,51,4500.0,1892.999476,168.906777,1.0,12
C11686,30.525356,0.454545,384.95,384.95,0.0,0.0,0.333333,0.333333,0.0,0.0,0,4,14500.0,498.165923,86.348345,0.272727,12
C18772,482.407545,0.636364,0.0,0.0,0.0,1071.188192,0.0,0.0,0.0,0.166667,3,0,1400.0,702.068789,162.556469,0.090909,12
C10162,5837.105453,1.0,3488.49,3262.25,226.24,3303.1523,1.0,1.0,0.5,0.75,15,46,7900.0,0.0,,0.0,12
C12431,516.49276,1.0,380.0,380.0,0.0,1004.279993,0.333333,0.333333,0.0,0.5,11,6,1200.0,415.924157,247.45192,0.0,12
C14242,346.013906,0.818182,3561.31,1542.67,2018.64,0.0,0.75,0.333333,0.583333,0.0,0,39,5500.0,3156.901501,141.404986,0.5,12
C16034,239.055052,0.818182,892.4,383.4,509.0,0.0,0.636364,0.090909,0.636364,0.0,0,15,2100.0,1713.393928,761.902854,0.222222,11
C16961,915.932014,1.0,45.65,45.65,0.0,0.0,0.083333,0.083333,0.0,0.0,0,1,1000.0,224.596651,330.860527,0.0,12
C14516,1862.566976,1.0,1847.57,841.59,1005.98,0.0,0.583333,0.25,0.5,0.0,0,35,3350.0,1652.359591,624.9314,0.0,12
C12358,1283.402142,1.0,1286.34,0.0,1286.34,0.0,1.0,0.0,1.0,0.0,0,35,2100.0,1470.711716,2972.477983,0.0,12
C16386,226.684073,1.0,672.48,0.0,672.48,235.063106,1.0,0.0,1.0,0.666667,9,12,4500.0,869.632913,182.835878,0.0,12
C14634,7474.408678,1.0,0.0,0.0,0.0,10187.5226,0.0,0.0,0.0,0.6,11,0,10000.0,2021.908233,1918.555864,0.0,10
C12849,1197.052656,1.0,298.51,97.5,201.01,1362.13765,0.636364,0.090909,0.454545,0.090909,2,8,1700.0,2048.896136,486.579542,0.111111,11
C17014,6342.561972,1.0,0.0,0.0,0.0,3444.929414,0.0,0.0,0.0,0.25,4,0,10500.0,1351.732415,1342.524091,0.0,12
C14413,4931.203112,1.0,0.0,0.0,0.0,1387.850238,0.0,0.0,0.0,0.25,4,0,6500.0,1018.476355,1683.087205,0.0,12
C13041,1103.988247,1.0,0.0,0.0,0.0,2070.856333,0.0,0.0,0.0,0.666667,13,0,6500.0,333.050357,283.564425,0.0,12
C17276,23.583209,1.0,199.32,0.0,199.32,0.0,1.0,0.0,1.0,0.0,0,12,1500.0,160.013341,162.466706,0.416667,12
C13223,240.814517,0.181818,59.0,59.0,0.0,196.906234,0.083333,0.083333,0.0,0.083333,1,2,5000.0,5135.531491,288.495064,0.0,12
C13019,1294.324002,1.0,0.0,0.0,0.0,101.183886,0.0,0.0,0.0,0.083333,1,0,1500.0,495.527043,393.227405,0.0,12
C10878,62.596086,1.0,475.0,0.0,475.0,0.0,1.0,0.0,0.916667,0.0,0,12,1500.0,408.132037,170.451899,0.9,12
C17636,1325.679991,1.0,1084.87,687.57,397.3,3330.913556,0.833333,0.333333,0.833333,0.416667,9,16,3000.0,4135.414563,405.944341,0.090909,12
C18936,10.268192,0.272727,0.0,0.0,0.0,491.148937,0.0,0.0,0.0,0.25,23,0,500.0,2117.308744,65.340571,1.0,12
C10784,2830.364475,1.0,1412.76,0.0,1412.76,2045.094842,1.0,0.0,1.0,0.416667,6,25,5000.0,6940.278105,759.346966,0.0,12
C14419,1234.235139,1.0,594.95,509.95,85.0,8287.780882,0.333333,0.25,0.083333,0.416667,10,5,5000.0,9630.24637,368.290985,0.333333,12
C16222,1363.93317,1.0,74.0,74.0,0.0,0.0,0.083333,0.083333,0.0,0.0,0,1,1500.0,330.099968,273.120559,0.0,12
C13638,149.139346,1.0,1415.42,182.0,1233.42,0.0,1.0,0.083333,1.0,0.0,0,26,6000.0,1186.629453,163.029483,0.916667,12
C19103,264.566591,0.375,1150.0,1150.0,0.0,0.0,0.125,0.125,0.0,0.0,0,1,1200.0,3029.380326,85.428885,0.0,8
C12127,137.775633,1.0,0.0,0.0,0.0,1936.205406,0.0,0.0,0.0,0.166667,4,0,3000.0,2489.260383,69.124834,0.083333,12
C10573,1034.660626,0.833333,1308.11,1308.11,0.0,234.602843,0.5,0.5,0.0,0.166667,1,8,1500.0,236.764555,207.007715,0.0,6
C15924,0.0,0.0,1021.56,0.0,1021.56,0.0,1.0,0.0,1.0,0.0,0,36,3000.0,0.0,,0.0,12
C17737,377.56851,1.0,542.51,542.51,0.0,0.0,0.5,0.5,0.0,0.0,0,9,1000.0,567.687367,175.936604,0.0,12
C18103,144.621301,1.0,1584.49,461.77,1122.72,0.0,1.0,0.25,1.0,0.0,0,26,2000.0,1520.603882,167.328894,0.833333,12
C14072,409.592245,1.0,190.0,190.0,0.0,1986.427611,0.166667,0.166667,0.0,0.333333,6,2,11500.0,299.91595,173.798807,0.0,12
C16570,87.540559,1.0,885.13,0.0,885.13,0.0,1.0,0.0,1.0,0.0,0,21,6000.0,801.593051,186.251245,0.916667,12
C11303,1856.590921,1.0,0.0,0.0,0.0,2622.293367,0.0,0.0,0.0,0.333333,7,0,3000.0,2356.790318,700.578477,0.0,12
C16442,75.401255,0.909091,692.94,0.0,692.94,0.0,0.833333,0.0,0.833333,0.0,0,10,4000.0,806.703752,143.810743,0.545455,12
C14766,6313.362606,0.909091,0.0,0.0,0.0,9687.179224,0.0,0.0,0.0,0.636364,11,0,10000.0,6291.189848,1246.208875,0.090909,11
C18785,293.125181,1.0,2812.69,2512.69,300.0,0.0,0.75,0.75,0.083333,0.0,0,27,1000.0,2420.213,150.059679,0.833333,12
C11059,2608.143732,1.0,207.68,207.68,0.0,189.874314,0.083333,0.083333,0.0,0.083333,1,1,3000.0,1243.840314,638.679282,0.0,12
C10780,4006.206157,1.0,169.28,0.0,169.28,2868.734582,0.583333,0.0,0.583333,0.25,7,7,6000.0,1553.157125,988.712621,0.0,12
C16969,6767.138783,1.0,999.97,807.71,192.26,1960.373647,0.75,0.416667,0.416667,0.166667,2,17,7500.0,4114.602852,2987.684451,0.0,12
C15696,26.296743,0.545455,417.0,417.0,0.0,0.0,1.0,1.0,0.0,0.0,0,13,6500.0,960.737291,86.562843,0.111111,12
C12014,1764.908055,0.727273,0.0,0.0,0.0,1552.832951,0.0,0.0,0.0,0.25,6,0,3666.666667,5126.650633,654.751791,0.125,12
C16091,325.038037,1.0,512.16,105.0,407.16,0.0,0.833333,0.083333,0.75,0.0,0,13,2500.0,567.449456,238.252068,0.0,12
C10362,1732.715258,1.0,3244.16,2480.85,763.31,0.0,1.0,0.666667,0.5,0.0,0,29,11500.0,5674.185857,563.827502,0.0,12
C11562,1229.938869,1.0,699.96,412.47,287.49,0.0,0.333333,0.166667,0.166667,0.0,0,9,2250.0,1333.446631,240.345071,0.0,12
C15202,58.313733,0.454545,499.0,0.0,499.0,0.0,0.545455,0.0,0.454545,0.0,0,6,1500.0,526.368079,76.744713,0.125,11
C13169,2878.715983,1.0,909.16,513.78,395.38,2600.803827,0.75,0.25,0.666667,0.25,13,28,3000.0,4103.582568,1872.752158,0.083333,12
C18680,2373.308268,1.0,0.0,0.0,0.0,770.923152,0.0,0.0,0.0,0.416667,12,0,2500.0,560.136623,784.228406,0.0,12
C10728,1546.216153,0.833333,0.0,0.0,0.0,2196.107878,0.0,0.0,0.0,0.166667,5,0,3000.0,247.706733,310.58347,0.0,6
C12406,25.379719,0.571429,179.0,0.0,179.0,0.0,0.857143,0.0,0.714286,0.0,0,6,4000.0,308.793382,73.19845,0.0,7
C10585,542.218074,1.0,0.0,0.0,0.0,1074.741949,0.0,0.0,0.0,0.166667,2,0,1500.0,1328.855136,189.52525,0.0,12
C17529,112.702102,0.909091,1437.38,1437.38,0.0,0.0,0.583333,0.583333,0.0,0.0,0,17,2000.0,1469.057487,127.594194,1.0,12
C18420,2692.11891,1.0,594.7,594.7,0.0,346.333741,0.416667,0.416667,0.0,0.25,4,12,3500.0,4207.716509,1430.850565,0.083333,12
C13401,185.984965,0.454545,482.24,392.24,90.0,903.843591,0.272727,0.181818,0.090909,0.272727,8,8,1200.0,2333.997439,160.900585,0.25,11
C17902,267.908144,0.909091,30.0,30.0,0.0,117.579435,0.090909,0.090909,0.0,0.454545,5,1,300.0,198.682086,176.843605,0.0,11
C12654,7543.580736,1.0,0.0,0.0,0.0,2925.55754,0.0,0.0,0.0,0.083333,9,0,8500.0,1738.415018,1785.269757,0.0,12
C11082,1838.106824,1.0,2682.25,2632.4,49.85,188.36824,1.0,1.0,0.083333,0.083333,1,16,4500.0,1891.062946,429.697372,0.0,12
C17486,5.135703,0.181818,323.71,0.0,323.71,0.0,1.0,0.0,1.0,0.0,0,17,1500.0,219.996991,27.362336,0.083333,12
C10429,318.03434,1.0,1277.58,0.0,1277.58,0.0,1.0,0.0,1.0,0.0,0,20,7000.0,552.734714,173.336309,0.0,12
C13540,260.636327,1.0,673.28,673.28,0.0,477.616267,0.583333,0.583333,0.0,0.25,6,29,300.0,1150.334467,435.025577,0.272727,12
C16256,11.567196,0.454545,116.97,0.0,116.97,0.0,0.25,0.0,0.25,0.0,0,6,2500.0,387.714131,140.21546,0.333333,12
C13812,423.479877,1.0,1944.47,1021.09,923.38,0.0,1.0,1.0,0.666667,0.0,0,45,11500.0,1768.256214,206.145472,0.0,12
C13392,2120.098679,1.0,0.0,0.0,0.0,4834.483762,0.0,0.0,0.0,0.25,10,0,6000.0,2856.303303,654.963612,0.083333,12
C16022,645.515371,1.0,756.0,756.0,0.0,0.0,1.0,1.0,0.0,0.0,0,12,600.0,1305.933063,883.267059,0.0,12
C16734,177.371967,1.0,534.0,0.0,534.0,0.0,0.666667,0.0,0.5,0.0,0,8,3500.0,453.357965,194.132474,0.0,12
C13813,3265.116481,0.727273,2147.01,0.0,2147.01,0.0,1.0,0.0,1.0,0.0,0,60,8000.0,8481.013758,2978.655593,0.0,12
C13076,2135.406047,1.0,1600.09,1425.13,174.96,78.600122,0.833333,0.666667,0.25,0.083333,1,28,2500.0,699.818277,976.996811,0.0,12
C17659,16.004225,0.636364,159.44,0.0,159.44,0.0,0.583333,0.0,0.583333,0.0,0,11,2700.0,276.112744,141.915829,0.285714,12
C16576,1406.504164,1.0,0.0,0.0,0.0,105.811869,0.0,0.0,0.0,0.083333,1,0,1500.0,278.864694,2334.712799,0.0,12
C11636,1163.790341,1.0,517.0,517.0,0.0,0.0,0.272727,0.272727,0.0,0.0,0,12,1200.0,541.21958,709.92275,0.0,11
C11458,972.665818,1.0,10549.19,9180.41,1368.78,0.0,1.0,1.0,1.0,0.0,0,248,9000.0,10114.18854,209.881639,1.0,12
C16975,900.292445,0.909091,0.0,0.0,0.0,1103.829113,0.0,0.0,0.0,0.166667,6,0,1400.0,190.33293,216.278844,0.0,12
C12782,1258.769693,1.0,142.0,42.0,100.0,0.0,0.166667,0.083333,0.083333,0.0,0,2,1200.0,300.672826,6720.689968,0.0,12
C11779,1526.707241,1.0,484.47,0.0,484.47,402.906235,0.75,0.0,0.666667,0.333333,11,9,1500.0,1086.417545,1818.148035,0.0,12
C14301,3290.750214,1.0,974.72,974.72,0.0,0.0,1.0,1.0,0.0,0.0,0,25,10000.0,1064.701886,921.981349,0.0,12
C13300,1508.80711,1.0,372.16,325.32,46.84,1172.467897,0.416667,0.25,0.333333,0.166667,9,11,2500.0,2948.81126,1021.416857,0.083333,12
C11558,26.485924,1.0,256.44,0.0,256.44,0.0,0.666667,0.0,0.666667,0.0,0,12,1500.0,235.328971,162.324595,0.166667,12
C16695,644.933911,0.833333,7.26,0.0,7.26,966.749372,0.166667,0.0,0.166667,0.166667,1,1,1500.0,431.732367,92.246251,0.0,6
C18334,14.773807,0.272727,160.0,0.0,160.0,0.0,0.181818,0.0,0.090909,0.0,0,2,1800.0,377.03508,210.244734,1.0,11
C11366,779.500096,1.0,689.4,689.4,0.0,0.0,1.0,1.0,0.0,0.0,0,12,7000.0,1663.032141,269.813501,0.0,12
C10873,8220.740014,1.0,5197.22,4001.41,1195.81,18857.05847,1.0,0.571429,0.857143,1.0,25,15,13000.0,12886.44123,1287.324868,0.2,7
C11187,1931.821799,1.0,120.0,120.0,0.0,0.0,0.083333,0.083333,0.0,0.0,0,1,2100.0,476.682076,751.902022,0.0,12
C14355,2092.971853,1.0,0.0,0.0,0.0,135.256159,0.0,0.0,0.0,0.333333,2,0,2500.0,275.676251,217.425205,0.0,6
C18088,1354.155365,1.0,50.0,50.0,0.0,627.630949,0.083333,0.083333,0.0,0.166667,8,1,3000.0,483.253247,655.027716,0.0,12
C10482,805.131074,1.0,795.54,167.4,628.14,418.482499,1.0,0.166667,1.0,0.083333,1,20,1700.0,1804.065076,261.258072,0.0,12
C13954,975.637547,0.818182,6897.56,0.0,6897.56,0.0,0.5,0.0,0.5,0.0,0,6,6150.0,8337.882098,6703.880744,0.272727,12
C14175,1539.375352,1.0,100.0,100.0,0.0,0.0,0.083333,0.083333,0.0,0.0,0,1,3000.0,420.283303,450.302969,0.0,12
C18689,64.343051,0.666667,281.05,0.0,281.05,0.0,0.666667,0.0,0.666667,0.0,0,5,1500.0,82.611456,84.360572,0.0,6
C13970,58.167348,0.181818,438.87,438.87,0.0,0.0,0.083333,0.083333,0.0,0.0,0,1,7500.0,1748.469291,270.533346,0.0,12
C16859,76.096025,0.909091,71.22,0.0,71.22,0.0,0.25,0.0,0.25,0.0,0,3,1500.0,216.059115,159.478913,0.0,12
C13997,469.380653,1.0,5117.56,2562.27,2555.29,0.0,1.0,1.0,1.0,0.0,0,81,4300.0,5270.796852,216.41101,0.333333,12
C10390,241.223955,0.909091,180.91,180.91,0.0,0.0,0.166667,0.166667,0.0,0.0,0,6,1400.0,802.858576,220.455533,0.0,12
C17431,2323.083307,0.888889,0.0,0.0,0.0,4750.570325,0.0,0.0,0.0,0.222222,2,0,6000.0,3537.546355,512.411472,0.142857,9
C11380,6733.58763,1.0,280.0,0.0,280.0,3048.091637,1.0,0.0,0.916667,0.5,9,12,11000.0,1713.576478,1609.511846,0.0,12
C11267,5.260527,0.272727,263.16,0.0,263.16,0.0,0.416667,0.0,0.333333,0.0,0,7,6000.0,385.107859,43.89699,0.2,12
C15688,2059.035678,1.0,0.0,0.0,0.0,387.757647,0.0,0.0,0.0,0.083333,1,0,2500.0,460.005554,754.982656,0.0,12
C17742,2696.052766,1.0,0.0,0.0,0.0,3100.942646,0.0,0.0,0.0,0.75,15,0,3000.0,815.306343,1011.866344,0.0,12
C14743,6371.35328,1.0,0.0,0.0,0.0,3546.56566,0.0,0.0,0.0,0.333333,11,0,7000.0,1914.79158,3654.599824,0.0,12
C17174,528.023703,1.0,770.05,109.4,660.65,286.123717,0.916667,0.083333,0.833333,0.083333,5,23,1500.0,748.204441,170.319835,0.0,12
C11871,1885.547591,1.0,0.0,0.0,0.0,3197.181617,0.0,0.0,0.0,0.25,11,0,8000.0,8559.584636,755.628834,0.166667,12
C12698,119.604008,1.0,1068.28,0.0,1068.28,0.0,1.0,0.0,0.888889,0.0,0,18,1000.0,828.169919,131.584974,1.0,9
C16898,234.16953,0.727273,819.15,774.15,45.0,0.0,0.25,0.166667,0.083333,0.0,0,6,5000.0,1077.230161,179.963067,0.0,12
C18494,44.540733,0.636364,446.62,88.47,358.15,0.0,0.583333,0.083333,0.416667,0.0,0,9,4000.0,734.815143,190.9106,0.8,12
C11956,1722.910058,1.0,45.45,45.45,0.0,1654.212185,0.083333,0.083333,0.0,0.416667,5,2,4000.0,511.525617,439.577818,0.0,12
C15441,2.585715,0.090909,70.0,70.0,0.0,0.0,0.083333,0.083333,0.0,0.0,0,1,2000.0,396.435632,85.073591,0.0,12
C16210,5366.532372,1.0,5251.08,2875.1,2375.98,744.096753,1.0,0.5,0.916667,0.25,3,44,11000.0,1429.348596,1660.393651,0.0,12
C12539,5151.912071,1.0,0.0,0.0,0.0,2873.077058,0.0,0.0,0.0,0.166667,4,0,7000.0,1362.424363,1240.254115,0.0,12
C14510,2070.627593,1.0,2564.08,1165.0,1399.08,0.0,1.0,0.583333,1.0,0.0,0,57,8500.0,1363.695769,628.433833,0.0,12
C18363,1179.613243,1.0,0.0,0.0,0.0,73.629879,0.0,0.0,0.0,0.083333,1,0,1200.0,352.44958,281.679401,0.0,12
C13233,867.244416,1.0,804.18,0.0,804.18,0.0,0.416667,0.0,0.416667,0.0,0,10,3700.0,1175.28625,343.753509,0.0,12
C11233,23.150437,0.090909,0.0,0.0,0.0,3947.583198,0.0,0.0,0.0,0.083333,1,0,4000.0,0.0,,0.0,12
C18721,13.084067,0.090909,350.0,350.0,0.0,0.0,0.083333,0.083333,0.0,0.0,0,1,1000.0,3929.643369,,0.0,12
C10929,6366.085376,0.818182,407.86,307.8,100.06,14827.30716,0.083333,0.083333,0.083333,0.166667,2,5,12500.0,5722.548016,1746.966239,0.0,12
C15532,2899.781468,1.0,223.62,193.94,29.68,507.263645,0.333333,0.25,0.166667,0.083333,2,6,3000.0,1059.352415,683.372766,0.0,12
C12900,2269.800656,0.714286,0.0,0.0,0.0,3359.844146,0.0,0.0,0.0,0.142857,3,0,3500.0,403.640958,967.007841,0.0,7
C14008,71.983739,1.0,1000.0,1000.0,0.0,0.0,0.083333,0.083333,0.0,0.0,0,1,1200.0,93.4312,20.887671,0.0,12
C12623,93.964086,1.0,815.34,149.04,666.3,0.0,0.916667,0.25,0.75,0.0,0,14,2500.0,361.786239,125.693866,0.3,12
C19167,53.097361,0.833333,580.0,0.0,580.0,0.0,1.0,0.0,0.833333,0.0,0,6,1500.0,641.303466,52.453011,0.666667,6
C14495,1496.580949,1.0,0.0,0.0,0.0,183.230915,0.0,0.0,0.0,0.166667,3,0,1600.0,502.200633,1223.070301,0.0,12
C18069,955.588927,1.0,0.0,0.0,0.0,54.066975,0.0,0.0,0.0,0.166667,2,0,1000.0,196.542314,278.361413,0.0,12
C17934,864.410501,0.9,0.0,0.0,0.0,1914.752895,0.0,0.0,0.0,0.1,1,0,2500.0,2290.455361,178.028403,0.142857,10
C17098,2702.523396,1.0,229.25,0.0,229.25,4214.846529,0.583333,0.0,0.583333,0.25,8,7,7500.0,1563.077507,643.744567,0.0,12
C11065,5516.201451,1.0,0.0,0.0,0.0,2941.903445,0.0,0.0,0.0,0.333333,11,0,6000.0,1443.4332,1406.909258,0.0,12
C15821,66.296517,1.0,56.44,0.0,56.44,0.0,0.333333,0.0,0.333333,0.0,0,4,1500.0,110.099433,166.020925,0.0,12
C13493,1518.339584,1.0,1435.79,762.12,673.67,0.0,0.916667,0.333333,0.75,0.0,0,27,1500.0,1075.686261,1136.154471,0.0,12
C15038,1129.185643,1.0,0.0,0.0,0.0,1385.126221,0.0,0.0,0.0,0.25,3,0,1500.0,1275.071841,293.203915,0.0,12
C13471,1872.458334,1.0,220.0,220.0,0.0,330.0146,0.083333,0.083333,0.0,0.166667,2,1,2000.0,716.568489,755.821363,0.0,12
C11815,5337.987139,1.0,2545.37,0.0,2545.37,994.391034,1.0,0.0,1.0,0.083333,1,21,13500.0,1663.976007,1229.779536,0.0,12
C12740,939.348677,1.0,50.0,50.0,0.0,0.0,0.083333,0.083333,0.0,0.0,0,1,1000.0,315.440785,628.156487,0.0,12
C10240,279.608696,1.0,3034.92,0.0,3034.92,0.0,1.0,0.0,1.0,0.0,0,12,2900.0,2928.909865,2733.317012,0.083333,12
C17366,162.068326,0.545455,1290.24,1201.37,88.87,0.0,0.333333,0.25,0.166667,0.0,0,12,6000.0,963.846752,174.40391,0.25,12
C13570,1943.038819,1.0,0.0,0.0,0.0,399.745986,0.0,0.0,0.0,0.166667,4,0,2000.0,748.233144,1155.324802,0.0,12
C14474,136.323936,1.0,289.9,0.0,289.9,0.0,0.333333,0.0,0.25,0.0,0,4,9500.0,714.619326,209.589155,0.0,12
C16123,1213.551338,1.0,941.39,860.67,80.72,49.747079,1.0,1.0,0.25,0.083333,1,18,7000.0,1679.00486,309.140865,0.0,12
C15358,470.593325,1.0,6743.31,6182.78,560.53,0.0,1.0,1.0,0.666667,0.0,0,122,3200.0,4369.008441,222.118023,0.666667,12
C12462,5520.201751,1.0,0.0,0.0,0.0,6218.171457,0.0,0.0,0.0,0.666667,23,0,7000.0,5878.42845,1719.694161,0.0,12
C12390,74.34204,1.0,724.52,200.0,524.52,0.0,1.0,0.083333,1.0,0.0,0,13,4000.0,529.362717,189.362616,0.916667,12
C16456,47.587585,0.727273,414.8,53.0,361.8,0.0,0.5,0.083333,0.416667,0.0,0,8,4500.0,545.768039,135.094235,1.0,12
C11566,4627.588589,1.0,1774.46,1774.46,0.0,0.0,0.583333,0.583333,0.0,0.0,0,12,5200.0,864.174924,2154.424137,0.0,12
C10224,1121.730896,1.0,878.52,103.1,775.42,197.648111,1.0,0.166667,0.916667,0.083333,1,39,1500.0,542.836917,471.496776,0.0,12
C18217,0.147275,0.090909,66.78,0.0,66.78,0.0,0.083333,0.0,0.083333,0.0,0,1,4000.0,718.85487,,0.0,12
C12334,7820.331303,1.0,80.0,80.0,0.0,1147.891529,0.083333,0.083333,0.0,0.25,3,1,15000.0,1963.299182,2141.764453,0.0,12
C13994,989.448428,1.0,429.97,420.32,9.65,1029.77967,0.875,0.5,0.5,0.25,4,13,1500.0,195.369397,179.644332,0.0,8
C14953,957.980588,1.0,424.76,0.0,424.76,0.0,0.333333,0.0,0.333333,0.0,0,4,5000.0,504.56116,337.959338,0.0,12
C13272,11631.32337,1.0,14686.1,0.0,14686.1,3422.724703,1.0,0.0,1.0,0.083333,2,347,13600.0,11400.6013,10285.13412,0.0,12
C10924,2903.779416,1.0,360.3,112.61,247.69,3501.657389,0.416667,0.083333,0.333333,0.5,10,7,11500.0,3014.036186,662.40729,0.0,12
C16038,113.36255,1.0,1160.35,853.35,307.0,0.0,0.833333,0.666667,0.416667,0.0,0,25,5000.0,1223.179332,158.882035,0.888889,12
C11911,2586.533933,1.0,400.0,400.0,0.0,0.0,0.083333,0.083333,0.0,0.0,0,1,3000.0,886.663668,939.459896,0.0,12
C16620,4059.160304,1.0,256.63,0.0,256.63,1328.657944,0.916667,0.0,0.833333,0.333333,5,11,4500.0,936.605314,1565.524542,0.0,12
C15899,511.825603,0.909091,362.48,0.0,362.48,0.0,0.416667,0.0,0.416667,0.0,0,10,2000.0,2400.443969,377.084941,0.0,12
C10335,1867.649838,1.0,0.0,0.0,0.0,3264.573342,0.0,0.0,0.0,0.666667,9,0,4500.0,476.162309,401.970276,0.0,12
C11259,2.549291,0.181818,322.98,322.98,0.0,0.0,0.166667,0.166667,0.0,0.0,0,3,9500.0,1210.429773,5.458904,0.0,12
C15639,855.571897,0.666667,71.13,0.0,71.13,1343.021655,0.666667,0.0,0.555556,0.222222,5,6,1500.0,220.436374,583.820142,0.0,9
C15056,4766.360515,1.0,2894.04,2583.82,310.22,1386.851165,1.0,1.0,0.416667,0.166667,2,34,20000.0,1302.79339,1245.948419,0.0,12
C11169,952.51575,1.0,129.95,129.95,0.0,0.0,0.083333,0.083333,0.0,0.0,0,2,1500.0,1791.01792,500.848096,0.083333,12
C16351,933.072519,1.0,12.4,12.4,0.0,1085.487045,0.083333,0.083333,0.0,0.166667,6,1,2500.0,481.589626,238.636185,0.083333,12
C12538,339.294514,1.0,2601.6,0.0,2601.6,0.0,1.0,0.0,1.0,0.0,0,12,1800.0,2582.18354,2374.370421,0.909091,12
C13852,1253.723768,1.0,87.4,87.4,0.0,0.0,0.083333,0.083333,0.0,0.0,0,2,6500.0,303.383266,307.918918,0.0,12
C10216,6467.885013,1.0,1464.14,978.71,485.43,3947.86784,0.833333,0.583333,0.666667,0.416667,10,23,11500.0,1658.563509,1887.413517,0.0,12
C14735,3106.853852,1.0,0.0,0.0,0.0,3043.478003,0.0,0.0,0.0,0.416667,11,0,6000.0,702.156272,1069.874481,0.0,12
C10827,1716.622291,1.0,455.76,36.0,419.76,0.0,1.0,0.083333,1.0,0.0,0,13,1700.0,881.425823,1066.801936,0.0,12
C18299,512.915157,0.818182,1799.45,497.75,1301.7,76.417858,0.75,0.25,0.666667,0.25,3,28,1500.0,1023.384336,177.146564,0.142857,12
C10761,2752.146656,1.0,1648.53,618.55,1029.98,2146.51325,1.0,0.333333,1.0,0.25,4,46,6500.0,1427.725762,1342.185961,0.0,12
C16883,2182.907415,1.0,0.0,0.0,0.0,210.601451,0.0,0.0,0.0,0.083333,1,0,2500.0,586.800064,813.633917,0.0,12
C19057,17.448626,1.0,135.0,0.0,135.0,0.0,1.0,0.0,0.888889,0.0,0,9,1000.0,82.451537,132.188181,0.0,9
C11217,72.706076,0.272727,508.56,508.56,0.0,0.0,0.083333,0.083333,0.0,0.0,0,2,7000.0,2197.473031,217.322796,0.0,12
C12804,2263.795064,0.875,320.0,320.0,0.0,4510.237702,0.5,0.5,0.0,0.875,15,5,10000.0,5215.482973,502.888727,0.0,8
C15192,1262.631995,0.909091,405.0,405.0,0.0,0.0,1.0,1.0,0.0,0.0,0,11,7000.0,586.551078,424.343093,0.0,11
C14172,1.470582,0.272727,0.0,0.0,0.0,18.149946,0.0,0.0,0.0,0.083333,1,0,9000.0,81.65922,60.080498,1.0,12
C19087,938.289723,1.0,264.4,0.0,264.4,965.35801,1.0,0.0,0.875,0.125,4,8,1000.0,313.271849,769.971541,0.0,8
C17256,3105.528894,1.0,0.0,0.0,0.0,3752.986964,0.0,0.0,0.0,0.428571,8,0,4500.0,445.629714,574.744631,0.0,7
C16457,3531.167073,0.9,797.5,577.83,219.67,5273.226918,0.7,0.4,0.5,0.9,33,21,4000.0,2979.5467,3052.080103,0.0,10
C13348,68.207625,0.363636,536.0,0.0,536.0,0.0,0.333333,0.0,0.25,0.0,0,4,4000.0,1204.801315,186.15796,0.666667,12
C10205,1973.814964,1.0,873.0,873.0,0.0,0.0,0.166667,0.166667,0.0,0.0,0,5,8000.0,541.722532,762.682834,0.0,12
C13898,5312.289573,1.0,399.92,289.0,110.92,7412.140941,0.25,0.083333,0.25,0.583333,19,10,7500.0,13817.5638,6729.203906,0.083333,12
C14660,4995.229116,1.0,1580.34,1364.34,216.0,0.0,1.0,1.0,0.416667,0.0,0,26,5500.0,1712.233039,1485.721729,0.0,12
C11133,6.338717,0.090909,171.0,171.0,0.0,0.0,0.166667,0.166667,0.0,0.0,0,2,4000.0,495.808559,88.232737,0.0,12
C10572,492.070146,0.8,4924.41,4924.41,0.0,0.0,0.8,0.8,0.0,0.0,0,48,10500.0,3430.597877,149.408227,1.0,10
C14231,1138.592025,1.0,327.99,248.99,79.0,0.0,0.333333,0.25,0.166667,0.0,0,9,1200.0,559.386373,902.962826,0.0,12
C14084,1894.990608,1.0,0.0,0.0,0.0,1930.273374,0.0,0.0,0.0,0.166667,2,0,5500.0,767.315938,438.908538,0.0,12
C14121,231.089583,1.0,1547.92,1547.92,0.0,0.0,1.0,1.0,0.0,0.0,0,12,9000.0,1230.772375,196.595495,0.333333,12
C16731,1915.189848,1.0,0.0,0.0,0.0,1390.387875,0.0,0.0,0.0,0.25,4,0,2500.0,714.25653,544.704952,0.0,12
C12387,299.464702,1.0,1439.49,593.0,846.49,0.0,1.0,0.166667,1.0,0.0,0,31,6000.0,1323.74446,200.986504,0.0,12
C15454,11.116861,1.0,168.0,0.0,168.0,0.0,1.0,0.0,1.0,0.0,0,12,5500.0,154.705191,157.784568,0.083333,12
C15643,5825.2877,1.0,230.0,230.0,0.0,1909.594385,0.083333,0.083333,0.0,0.25,3,1,7000.0,1537.817125,1442.075559,0.0,12
C15318,5.313086,0.545455,71.75,0.0,71.75,0.0,0.583333,0.0,0.583333,0.0,0,7,3000.0,112.61746,99.423595,0.142857,12
C18795,49.032869,1.0,360.96,0.0,360.96,0.0,1.0,0.0,0.875,0.0,0,8,1000.0,321.694432,133.819552,0.285714,8
C16711,631.959341,1.0,0.0,0.0,0.0,19.388248,0.0,0.0,0.0,0.083333,1,0,700.0,161.443162,328.060694,0.0,12
C16436,145.085902,1.0,1284.74,1284.74,0.0,0.0,0.5,0.5,0.0,0.0,0,16,3000.0,2524.474539,167.031924,0.166667,12
C10641,837.950585,1.0,8273.18,2904.89,5368.29,0.0,1.0,1.0,1.0,0.0,0,53,7000.0,7883.621179,208.069929,1.0,12
C18342,1857.961278,1.0,0.0,0.0,0.0,1005.292057,0.0,0.0,0.0,0.333333,13,0,2500.0,288.461702,814.423515,0.0,12
C10971,4593.577983,1.0,0.0,0.0,0.0,393.742621,0.0,0.0,0.0,0.1,1,0,5250.0,1064.91324,1558.017969,0.0,10
C10647,5248.392421,1.0,8403.17,7469.7,933.47,3141.100688,0.833333,0.666667,0.75,0.5,12,117,13000.0,8495.972927,1183.069705,0.25,12
C16835,3347.229846,1.0,480.0,0.0,480.0,1760.145824,0.833333,0.0,0.75,0.166667,3,10,3500.0,1265.606632,719.870166,0.0,12
C19071,0.271854,0.333333,0.0,0.0,0.0,954.026786,0.0,0.0,0.0,0.166667,3,0,1200.0,2858.138216,7.221665,1.0,6
C13144,3790.510114,1.0,2626.06,2236.68,389.38,0.0,1.0,1.0,1.0,0.0,0,62,7500.0,2057.425716,2605.968939,0.0,12
C14901,1063.614099,1.0,0.0,0.0,0.0,196.616463,0.0,0.0,0.0,0.083333,1,0,1200.0,206.505212,316.230814,0.0,12
C15655,56.872544,1.0,748.36,748.36,0.0,0.0,1.0,1.0,0.0,0.0,0,12,4000.0,698.817652,170.77492,1.0,12
C12949,2589.500085,1.0,0.0,0.0,0.0,2529.709392,0.0,0.0,0.0,0.166667,4,0,5000.0,1647.938923,687.719999,0.0,12
C13911,1565.98205,0.818182,1677.26,614.85,1062.41,0.0,0.75,0.166667,0.75,0.0,0,22,4500.0,7364.974854,815.300574,0.444444,12
C14863,1132.796058,1.0,519.79,519.79,0.0,0.0,0.583333,0.583333,0.0,0.0,0,8,1200.0,642.723631,436.088187,0.0,12
C16131,192.942944,1.0,1963.25,1877.08,86.17,0.0,1.0,0.916667,0.916667,0.0,0,22,8000.0,1903.279643,174.499877,1.0,12
C12270,52.575297,0.727273,282.62,33.62,249.0,0.0,0.416667,0.083333,0.25,0.0,0,5,6000.0,388.872739,149.884294,0.2,12
C11203,6.903243,0.727273,145.01,0.0,145.01,0.0,0.75,0.0,0.75,0.0,0,9,3000.0,162.930205,66.97684,0.142857,12
C14126,5376.338384,1.0,5899.35,3732.48,2166.87,0.0,1.0,0.75,0.916667,0.0,0,112,6000.0,2816.619335,2785.379085,0.0,12
C18909,1904.376436,1.0,0.0,0.0,0.0,2185.071381,0.0,0.0,0.0,0.375,3,0,3000.0,980.969819,365.565349,0.0,8
C18715,31.932178,0.363636,365.36,0.0,365.36,0.0,0.333333,0.0,0.333333,0.0,0,4,1833.333333,822.118125,137.769926,1.0,12
C14872,299.179091,0.454545,1147.23,1071.7,75.53,0.0,0.25,0.083333,0.25,0.0,0,6,4000.0,1460.796216,80.470536,0.181818,12
C10498,3170.537693,0.909091,0.0,0.0,0.0,1161.103112,0.0,0.0,0.0,0.181818,2,0,3500.0,547.23924,1111.251287,0.0,11
C11398,15.730229,1.0,163.24,55.0,108.24,0.0,1.0,0.083333,1.0,0.0,0,13,1200.0,179.844127,129.984859,0.166667,12
C18999,307.127754,1.0,909.3,409.3,500.0,237.378894,0.583333,0.166667,0.5,0.166667,4,12,1000.0,943.27817,179.258575,0.0,12
C14666,476.728349,1.0,462.75,462.75,0.0,0.0,1.0,1.0,0.0,0.0,0,12,5500.0,185.002877,170.274498,0.0,12
C17963,13.353513,0.636364,717.95,717.95,0.0,0.0,0.636364,0.636364,0.0,0.0,0,14,5500.0,864.238423,92.807829,0.75,11
C12802,2065.035103,1.0,1462.6,1262.6,200.0,0.0,0.583333,0.333333,0.416667,0.0,0,17,3500.0,3587.267621,533.024631,0.083333,12
C14173,1.816814,0.090909,21.05,0.0,21.05,0.0,0.083333,0.0,0.083333,0.0,0,1,2900.0,243.137299,112.019269,0.0,12
C11068,5842.231445,1.0,452.59,241.53,211.06,786.62111,0.916667,0.416667,0.916667,0.25,5,22,7500.0,4431.489516,2071.432892,0.0,12
C18738,439.357199,1.0,862.74,862.74,0.0,90.322514,0.666667,0.666667,0.0,0.25,4,22,1000.0,789.180188,208.76782,0.0,12
C16979,2284.316297,1.0,239.26,0.0,239.26,2794.719183,0.75,0.0,0.75,0.25,3,9,3000.0,1918.74596,504.077272,0.0,12
C16090,1082.436807,1.0,0.0,0.0,0.0,1835.406271,0.0,0.0,0.0,0.25,7,0,1500.0,2094.304543,258.977488,0.0,12
C13391,215.015895,0.285714,0.0,0.0,0.0,1034.617513,0.0,0.0,0.0,0.285714,4,0,1500.0,0.0,,0.0,7
C17052,1607.551793,0.909091,0.0,0.0,0.0,4078.383904,0.0,0.0,0.0,0.583333,17,0,2500.0,3636.677131,485.333114,0.0,12
C17578,659.121167,1.0,458.5,0.0,458.5,0.0,0.916667,0.0,0.916667,0.0,0,11,1500.0,65.156724,2883.926424,0.0,12
C14574,1138.014732,1.0,1170.48,1170.48,0.0,920.050071,0.416667,0.416667,0.0,0.25,4,5,4500.0,1078.964657,247.32444,0.083333,12
C17053,988.405365,1.0,637.97,45.65,592.32,38.322217,1.0,0.083333,1.0,0.083333,1,25,1000.0,864.471651,903.567225,0.0,12
C12555,1589.449271,1.0,255.75,187.0,68.75,0.0,0.333333,0.166667,0.166667,0.0,0,5,3500.0,599.044421,586.693702,0.0,12
C11473,31.973194,0.545455,94.53,94.53,0.0,0.0,0.083333,0.083333,0.0,0.0,0,2,2100.0,114.614967,140.169606,0.0,12
C12628,153.949311,0.363636,0.0,0.0,0.0,3988.242395,0.0,0.0,0.0,0.25,7,0,11500.0,2699.969008,17.401529,0.0,12
C11933,177.556406,0.818182,2228.35,1600.99,627.36,0.0,0.75,0.666667,0.583333,0.0,0,29,12000.0,1842.340524,110.44378,0.454545,12
C17746,1033.485033,1.0,137.57,0.0,137.57,0.0,0.166667,0.0,0.166667,0.0,0,3,1000.0,423.925626,708.363328,0.0,12
C18822,130.041299,1.0,581.28,0.0,581.28,342.397949,1.0,0.0,0.875,0.125,1,8,1000.0,498.524607,110.630755,0.5,8
C15972,69.722927,0.818182,947.72,0.0,947.72,0.0,0.75,0.0,0.666667,0.0,0,12,1200.0,769.133717,127.904622,0.666667,12
C10551,3649.559565,0.818182,1490.0,1490.0,0.0,8824.695802,0.083333,0.083333,0.0,0.166667,2,1,12500.0,573.307364,747.486806,0.0,12
C18066,19.01482,0.454545,604.26,0.0,604.26,0.0,0.583333,0.0,0.583333,0.0,0,10,4000.0,754.866138,54.86388,0.1,12
C17882,2455.423773,1.0,2695.07,227.97,2467.1,1440.078629,0.833333,0.166667,0.75,0.333333,6,22,3000.0,2963.914089,882.951164,0.0,12
C15060,1986.558317,1.0,0.0,0.0,0.0,872.861808,0.0,0.0,0.0,0.166667,4,0,6500.0,653.211583,587.112789,0.0,12
C10229,9047.621884,1.0,11188.62,6099.16,5089.46,0.0,1.0,0.75,1.0,0.0,0,151,10000.0,11994.41815,8517.258683,0.0,12
C18429,758.118109,0.727273,837.44,0.0,837.44,0.0,1.0,0.0,1.0,0.0,0,22,1000.0,2198.992341,6521.086012,0.0,12
C15391,118.941982,0.285714,1250.0,0.0,1250.0,0.0,0.714286,0.0,0.714286,0.0,0,5,3000.0,1130.438324,127.592031,0.0,7
C13772,3743.771094,1.0,368.44,128.67,239.77,1428.188333,0.9,0.2,0.7,0.3,3,11,7000.0,748.149925,767.438566,0.0,10
C16075,3371.213454,0.888889,75.0,0.0,75.0,3827.274455,0.333333,0.0,0.333333,0.222222,4,3,5500.0,913.974282,941.078476,0.0,9
C17151,293.979281,1.0,45.65,45.65,0.0,0.0,0.083333,0.083333,0.0,0.0,0,1,1800.0,486.063311,252.868183,0.0,12
C16623,4.924829,0.272727,65.97,0.0,65.97,0.0,0.25,0.0,0.166667,0.0,0,3,4000.0,178.11004,174.504822,1.0,12
C14847,6.127959,0.636364,82.85,0.0,82.85,0.0,0.636364,0.0,0.545455,0.0,0,13,3500.0,100.08381,108.827629,0.4,11
C15027,2472.017517,1.0,2317.89,1716.02,601.87,0.0,1.0,0.583333,0.75,0.0,0,55,5500.0,647.118596,769.790351,0.0,12
C13608,2341.505917,1.0,1231.59,390.05,841.54,0.0,1.0,0.083333,1.0,0.0,0,26,7600.0,1218.749713,572.244747,0.0,12
C15762,730.058174,1.0,782.6,782.6,0.0,0.0,1.0,1.0,0.0,0.0,0,12,12000.0,278.865346,238.608197,0.0,12
C14958,1153.335938,1.0,886.56,0.0,886.56,0.0,1.0,0.0,1.0,0.0,0,12,1000.0,724.171914,2256.223464,0.0,12
C12464,2416.771489,1.0,4201.13,3802.21,398.92,3306.574157,1.0,0.75,1.0,0.166667,11,82,5500.0,6091.906636,830.39506,0.2,12
C12972,5392.29598,1.0,0.0,0.0,0.0,4020.9308,0.0,0.0,0.0,0.25,5,0,8000.0,8237.315179,1167.409427,0.090909,12
C15296,724.854858,1.0,185.63,185.63,0.0,321.127263,0.25,0.25,0.0,0.083333,1,4,1300.0,1474.929946,441.741032,0.083333,12
C14142,78.114579,0.818182,0.0,0.0,0.0,7155.612737,0.0,0.0,0.0,0.083333,2,0,15000.0,11241.39128,16.95009,0.142857,12
C16780,2433.487018,1.0,0.0,0.0,0.0,348.296735,0.0,0.0,0.0,0.272727,6,0,2500.0,527.171985,1097.372571,0.0,11
C11606,27.832009,1.0,366.6,0.0,366.6,0.0,1.0,0.0,1.0,0.0,0,12,5000.0,364.834065,82.215933,0.25,12
C18280,617.496041,1.0,521.64,0.0,521.64,0.0,1.0,0.0,1.0,0.0,0,12,1500.0,269.919412,234.724653,0.0,12
C14496,30.350623,1.0,341.48,0.0,341.48,0.0,1.0,0.0,1.0,0.0,0,15,4000.0,381.231169,178.836103,0.916667,12
C17548,1809.917132,1.0,266.64,0.0,266.64,0.0,1.0,0.0,1.0,0.0,0,24,2500.0,77.991128,13916.7029,0.0,12
C13508,1326.334307,1.0,2484.76,374.18,2110.58,0.0,1.0,0.25,1.0,0.0,0,39,7500.0,400.178807,367.804459,0.0,12
C16227,462.340941,1.0,125.0,0.0,125.0,0.0,0.416667,0.0,0.416667,0.0,0,5,500.0,250.788354,350.085005,0.0,12
C11732,23.331936,0.454545,1194.96,0.0,1194.96,0.0,1.0,0.0,1.0,0.0,0,17,1600.0,1381.551722,28.452913,0.0,12
C12941,2017.948347,1.0,1137.55,1137.55,0.0,145.93864,0.333333,0.333333,0.0,0.166667,2,14,2500.0,2416.247973,667.805708,0.0,12
C13050,1013.23312,0.909091,0.0,0.0,0.0,603.491005,0.0,0.0,0.0,0.272727,3,0,1200.0,535.726687,206.591708,0.0,11
C18368,1980.103629,1.0,926.06,804.06,122.0,2700.516738,0.916667,0.333333,0.75,0.833333,21,27,4000.0,738.726381,671.274132,0.0,12
C12367,6891.424677,1.0,4399.07,3705.13,693.94,1838.093797,1.0,1.0,0.333333,0.25,4,80,11150.0,1834.501318,1864.863139,0.0,12
C18111,1017.982199,1.0,0.0,0.0,0.0,2247.107682,0.0,0.0,0.0,0.583333,14,0,1200.0,1582.856628,431.459141,0.0,12
C10307,1521.1681,1.0,245.98,245.98,0.0,2792.67597,0.166667,0.166667,0.0,0.25,3,2,6000.0,2261.523522,388.258009,0.0,12
C17740,623.583624,1.0,1344.85,1099.72,245.13,0.0,0.666667,0.5,0.333333,0.0,0,21,2200.0,1374.213771,304.225119,0.083333,12
C10059,2386.330629,1.0,5217.62,4789.09,428.53,0.0,0.916667,0.916667,0.5,0.0,0,42,7500.0,5678.729613,1311.514878,0.083333,12
C15929,3144.690403,1.0,865.94,865.94,0.0,0.0,0.25,0.25,0.0,0.0,0,4,3500.0,1018.210531,977.712784,0.0,12
C13127,3846.74253,1.0,0.0,0.0,0.0,1932.460679,0.0,0.0,0.0,1.5,18,0,5600.0,496.245836,538.346874,0.0,6
C18209,52.806957,1.0,266.68,0.0,266.68,0.0,0.333333,0.0,0.333333,0.0,0,4,2000.0,367.892428,196.742169,0.5,12
C15479,467.287934,1.0,4327.92,78.0,4249.92,0.0,1.0,0.083333,1.0,0.0,0,13,3000.0,4214.565847,182.841487,0.75,12
C14498,1639.513143,1.0,1225.0,651.0,574.0,0.0,1.0,0.583333,1.0,0.0,0,24,1900.0,1467.532097,1476.718269,0.0,12
C15496,767.708957,1.0,1730.6,661.45,1069.15,0.0,1.0,0.571429,0.857143,0.0,0,45,4000.0,341.459733,126.503057,0.0,7
C14421,931.866057,1.0,0.0,0.0,0.0,652.119509,0.0,0.0,0.0,0.25,3,0,3700.0,250.72198,252.620346,0.0,12
C16349,77.087831,0.363636,311.81,311.81,0.0,261.469776,0.25,0.25,0.0,0.083333,1,4,4000.0,109.704849,132.31002,0.0,12
C10306,635.090434,0.818182,5758.71,2252.37,3506.34,0.0,0.75,0.25,0.75,0.0,0,48,2900.0,7943.57021,197.416104,1.0,12
C13105,341.233281,1.0,277.06,0.0,277.06,0.0,0.583333,0.0,0.5,0.0,0,7,2800.0,2859.947327,2595.876353,0.75,12
C13216,44.081566,1.0,503.25,0.0,503.25,0.0,0.916667,0.0,0.833333,0.0,0,11,8500.0,500.251341,171.601056,1.0,12
C10674,365.12275,1.0,571.32,0.0,571.32,4961.005282,0.5,0.0,0.333333,0.416667,14,3,4000.0,5308.488824,216.48223,0.454545,12
C11416,73.507271,1.0,890.45,890.45,0.0,0.0,1.0,1.0,0.0,0.0,0,17,8500.0,999.607298,171.602356,0.363636,12
C15730,387.449138,1.0,253.7,253.7,0.0,0.0,0.416667,0.416667,0.0,0.0,0,8,3000.0,198.133653,200.73031,0.0,12
C14228,6743.313868,1.0,5591.26,1770.5,3820.76,1074.347669,1.0,1.0,1.0,0.25,4,162,9500.0,2314.208069,1682.939354,0.0,12
C15706,701.135691,1.0,1004.04,624.0,380.04,181.874234,0.416667,0.166667,0.25,0.083333,1,6,3000.0,359.829195,190.226811,0.0,12
C13535,122.062129,1.0,924.69,422.0,502.69,0.0,0.5,0.083333,0.416667,0.0,0,11,6300.0,789.33314,164.279979,0.363636,12
C16645,834.825957,1.0,0.0,0.0,0.0,1195.000251,0.0,0.0,0.0,0.25,6,0,1200.0,1392.439311,221.752549,0.1,12
C10708,5656.069801,1.0,362.36,362.36,0.0,7240.433194,0.25,0.25,0.0,1.25,12,2,8000.0,683.421497,2036.877611,0.0,8
C10450,981.643409,0.818182,0.0,0.0,0.0,1462.32354,0.0,0.0,0.0,0.083333,2,0,1500.0,2008.971745,277.582819,0.125,12
C14595,25.950664,0.636364,231.25,0.0,231.25,0.0,0.666667,0.0,0.583333,0.0,0,14,4000.0,209.115604,94.901424,0.090909,12
C14739,38.994955,1.0,431.52,431.52,0.0,0.0,1.0,1.0,0.0,0.0,0,12,7000.0,417.892105,182.596244,1.0,12
C11540,4804.072481,1.0,0.0,0.0,0.0,1116.128466,0.0,0.0,0.0,0.583333,11,0,5000.0,1589.654582,1456.920041,0.0,12
C10841,3517.561446,1.0,173.69,173.69,0.0,3122.99024,0.166667,0.166667,0.0,0.416667,6,2,5000.0,5091.300312,796.031998,0.0,12
C11944,210.993146,0.818182,90.51,90.51,0.0,0.0,0.083333,0.083333,0.0,0.0,0,1,6500.0,1240.766161,230.983088,0.0,12
C12617,25.706551,0.909091,133.86,0.0,133.86,0.0,0.333333,0.0,0.25,0.0,0,6,9500.0,148.214416,167.952263,0.222222,12
C19169,62.320028,1.0,500.0,0.0,500.0,0.0,1.0,0.0,0.833333,0.0,0,6,1000.0,456.745027,73.848755,1.0,6
C12002,662.022698,0.875,280.0,280.0,0.0,2276.320971,0.125,0.125,0.0,0.25,2,1,3000.0,1914.038297,129.180504,0.142857,8
C17196,89.567592,0.545455,990.73,990.73,0.0,0.0,0.25,0.25,0.0,0.0,0,9,4000.0,2626.23328,102.594438,0.5,12
C13357,67.869072,0.454545,502.52,0.0,502.52,0.0,0.333333,0.0,0.333333,0.0,0,4,1000.0,1297.259048,140.879535,0.5,12
C17521,528.324583,0.909091,0.0,0.0,0.0,2101.089889,0.0,0.0,0.0,0.416667,7,0,3000.0,1398.911214,167.442242,0.333333,12
C11225,1771.028068,0.909091,360.0,360.0,0.0,1836.07301,0.090909,0.090909,0.0,0.454545,5,1,5000.0,4681.869188,427.286126,0.1,11
C11421,65.253182,0.363636,1027.41,1027.41,0.0,0.0,0.25,0.25,0.0,0.0,0,7,6000.0,1558.234063,165.821848,0.666667,12
C17001,3.76029,0.181818,45.0,0.0,45.0,0.0,0.083333,0.0,0.083333,0.0,0,2,3000.0,1895.798955,68.967179,0.0,12
C13301,3.925627,0.454545,17.8,17.8,0.0,0.0,0.083333,0.083333,0.0,0.0,0,1,2500.0,649.54356,84.757464,0.5,12
C10651,537.389322,0.9,1704.22,150.5,1553.72,0.0,0.9,0.2,0.8,0.0,0,16,1500.0,679.888456,160.592311,0.125,10
C13100,1134.830372,1.0,833.98,833.98,0.0,0.0,1.0,1.0,0.0,0.0,0,11,7500.0,285.23111,184.13146,0.0,8
C11723,165.808096,0.714286,981.19,823.39,157.8,0.0,0.714286,0.571429,0.285714,0.0,0,16,9000.0,672.446893,105.350665,0.25,7
C12178,916.200655,1.0,1827.62,1408.82,418.8,0.0,0.833333,0.5,0.666667,0.0,0,34,1200.0,1731.206869,253.774892,0.0,12
C12958,115.340163,1.0,54.67,0.0,54.67,727.568806,0.166667,0.0,0.166667,0.166667,2,2,1200.0,410.867044,115.03558,0.0,12
C18049,464.578589,1.0,0.0,0.0,0.0,502.58572,0.0,0.0,0.0,0.583333,12,0,500.0,667.531731,190.628474,0.0,12
C15359,1915.675716,1.0,855.27,855.27,0.0,0.0,0.545455,0.545455,0.0,0.0,0,8,6200.0,519.064499,438.190574,0.0,11
C10088,1935.362486,1.0,4915.6,4515.34,400.26,293.844792,1.0,1.0,0.333333,0.083333,1,50,9000.0,4921.066897,594.756686,0.0,12
C18935,873.680279,1.0,2397.05,1072.46,1324.59,1657.160669,1.0,0.5,0.916667,0.583333,12,23,2500.0,2028.986135,297.682079,0.083333,12
C13628,2966.034939,1.0,0.0,0.0,0.0,1607.410863,0.0,0.0,0.0,0.25,17,0,3500.0,770.65505,789.628075,0.0,12
C12354,1613.321542,1.0,252.0,252.0,0.0,0.0,0.166667,0.166667,0.0,0.0,0,3,1800.0,833.515706,592.475313,0.0,12
C16332,6643.187445,1.0,202.69,202.69,0.0,5107.669643,0.083333,0.083333,0.0,0.333333,12,1,11000.0,2856.272258,1505.988113,0.0,12
C18453,404.316166,1.0,176.0,0.0,176.0,0.0,0.416667,0.0,0.416667,0.0,0,5,1000.0,157.644753,193.242502,0.0,12
C10433,133.405494,0.545455,1346.9,1028.0,318.9,0.0,0.583333,0.083333,0.416667,0.0,0,14,8000.0,1369.437449,98.678839,0.333333,12
C12430,73.379518,1.0,875.38,0.0,875.38,0.0,1.0,0.0,1.0,0.0,0,16,6500.0,688.546903,196.362677,0.75,12
C16180,745.342323,1.0,49.25,49.25,0.0,0.0,0.083333,0.083333,0.0,0.0,0,1,1000.0,370.390221,215.208576,0.0,12
C17407,2371.89209,1.0,447.81,289.43,158.38,5515.157108,0.818182,0.181818,0.636364,0.454545,16,17,8500.0,458.534768,673.83736,0.0,11
C10304,3992.261885,1.0,0.0,0.0,0.0,348.834361,0.0,0.0,0.0,0.583333,9,0,4000.0,1057.678259,1229.820066,0.0,12
C18687,4572.797303,1.0,65.0,65.0,0.0,5075.019446,0.125,0.125,0.0,0.375,8,1,5500.0,657.437413,723.25892,0.0,8
C11557,3019.914063,1.0,0.0,0.0,0.0,397.601082,0.0,0.0,0.0,0.181818,2,0,3300.0,626.302973,954.804381,0.0,11
C18167,3.744789,0.090909,78.33,0.0,78.33,0.0,0.083333,0.0,0.083333,0.0,0,1,1000.0,0.0,,0.0,12
C16045,2389.347926,1.0,382.5,0.0,382.5,0.0,0.75,0.0,0.75,0.0,0,9,2500.0,1118.260439,1642.929308,0.0,12
C11688,49.416158,0.727273,590.0,350.0,240.0,0.0,0.583333,0.083333,0.5,0.0,0,7,6000.0,836.812414,127.768461,1.0,12
C14745,7005.310696,1.0,0.0,0.0,0.0,4273.427073,0.0,0.0,0.0,0.333333,11,0,10500.0,1623.620841,1571.575974,0.0,12
C16693,2.752576,0.181818,30.9,0.0,30.9,0.0,0.166667,0.0,0.166667,0.0,0,2,3000.0,174.049821,114.010269,0.333333,12
C16422,1472.378275,1.0,0.0,0.0,0.0,2297.002595,0.0,0.0,0.0,0.583333,23,0,4000.0,602.231254,386.832933,0.0,12
C13273,1839.93046,1.0,26.12,26.12,0.0,158.971239,0.083333,0.083333,0.0,0.083333,1,1,1950.0,525.947589,627.660656,0.0,12
C11615,4676.575915,1.0,453.64,0.0,453.64,1984.010422,0.333333,0.0,0.333333,0.166667,5,4,8000.0,1274.301021,2539.523493,0.0,12
C17625,25.715061,0.363636,449.32,449.32,0.0,0.0,0.166667,0.166667,0.0,0.0,0,4,5000.0,1086.379588,131.749774,1.0,12
C13995,3126.109251,1.0,3357.24,2197.01,1160.23,0.0,1.0,1.0,1.0,0.0,0,154,7000.0,1149.614601,707.168238,0.0,12
C12042,360.774263,1.0,2437.8,1788.3,649.5,0.0,1.0,1.0,0.5,0.0,0,30,7500.0,2204.789548,186.937922,0.083333,12
C11945,3171.17541,1.0,109.16,0.0,109.16,4586.702891,0.083333,0.0,0.083333,0.333333,10,1,6000.0,598.08223,1307.447265,0.0,12
C10454,969.294446,1.0,0.0,0.0,0.0,340.249539,0.0,0.0,0.0,0.083333,1,0,1200.0,591.853821,204.676682,0.0,12
C13429,999.528562,1.0,662.98,583.0,79.98,495.595993,0.363636,0.363636,0.090909,0.181818,2,8,1400.0,691.407037,676.34902,0.0,11
C15530,570.552082,1.0,3179.69,1258.99,1920.7,0.0,1.0,0.25,0.833333,0.0,0,28,5000.0,3067.833591,248.870731,0.416667,12
C18508,2323.50306,1.0,66.0,66.0,0.0,1750.387105,0.083333,0.083333,0.0,0.583333,14,1,3000.0,663.167426,539.587943,0.0,12
C17649,324.055174,1.0,2075.13,1100.0,975.13,0.0,1.0,0.083333,1.0,0.0,0,48,1500.0,1653.941553,305.331243,0.25,12
C12351,1689.319684,1.0,724.83,0.0,724.83,0.0,0.583333,0.0,0.583333,0.0,0,7,1500.0,1462.037592,3397.732291,0.0,12
C13123,580.649334,0.636364,0.0,0.0,0.0,1133.582799,0.0,0.0,0.0,0.25,4,0,1200.0,215.025138,291.847732,0.0,12
C12833,78.027358,0.454545,377.07,377.07,0.0,367.672276,0.25,0.25,0.0,0.083333,2,8,1500.0,1547.271973,157.18024,0.25,12
C10385,1128.229387,1.0,5068.88,3529.88,1539.0,0.0,1.0,1.0,1.0,0.0,0,76,4500.0,3904.568067,373.931063,0.083333,12
C15509,1879.694262,1.0,832.67,694.73,137.94,0.0,0.583333,0.25,0.333333,0.0,0,22,2000.0,873.931715,1452.265916,0.0,12
C12660,334.1265,0.818182,0.0,0.0,0.0,1783.362859,0.0,0.0,0.0,0.416667,10,0,1400.0,1811.558237,176.978122,0.181818,12
C17998,2339.4425,1.0,2941.53,1032.4,1909.13,0.0,1.0,0.5,1.0,0.0,0,86,3000.0,2055.656122,697.394834,0.0,12
C15465,53.173349,0.545455,60.0,60.0,0.0,277.129953,0.083333,0.083333,0.0,0.083333,1,1,1200.0,2202.149777,274.519006,0.0,12
C12750,6001.428376,1.0,0.0,0.0,0.0,2404.829712,0.0,0.0,0.0,0.166667,2,0,9000.0,1369.894805,1791.251295,0.0,12
C13241,292.688812,1.0,2815.82,2047.65,768.17,0.0,1.0,1.0,1.0,0.0,0,71,7000.0,4382.773241,206.099083,0.5,12
C11844,6224.464489,1.0,4439.11,3884.1,555.01,0.0,0.833333,0.5,0.75,0.0,0,59,6500.0,2546.344149,4299.471274,0.0,12
C15394,1414.47232,0.636364,331.52,331.52,0.0,57.691122,0.166667,0.166667,0.0,0.083333,1,2,7500.0,3321.020515,394.681018,0.0,12
C14535,785.429991,1.0,0.0,0.0,0.0,277.70324,0.0,0.0,0.0,0.083333,1,0,1200.0,327.423796,168.363818,0.0,12
C14760,268.966315,0.727273,784.0,659.0,125.0,0.0,0.5,0.25,0.333333,0.0,0,12,10500.0,514.650308,159.17308,0.166667,12
C19023,4.358863,0.181818,70.0,70.0,0.0,0.0,0.090909,0.090909,0.0,0.0,0,1,500.0,363.248976,75.029727,0.0,11
C12908,2540.711001,1.0,844.38,844.38,0.0,197.620055,0.5,0.5,0.0,0.083333,1,11,7000.0,576.312714,532.652119,0.0,12
C17420,5269.761999,1.0,0.0,0.0,0.0,663.355012,0.0,0.0,0.0,0.083333,2,0,6500.0,1305.706821,1270.894997,0.0,12
C17298,974.52764,1.0,952.02,445.08,506.94,0.0,0.583333,0.25,0.583333,0.0,0,26,4000.0,1452.017727,299.165904,0.0,12
C16313,4028.03648,1.0,35.0,35.0,0.0,0.0,0.083333,0.083333,0.0,0.0,0,1,4000.0,328.496865,20551.61978,0.0,12
C17589,61.253237,1.0,377.86,78.0,299.86,0.0,1.0,0.166667,1.0,0.0,0,24,2700.0,347.206621,177.060952,0.083333,12
C14243,404.582074,1.0,555.84,0.0,555.84,0.0,0.916667,0.0,0.916667,0.0,0,11,1500.0,229.068913,255.734095,0.0,12
C13103,1310.839573,1.0,646.28,422.17,224.11,2350.427153,0.666667,0.333333,0.5,0.416667,17,15,1500.0,1758.379933,908.470064,0.0,12
C15247,1117.33657,1.0,0.0,0.0,0.0,99.315429,0.0,0.0,0.0,0.25,4,0,1200.0,272.177301,395.344077,0.0,12
C15188,371.866448,1.0,2825.85,2506.84,319.01,0.0,0.75,0.75,0.5,0.0,0,24,10000.0,2137.437449,233.649807,0.25,12
C18136,184.212569,1.0,1292.76,653.76,639.0,0.0,1.0,1.0,0.666667,0.0,0,57,7500.0,1132.87395,166.655851,0.5,12
C11593,3044.194951,1.0,934.21,112.0,822.21,75.711826,0.75,0.083333,0.666667,0.166667,2,38,3000.0,1268.702405,2050.327011,0.0,12
C13126,1224.95436,1.0,0.0,0.0,0.0,292.385578,0.0,0.0,0.0,0.083333,1,0,1400.0,350.078829,566.002062,0.0,12
C10333,6719.376505,1.0,0.0,0.0,0.0,2443.262416,0.0,0.0,0.0,0.333333,7,0,7500.0,1493.089193,2488.976669,0.0,12
C12094,876.577775,1.0,1029.94,0.0,1029.94,0.0,1.0,0.0,1.0,0.0,0,18,2000.0,2221.896121,227.64056,0.0,12
C11027,2845.16043,0.727273,735.09,652.94,82.15,0.0,0.666667,0.25,0.333333,0.0,0,8,10500.0,6006.492582,888.901116,0.0,12
C13564,2271.936696,1.0,2386.88,173.26,2213.62,0.0,1.0,0.083333,1.0,0.0,0,40,5000.0,917.290601,1633.568519,0.0,12
C17681,1271.172501,0.909091,0.0,0.0,0.0,1865.939841,0.0,0.0,0.0,0.090909,1,0,4000.0,2099.387435,366.383649,0.0,11
C16191,4348.546906,1.0,3198.15,1966.24,1231.91,0.0,0.909091,0.545455,0.909091,0.0,0,54,6000.0,1068.304454,1647.360238,0.0,11
C14964,1161.901683,1.0,10903.22,7841.79,3061.43,0.0,1.0,1.0,1.0,0.0,0,136,12000.0,10799.00074,235.88019,1.0,12
C16450,2277.067891,1.0,7025.02,7025.02,0.0,0.0,0.75,0.75,0.0,0.0,0,33,3500.0,6063.45472,2283.354515,0.083333,12
C12252,2598.802288,1.0,0.0,0.0,0.0,185.909531,0.0,0.0,0.0,0.083333,1,0,3000.0,773.831303,671.834242,0.0,12
C10115,156.216753,0.818182,1354.86,585.63,769.23,0.0,0.916667,0.333333,0.833333,0.0,0,34,5500.0,858.976682,108.319927,0.0,12
C15832,391.673369,1.0,1944.64,1333.38,611.26,0.0,0.833333,0.666667,0.583333,0.0,0,29,6000.0,2218.376164,211.587611,0.083333,12
C15528,42.51225,0.272727,523.15,75.2,447.95,0.0,0.25,0.083333,0.25,0.0,0,7,2000.0,925.820102,164.103619,1.0,12
C11114,3892.22326,1.0,929.99,453.0,476.99,558.732109,1.0,0.5,1.0,0.083333,1,65,6500.0,951.737085,909.741196,0.0,12
C12296,619.974954,1.0,1219.39,464.39,755.0,4473.3497,0.666667,0.166667,0.416667,0.25,8,8,2000.0,4115.217914,382.658882,0.25,12
C18549,77.097563,0.727273,233.62,25.62,208.0,281.332123,0.666667,0.083333,0.666667,0.25,4,9,1000.0,689.947206,123.11519,0.111111,12
C18354,135.843015,0.181818,1111.4,1111.4,0.0,0.0,0.166667,0.166667,0.0,0.0,0,2,1050.0,4121.57553,139.892334,0.0,12
C15591,3.894895,0.727273,182.49,0.0,182.49,0.0,0.916667,0.0,0.916667,0.0,0,11,1500.0,201.08824,13.88938,0.0,12
C14107,6.109243,0.181818,73.64,73.64,0.0,0.0,0.083333,0.083333,0.0,0.0,0,1,4000.0,71.926635,16.121833,0.0,12
C11207,20.889413,0.636364,244.2,0.0,244.2,0.0,0.333333,0.0,0.25,0.0,0,4,4000.0,541.817138,72.261438,0.0,12
C14442,2493.134397,1.0,253.0,28.0,225.0,2622.759643,0.833333,0.083333,0.75,0.333333,8,11,2900.0,445.652564,1146.800921,0.0,12
C11498,11431.78621,1.0,0.0,0.0,0.0,8641.998958,0.0,0.0,0.0,0.916667,15,0,14500.0,3967.893848,4392.097756,0.0,12
C17579,4228.417754,1.0,11994.71,11994.71,0.0,496.521561,0.25,0.25,0.0,0.083333,2,8,13450.0,508.797444,1725.645623,0.0,12
C16611,453.347636,1.0,4164.8,159.4,4005.4,0.0,1.0,0.166667,1.0,0.0,0,51,5500.0,4663.19128,168.550395,1.0,12
C17582,18.120946,0.5,57.0,57.0,0.0,0.0,0.166667,0.166667,0.0,0.0,0,1,1500.0,118.438703,54.138711,0.0,6
C18717,14.508545,0.454545,186.14,0.0,186.14,0.0,0.75,0.0,0.666667,0.0,0,9,2500.0,181.846393,78.984685,0.142857,12
C16486,4.588899,0.272727,249.96,0.0,249.96,0.0,0.916667,0.0,0.916667,0.0,0,17,4000.0,248.437485,36.714951,0.1,12
C15315,943.584041,0.875,103.0,103.0,0.0,0.0,0.125,0.125,0.0,0.0,0,1,1000.0,215.325023,410.484825,0.0,8
C18854,6.747965,0.545455,277.44,0.0,277.44,0.0,1.0,0.0,1.0,0.0,0,12,1000.0,263.591465,82.527965,0.363636,12
C15626,8.838114,0.454545,1003.66,586.14,417.52,0.0,0.583333,0.333333,0.25,0.0,0,10,2500.0,1140.257668,31.497924,0.0,12
C13153,281.349361,1.0,473.34,0.0,473.34,0.0,0.833333,0.0,0.833333,0.0,0,10,1500.0,153.209881,182.388625,0.083333,12
C13414,790.367002,1.0,3663.31,2744.88,918.43,0.0,1.0,1.0,0.833333,0.0,0,70,5000.0,4232.922974,250.545557,0.0,12
C13342,4064.615698,1.0,351.0,0.0,351.0,2412.0422,0.75,0.0,0.666667,0.083333,3,9,5000.0,702.91438,2615.222618,0.0,12
C18147,1137.469948,1.0,1865.56,280.6,1584.96,157.80548,1.0,0.25,1.0,0.083333,3,62,1200.0,990.084482,2405.692294,0.0,12
C17374,676.221211,1.0,125.0,0.0,125.0,0.0,0.454545,0.0,0.454545,0.0,0,5,1000.0,340.888872,204.474576,0.0,11
C11565,588.795215,0.636364,4116.0,0.0,4116.0,0.0,0.5,0.0,0.5,0.0,0,12,21500.0,8130.112361,224.763498,1.0,12
C12386,2093.844656,1.0,0.0,0.0,0.0,1307.898095,0.0,0.0,0.0,0.083333,2,0,3000.0,470.841807,912.479272,0.0,12
C18382,1095.180685,1.0,459.0,459.0,0.0,1972.439122,0.166667,0.166667,0.0,0.25,5,5,3000.0,805.924742,310.111406,0.0,12
C11499,4116.869029,1.0,0.0,0.0,0.0,5884.641102,0.0,0.0,0.0,0.166667,2,0,10500.0,7310.396611,1401.251858,0.1,12
C12083,7333.442833,1.0,320.8,0.0,320.8,9733.258025,0.833333,0.0,0.75,1.0,38,10,10000.0,2036.371171,2529.594963,0.0,12
C18634,304.309784,1.0,289.75,0.0,289.75,0.0,0.5,0.0,0.416667,0.0,0,7,2500.0,670.652889,177.079948,0.0,12
C14688,8363.401152,1.0,1076.01,1076.01,0.0,3134.26615,0.25,0.25,0.0,0.666667,29,7,9500.0,1828.936956,2608.291402,0.0,12
C18944,78.448912,1.0,1875.18,977.85,897.33,0.0,1.0,0.833333,0.916667,0.0,0,78,1200.0,1656.503571,172.161277,1.0,12
C19190,372.708075,0.666667,1093.25,1093.25,0.0,127.040008,0.666667,0.666667,0.0,0.333333,2,23,1200.0,63.165404,88.288956,0.0,6
C10869,161.198861,1.0,536.68,103.0,433.68,0.0,1.0,0.083333,1.0,0.0,0,13,1000.0,280.826685,165.304588,0.090909,12
C19113,600.052391,1.0,274.0,0.0,274.0,821.878829,1.0,0.0,0.875,0.5,13,8,1000.0,151.304337,245.340184,0.0,8
C12447,5274.508501,1.0,324.96,0.0,324.96,1392.925291,1.0,0.0,1.0,0.25,5,12,5500.0,938.073283,2927.486552,0.0,12
C18516,190.096469,1.0,561.99,0.0,561.99,0.0,1.0,0.0,1.0,0.0,0,14,1000.0,372.859398,195.131923,0.0,12
C18199,15.587005,0.545455,156.0,0.0,156.0,0.0,0.545455,0.0,0.545455,0.0,0,6,2000.0,168.726312,81.861265,0.2,11
C17230,2.299436,0.181818,1337.18,86.6,1250.58,181.491612,1.0,0.166667,0.916667,0.083333,1,23,4500.0,1686.830156,27.398111,0.0,12
C13351,4788.283283,1.0,0.0,0.0,0.0,437.808586,0.0,0.0,0.0,0.166667,2,0,5000.0,823.840717,1934.821741,0.0,12
C15917,741.05358,1.0,0.0,0.0,0.0,37.527333,0.0,0.0,0.0,0.083333,1,0,1200.0,1267.067064,231.513272,0.0,12
C17494,1185.330971,1.0,0.0,0.0,0.0,1651.711638,0.0,0.0,0.0,0.5,21,0,3000.0,341.938368,367.00205,0.0,12
C10468,1534.969344,1.0,1476.19,1476.19,0.0,0.0,1.0,1.0,0.0,0.0,0,23,2500.0,1493.919986,382.989143,0.0,12
C14527,1080.852036,1.0,0.0,0.0,0.0,48.919105,0.0,0.0,0.0,0.083333,1,0,1200.0,343.313124,254.04276,0.0,12
C11770,2472.874609,1.0,2052.74,730.94,1321.8,3251.021027,1.0,0.416667,1.0,0.25,10,30,6500.0,9076.561132,635.401109,0.083333,12
C13350,95.267927,1.0,571.64,0.0,571.64,0.0,0.75,0.0,0.666667,0.0,0,14,8800.0,558.81781,191.864946,0.0,12
C14812,626.213492,1.0,0.0,0.0,0.0,3393.427055,0.0,0.0,0.0,0.25,11,0,1200.0,3566.140224,473.448279,0.25,12
C10350,3355.631092,1.0,242.88,0.0,242.88,0.0,1.0,0.0,1.0,0.0,0,12,13500.0,6084.115091,890.639118,0.090909,12
C13545,3242.285167,1.0,0.0,0.0,0.0,2732.692813,0.0,0.0,0.0,0.916667,28,0,6000.0,766.465991,1225.221287,0.0,12
C15067,62.104602,0.636364,377.62,0.0,377.62,0.0,0.5,0.0,0.5,0.0,0,6,2500.0,548.900318,99.168927,0.181818,12
C14162,44.192011,0.454545,356.0,356.0,0.0,0.0,0.166667,0.166667,0.0,0.0,0,2,16500.0,836.690499,205.907225,0.0,12
C17479,1205.024103,1.0,1247.43,0.0,1247.43,0.0,1.0,0.0,1.0,0.0,0,41,1000.0,1314.358147,2812.820485,0.0,12
C12747,1564.3964,0.727273,1330.0,0.0,1330.0,1906.43522,0.416667,0.0,0.416667,0.083333,1,6,8000.0,1078.907798,825.485459,0.142857,12
C11467,0.001214,0.181818,0.0,0.0,0.0,39.610415,0.0,0.0,0.0,0.083333,1,0,7500.0,231.081616,0.117036,0.0,12
C10035,3517.101616,0.727273,547.28,0.0,547.28,0.0,1.0,0.0,1.0,0.0,0,14,11000.0,8735.607835,17862.55831,0.0,12
C17412,1256.612223,1.0,498.99,498.99,0.0,1353.14431,0.25,0.25,0.0,0.5,10,8,3000.0,685.344851,308.964645,0.0,12
C19066,33.725413,1.0,388.44,0.0,388.44,0.0,1.0,0.0,0.888889,0.0,0,9,1000.0,317.537207,127.402267,1.0,9
C13176,2900.59088,1.0,588.48,588.48,0.0,0.0,0.166667,0.166667,0.0,0.0,0,2,3000.0,1189.418494,2648.004763,0.0,12
C16084,1832.521787,1.0,0.0,0.0,0.0,131.233151,0.0,0.0,0.0,0.166667,3,0,2000.0,495.043669,1041.361298,0.0,12
C11456,8787.333948,1.0,0.0,0.0,0.0,7446.549595,0.0,0.0,0.0,0.166667,2,0,12000.0,1919.111579,3017.638941,0.0,12
C17068,1256.460026,1.0,1313.0,1313.0,0.0,0.0,0.583333,0.583333,0.0,0.0,0,29,1200.0,1440.244979,1919.360883,0.0,12
C12237,7.066111,0.181818,133.16,0.0,133.16,0.0,0.166667,0.0,0.083333,0.0,0,2,16000.0,0.0,,0.0,12
C14888,3139.267322,1.0,5393.36,2094.44,3298.92,0.0,1.0,0.583333,1.0,0.0,0,86,3000.0,4173.119357,5573.463031,0.0,12
C10920,337.317432,1.0,4193.91,3076.01,1117.9,0.0,1.0,1.0,0.583333,0.0,0,27,3000.0,3690.904874,210.035264,1.0,12
C18629,0.0,0.0,64.62,0.0,64.62,0.0,0.25,0.0,0.25,0.0,0,3,1000.0,0.0,,0.0,12
C14639,7558.010921,1.0,365.26,188.56,176.7,4738.30754,0.5,0.083333,0.416667,0.666667,25,9,8000.0,3311.192387,4903.859993,0.0,12
C15994,649.896506,1.0,4919.76,4353.06,566.7,191.376535,0.916667,0.666667,0.833333,0.166667,3,48,6500.0,4854.34051,219.441278,0.166667,12
C12314,2382.328208,1.0,899.58,413.28,486.3,450.252732,1.0,0.25,1.0,0.166667,4,34,2500.0,850.186851,1212.047288,0.0,12
C14323,1119.157048,1.0,133.9,133.9,0.0,269.234406,0.166667,0.166667,0.0,0.25,3,3,1200.0,427.35515,320.855529,0.0,12
C18148,0.0,0.0,136.8,0.0,136.8,0.0,1.0,0.0,1.0,0.0,0,12,2700.0,127.99655,,0.0,12
C18692,20.620429,0.818182,169.66,0.0,169.66,0.0,0.75,0.0,0.666667,0.0,0,9,1000.0,192.185764,145.811693,1.0,12
C15799,356.669878,0.909091,0.0,0.0,0.0,390.549563,0.0,0.0,0.0,0.166667,2,0,1200.0,1936.324445,117.244717,0.285714,12
C10448,541.915572,0.636364,1377.72,1377.72,0.0,0.0,0.25,0.25,0.0,0.0,0,5,2500.0,182.177646,200.759856,0.0,12
C16918,80.607988,1.0,1638.3,0.0,1638.3,0.0,1.0,0.0,1.0,0.0,0,35,6000.0,1589.707781,67.939783,0.2,12
C10184,336.799916,1.0,3535.8,1614.7,1921.1,0.0,1.0,0.416667,0.916667,0.0,0,44,20000.0,2814.231227,186.230835,1.0,12
C17222,275.8837,1.0,424.44,0.0,424.44,0.0,1.0,0.0,1.0,0.0,0,12,2500.0,159.715319,169.767772,0.0,12
C14755,0.0,0.0,19.25,0.0,19.25,0.0,0.083333,0.0,0.083333,0.0,0,1,4000.0,0.0,,0.0,12
C19117,121.294493,0.75,385.26,385.26,0.0,169.554775,0.5,0.5,0.0,0.125,3,7,500.0,98.225317,113.944625,0.0,8
C13403,50.582235,0.909091,428.0,110.0,318.0,0.0,0.5,0.083333,0.333333,0.0,0,7,1700.0,541.419745,139.585651,0.428571,12
C11948,408.948673,0.272727,0.0,0.0,0.0,1871.859929,0.0,0.0,0.0,0.083333,1,0,10000.0,3902.376688,124.094651,0.090909,12
C14701,290.246277,1.0,2617.61,1342.69,1274.92,0.0,1.0,1.0,0.75,0.0,0,52,2500.0,2948.963493,164.864181,0.916667,12
C11846,1329.443468,1.0,0.0,0.0,0.0,1024.351429,0.0,0.0,0.0,0.166667,2,0,1800.0,684.599962,311.075432,0.0,12
C18319,20.890606,1.0,110.0,0.0,110.0,0.0,1.0,0.0,0.875,0.0,0,8,1000.0,56.715447,108.294662,0.333333,8
C16614,1540.478248,1.0,1494.11,171.51,1322.6,320.569363,1.0,0.083333,1.0,0.083333,4,51,1000.0,347.092355,10830.18182,0.0,12
C13619,791.778273,0.818182,0.0,0.0,0.0,3058.096526,0.0,0.0,0.0,0.416667,7,0,3000.0,2877.697274,255.198463,0.142857,12
C12249,2494.774127,1.0,250.0,250.0,0.0,2804.350229,0.083333,0.083333,0.0,0.333333,7,1,3000.0,864.527484,867.201399,0.0,12
C16002,2659.823914,1.0,3384.83,812.11,2572.72,0.0,1.0,0.333333,1.0,0.0,0,82,5700.0,2798.135325,661.569757,0.0,12
C15988,1649.174527,1.0,0.0,0.0,0.0,364.489187,0.0,0.0,0.0,0.083333,1,0,10000.0,1334.151756,415.982151,0.0,12
C12135,291.510745,1.0,698.91,75.0,623.91,79.010038,1.0,0.083333,1.0,0.083333,1,38,5000.0,684.699102,178.065401,0.0,12
C15732,828.013302,1.0,126.48,0.0,126.48,0.0,0.25,0.0,0.166667,0.0,0,3,3000.0,301.728915,224.641178,0.0,12
C14989,35.16925,0.636364,272.34,0.0,272.34,0.0,0.416667,0.0,0.416667,0.0,0,8,1500.0,386.322209,104.5487,0.272727,12
C13890,675.8726,1.0,1315.3,1265.32,49.98,0.0,0.916667,0.833333,0.083333,0.0,0,18,4000.0,0.0,,0.0,12
C10911,1843.308668,1.0,89.66,89.66,0.0,126.156551,0.2,0.2,0.0,0.6,6,5,2000.0,375.878055,397.759846,0.0,10
C13934,1863.787327,1.0,0.0,0.0,0.0,1998.061069,0.0,0.0,0.0,0.083333,1,0,3000.0,749.522371,439.864871,0.0,12
C17798,197.159684,1.0,0.0,0.0,0.0,351.023706,0.0,0.0,0.0,0.25,2,0,1000.0,373.550284,107.037616,0.0,8
C17774,1175.065336,1.0,2707.46,2468.96,238.5,323.014918,0.75,0.666667,0.333333,0.166667,2,29,1700.0,2288.300302,708.708009,0.083333,12
C16796,313.802253,1.0,1146.37,792.1,354.27,1429.340234,0.583333,0.416667,0.416667,0.333333,8,22,2000.0,2736.9303,156.020535,0.181818,12
C14191,1204.187686,1.0,674.85,226.96,447.89,0.0,0.833333,0.166667,0.75,0.0,0,11,7500.0,741.851507,285.994556,0.0,12
C14966,256.028048,1.0,627.42,0.0,627.42,0.0,0.833333,0.0,0.833333,0.0,0,16,2500.0,288.225797,174.799517,0.083333,12
C18951,113.563652,1.0,729.6,0.0,729.6,0.0,1.0,0.0,1.0,0.0,0,12,1000.0,596.539738,176.463251,0.545455,12
C12902,2287.854278,0.909091,0.0,0.0,0.0,1176.120124,0.0,0.0,0.0,0.166667,7,0,6000.0,3532.758968,551.975557,0.0,12
C13935,14.836268,0.545455,170.09,0.0,170.09,0.0,0.454545,0.0,0.454545,0.0,0,10,7000.0,190.956987,73.377488,0.5,11
C11762,1232.292951,1.0,0.0,0.0,0.0,5184.090716,0.0,0.0,0.0,0.666667,28,0,4500.0,6050.865303,348.943877,0.083333,12
C11201,269.309231,1.0,280.25,0.0,280.25,0.0,0.916667,0.0,0.916667,0.0,0,19,2500.0,176.415802,184.470935,0.0,12
C12377,5897.491823,1.0,0.0,0.0,0.0,3318.487381,0.0,0.0,0.0,0.333333,8,0,7500.0,1417.970244,1809.974326,0.0,12
C17295,263.581756,0.727273,1944.26,700.0,1244.26,819.47409,0.5,0.083333,0.416667,0.083333,2,10,2700.0,2628.464774,78.530864,0.0,12
C17800,44.935526,1.0,401.06,0.0,401.06,0.0,0.916667,0.0,0.916667,0.0,0,11,1000.0,441.438423,181.013795,0.4,12
C17547,842.103869,1.0,496.56,0.0,496.56,0.0,1.0,0.0,1.0,0.0,0,12,1000.0,254.599294,467.881962,0.0,12
C13902,182.709228,0.909091,2463.21,1295.84,1167.37,0.0,1.0,1.0,1.0,0.0,0,44,9500.0,2362.519923,115.016047,0.444444,12
C16373,1610.282389,1.0,0.0,0.0,0.0,1296.078691,0.0,0.0,0.0,0.5,9,0,5000.0,576.468692,374.736257,0.0,12
C13750,2374.665105,1.0,339.82,339.82,0.0,1434.174341,0.166667,0.166667,0.0,0.333333,4,3,6000.0,622.389567,604.704131,0.0,12
C16635,3173.141048,1.0,895.92,0.0,895.92,0.0,1.0,0.0,1.0,0.0,0,12,4500.0,723.653473,749.728054,0.0,12
C12929,101.138672,1.0,1411.82,546.02,865.8,0.0,1.0,1.0,0.833333,0.0,0,42,3500.0,1357.403057,176.899874,0.75,12
C14636,170.617046,0.727273,350.0,350.0,0.0,0.0,0.083333,0.083333,0.0,0.0,0,1,3000.0,828.8943,175.629153,0.142857,12
C11616,39.477741,0.545455,325.66,325.66,0.0,0.0,0.333333,0.333333,0.0,0.0,0,7,1000.0,288.039256,107.908566,0.0,12
C11842,80.55139,0.909091,2132.7,914.0,1218.7,0.0,1.0,1.0,1.0,0.0,0,38,10000.0,1731.530778,129.508802,0.545455,12
C13719,41.143328,1.0,239.23,239.23,0.0,0.0,0.583333,0.583333,0.0,0.0,0,7,6000.0,309.734225,149.956376,0.083333,12
C13618,14.289109,0.909091,275.21,0.0,275.21,0.0,1.0,0.0,1.0,0.0,0,18,7500.0,384.69094,96.596385,0.6,12
C18061,411.362969,1.0,10.79,0.0,10.79,0.0,0.166667,0.0,0.166667,0.0,0,1,1200.0,918.160924,166.281511,0.0,12
C10935,559.944819,0.818182,0.0,0.0,0.0,1379.58783,0.0,0.0,0.0,0.166667,3,0,3000.0,1964.825042,242.677632,0.142857,12
C18887,2069.451252,1.0,0.0,0.0,0.0,2849.085564,0.0,0.0,0.0,0.666667,14,0,3000.0,199.137135,258.367496,0.0,6
C15290,1447.267049,1.0,0.0,0.0,0.0,77.866868,0.0,0.0,0.0,0.083333,1,0,1500.0,315.87129,298.701546,0.0,12
C19031,218.890208,0.6,0.0,0.0,0.0,447.102858,0.0,0.0,0.0,0.3,4,0,500.0,58.883172,166.541878,0.0,10
C18941,27.202031,1.0,538.41,0.0,538.41,0.0,1.0,0.0,1.0,0.0,0,15,1500.0,458.430924,100.747103,0.4,12
C12146,7698.663007,1.0,673.15,574.28,98.87,6076.961711,0.833333,0.25,0.75,0.5,8,14,12000.0,1907.16983,2144.047631,0.0,12
C11617,8.04034,0.181818,176.85,176.85,0.0,0.0,0.166667,0.166667,0.0,0.0,0,4,6000.0,266.209837,169.928063,1.0,12
C16770,1125.697524,1.0,0.0,0.0,0.0,504.069794,0.0,0.0,0.0,0.5,8,0,1200.0,599.233796,625.024705,0.0,12
C15133,2811.486863,1.0,692.52,692.52,0.0,637.084199,1.0,1.0,0.0,0.25,5,13,3000.0,1848.537683,2532.728316,0.0,12
C15241,454.552808,0.454545,0.0,0.0,0.0,1091.832836,0.0,0.0,0.0,0.083333,1,0,1200.0,163.85665,297.132962,0.0,12
C13556,0.0,0.0,125.37,0.0,125.37,0.0,1.0,0.0,1.0,0.0,0,7,1500.0,0.0,,0.0,7
C15401,1057.699883,1.0,229.74,216.17,13.57,768.99315,0.5,0.5,0.083333,0.333333,4,7,1500.0,307.755667,393.128829,0.0,12
C13848,369.384435,1.0,3303.03,87.9,3215.13,0.0,0.833333,0.166667,0.75,0.0,0,28,6000.0,2353.184431,173.56131,0.0,12
C16096,116.418751,1.0,1176.0,0.0,1176.0,0.0,1.0,0.0,1.0,0.0,0,12,2150.0,1083.783994,1364.816672,0.666667,12
C15278,73.704935,1.0,554.67,0.0,554.67,0.0,1.0,0.0,1.0,0.0,0,17,4000.0,578.565706,175.221326,0.75,12
C11151,1386.020611,1.0,0.0,0.0,0.0,2168.900998,0.0,0.0,0.0,0.166667,5,0,6000.0,1736.121099,450.598141,0.0,12
C12723,3441.516174,1.0,358.68,0.0,358.68,0.0,1.0,0.0,0.916667,0.0,0,12,7500.0,1376.000823,751.654272,0.0,12
C16710,169.600016,0.272727,36.79,0.0,36.79,2596.426866,0.083333,0.0,0.083333,0.25,10,1,1500.0,1086.495221,69.858754,0.090909,12
C15860,253.367476,0.909091,626.69,0.0,626.69,0.0,0.416667,0.0,0.416667,0.0,0,5,1500.0,969.151872,176.889617,0.0,12
C18515,66.0478,0.454545,674.67,674.67,0.0,0.0,0.416667,0.416667,0.0,0.0,0,8,600.0,538.053223,167.18485,1.0,12
C16946,1821.040307,1.0,166.38,116.38,50.0,1682.602932,0.4,0.2,0.2,0.4,13,5,5000.0,3388.896555,520.445922,0.0,10
C12371,955.41412,1.0,0.0,0.0,0.0,1145.252721,0.0,0.0,0.0,0.25,4,0,1200.0,1402.659723,372.641361,0.0,12
C15739,79.222393,1.0,994.96,463.2,531.76,0.0,0.916667,0.333333,0.833333,0.0,0,22,3500.0,612.645199,160.160912,0.9,12
C10263,5335.302925,1.0,0.0,0.0,0.0,468.958688,0.0,0.0,0.0,0.166667,2,0,6000.0,1350.318606,1249.937085,0.0,12
C14972,608.422266,0.636364,0.0,0.0,0.0,2338.86519,0.0,0.0,0.0,0.166667,2,0,4000.0,600.277524,369.688294,0.0,12
C13366,124.117838,0.363636,14.98,14.98,0.0,0.0,0.083333,0.083333,0.0,0.0,0,1,1700.0,607.535166,43.582049,0.0,12
C15376,1155.338824,0.909091,5744.03,4055.8,1688.23,0.0,0.5,0.083333,0.416667,0.0,0,11,6000.0,3684.789911,328.151043,0.0,12
C15791,34.351126,0.545455,45.65,45.65,0.0,0.0,0.083333,0.083333,0.0,0.0,0,1,1500.0,79.207316,208.550713,0.0,12
C15778,29.929842,0.272727,259.59,0.0,259.59,0.0,0.166667,0.0,0.166667,0.0,0,3,2500.0,682.334296,175.624776,1.0,12
C16932,528.917839,1.0,647.69,483.59,164.1,0.0,0.666667,0.25,0.333333,0.0,0,12,1000.0,390.696467,213.744956,0.0,12
C15875,6851.39075,0.909091,4004.0,117.0,3887.0,10616.27014,0.909091,0.181818,0.818182,0.363636,17,18,7500.0,6746.5317,22011.7798,0.0,11
C15505,2.566385,0.454545,0.0,0.0,0.0,294.434643,0.0,0.0,0.0,0.083333,1,0,1300.0,379.556939,54.371074,0.0,12
C12665,1872.934017,1.0,382.5,310.0,72.5,0.0,0.416667,0.416667,0.083333,0.0,0,7,1950.0,463.938794,1005.849526,0.0,12
C16901,3560.977973,1.0,3129.67,2229.42,900.25,283.696848,1.0,0.333333,1.0,0.166667,2,39,5000.0,854.446327,956.166908,0.0,12
C10314,388.873921,0.727273,1579.15,1462.35,116.8,0.0,0.583333,0.5,0.25,0.0,0,15,2700.0,451.600059,199.955286,0.0,12
C17451,240.439583,0.545455,481.01,481.01,0.0,461.403602,0.333333,0.333333,0.0,0.333333,6,4,1200.0,139.715889,174.17913,0.0,12
C15159,9309.635579,1.0,9007.67,8775.37,232.3,0.0,1.0,1.0,0.25,0.0,0,87,15000.0,5528.180381,2618.776868,0.0,12
C17491,9.048773,0.909091,316.2,0.0,316.2,0.0,1.0,0.0,1.0,0.0,0,24,2000.0,391.398298,89.505939,0.6,12
C15677,1696.302382,1.0,0.0,0.0,0.0,1578.159867,0.0,0.0,0.0,0.666667,13,0,3000.0,650.716947,784.060078,0.0,12
C14327,432.860083,1.0,128.32,128.32,0.0,0.0,0.083333,0.083333,0.0,0.0,0,1,4750.0,239.784988,297.228184,0.0,12
C11484,1887.119184,1.0,2450.73,1450.73,1000.0,0.0,0.583333,0.166667,0.416667,0.0,0,13,4200.0,1534.31902,612.83515,0.0,12
C16290,2339.150068,1.0,502.63,502.63,0.0,2098.738085,0.285714,0.285714,0.0,0.285714,3,4,6000.0,539.450103,332.702117,0.0,7
C16541,1462.921098,1.0,609.16,609.16,0.0,1054.286672,0.25,0.25,0.0,0.25,4,3,2000.0,506.068295,314.8002,0.0,12
C10388,11278.95243,1.0,6855.59,2762.92,4092.67,0.0,0.916667,0.75,0.833333,0.0,0,39,18500.0,4868.088671,2861.890896,0.0,12
C11931,1383.161918,1.0,0.0,0.0,0.0,55.212259,0.0,0.0,0.0,0.166667,2,0,1500.0,276.630198,504.836908,0.0,12
C19155,181.891981,0.5,0.0,0.0,0.0,1865.191764,0.0,0.0,0.0,0.5,10,0,2000.0,4565.356495,88.057892,1.0,6
C15923,561.346036,1.0,4430.12,2992.49,1437.63,80.614627,1.0,1.0,0.75,0.083333,1,68,4500.0,3750.631255,183.469161,0.083333,12
C19135,41.781274,1.0,161.46,38.4,123.06,0.0,1.0,0.285714,0.857143,0.0,0,9,1500.0,42.028314,95.100161,0.2,7
C11712,92.898327,1.0,546.0,46.0,500.0,0.0,0.5,0.083333,0.416667,0.0,0,7,6000.0,787.50992,173.630065,0.6,12
C10783,10397.09989,1.0,0.0,0.0,0.0,4045.620171,0.0,0.0,0.0,0.25,6,0,13000.0,3222.169406,2818.707479,0.0,12
C14193,869.947607,1.0,0.0,0.0,0.0,875.275758,0.0,0.0,0.0,0.25,4,0,3000.0,284.200413,351.686512,0.0,12
C15136,4274.488095,1.0,0.0,0.0,0.0,12527.49129,0.0,0.0,0.0,0.583333,17,0,10500.0,9836.835644,1115.092967,0.083333,12
C14297,56.541208,0.272727,325.8,325.8,0.0,0.0,0.083333,0.083333,0.0,0.0,0,3,3200.0,1300.942779,136.804417,0.0,12
C10301,280.142117,1.0,2236.49,758.52,1477.97,0.0,1.0,1.0,0.666667,0.0,0,34,10000.0,1986.838064,233.614975,1.0,12
C12306,1475.871356,1.0,826.77,664.21,162.56,0.0,1.0,1.0,0.333333,0.0,0,18,1500.0,1182.627097,1332.067827,0.0,12
C14712,151.194794,0.818182,2634.7,2411.53,223.17,0.0,1.0,1.0,0.363636,0.0,0,42,7500.0,2295.964836,103.773786,0.5,11
C13239,1471.557317,1.0,577.58,0.0,577.58,529.067202,1.0,0.0,1.0,0.25,4,29,1500.0,1265.924345,1007.132278,0.0,12
C12184,1301.800738,1.0,0.0,0.0,0.0,1378.856373,0.0,0.0,0.0,0.083333,2,0,4500.0,1009.40361,280.243063,0.0,12
C15044,2332.496766,1.0,0.0,0.0,0.0,1848.691278,0.0,0.0,0.0,0.083333,1,0,9700.0,803.519921,548.26632,0.0,12
C15718,1306.735189,1.0,0.0,0.0,0.0,256.361633,0.0,0.0,0.0,0.25,4,0,5500.0,536.065588,324.670041,0.0,12
C10523,13479.28821,1.0,41050.4,40624.06,426.34,0.0,0.833333,0.666667,0.416667,0.0,0,157,17000.0,36066.75068,15914.48462,0.083333,12
C15339,1018.811119,1.0,3137.2,1737.1,1400.1,0.0,1.0,0.666667,1.0,0.0,0,57,6500.0,4106.558919,260.772338,0.0,12
C15131,519.444307,1.0,525.0,0.0,525.0,0.0,1.0,0.0,1.0,0.0,0,12,1000.0,1500.456687,806.258492,0.083333,12
C17834,20.594739,1.0,320.64,0.0,320.64,0.0,1.0,0.0,1.0,0.0,0,12,4000.0,273.840392,168.037964,0.416667,12
C11591,774.709467,1.0,462.0,0.0,462.0,864.137815,1.0,0.0,1.0,0.166667,2,24,6000.0,703.328852,229.278664,0.0,12
C15034,4746.953711,0.909091,0.0,0.0,0.0,939.38774,0.0,0.0,0.0,0.454545,10,0,11000.0,1257.708437,1029.681413,0.0,11
C11255,9387.614011,1.0,0.0,0.0,0.0,7968.273359,0.0,0.0,0.0,0.083333,1,0,12000.0,2202.134525,2584.589917,0.0,12
C18579,215.295527,1.0,599.03,260.0,339.03,0.0,1.0,0.111111,0.888889,0.0,0,10,1000.0,223.114683,163.120714,0.428571,9
C18327,40.977812,0.454545,502.92,0.0,502.92,0.0,0.416667,0.0,0.416667,0.0,0,6,4000.0,748.302786,177.375481,0.75,12
C10699,654.747715,1.0,1969.24,567.47,1401.77,0.0,0.916667,0.25,0.916667,0.0,0,30,12000.0,2011.781378,219.067764,0.0,12
C16527,406.939907,1.0,2615.18,2615.18,0.0,0.0,1.0,1.0,0.0,0.0,0,76,4300.0,5296.640171,2773.819516,0.75,12
C15259,0.009684,0.181818,79.24,0.0,79.24,0.0,0.083333,0.0,0.083333,0.0,0,1,6000.0,688.614293,35.978677,0.333333,12
C12971,4994.957253,1.0,0.0,0.0,0.0,2539.708186,0.0,0.0,0.0,0.416667,7,0,6400.0,1107.988488,1242.754558,0.0,12
C12946,4215.771256,1.0,0.0,0.0,0.0,7870.352952,0.0,0.0,0.0,0.416667,16,0,7500.0,5197.380969,1561.708701,0.083333,12
C15796,1394.245166,1.0,684.85,61.85,623.0,1574.545965,0.583333,0.083333,0.416667,0.416667,9,7,1500.0,2411.283485,1291.78569,0.090909,12
C18754,11.395369,0.636364,100.5,0.0,100.5,0.0,0.5,0.0,0.5,0.0,0,6,3000.0,148.92824,87.113913,0.142857,12
C11512,4146.527042,1.0,178.0,178.0,0.0,764.579554,0.083333,0.083333,0.0,0.333333,4,1,8500.0,911.108606,1571.782709,0.0,12
C14156,817.439653,1.0,1091.0,1091.0,0.0,0.0,0.083333,0.083333,0.0,0.0,0,1,2600.0,766.573245,292.103091,0.0,12
C17787,252.174753,1.0,411.01,411.01,0.0,0.0,0.833333,0.833333,0.0,0.0,0,28,1000.0,459.467285,188.121403,0.0,12
C11236,42.585012,1.0,534.26,256.0,278.26,2395.944665,0.333333,0.25,0.083333,0.083333,3,6,7000.0,3391.718043,65.67327,0.666667,12
C17985,1420.656377,0.875,0.0,0.0,0.0,1773.769481,0.0,0.0,0.0,0.25,4,0,2500.0,316.465166,344.662808,0.0,8
C12335,937.276757,1.0,45.65,45.65,0.0,19.995297,0.083333,0.083333,0.0,0.083333,1,1,1000.0,335.809644,442.354727,0.0,12
C10436,1452.437463,1.0,0.0,0.0,0.0,114.918715,0.0,0.0,0.0,0.25,3,0,1500.0,331.670616,479.771774,0.0,12
C10527,47.6368,0.727273,379.28,0.0,379.28,0.0,0.583333,0.0,0.583333,0.0,0,7,2500.0,641.943628,156.644197,1.0,12
C16625,1906.104266,1.0,781.43,1.0,780.43,2097.271687,0.583333,0.083333,0.5,0.166667,2,16,3400.0,495.427538,618.280632,0.0,12
C12699,134.238558,1.0,420.0,287.0,133.0,0.0,0.583333,0.083333,0.416667,0.0,0,7,7500.0,519.436959,190.475641,0.0,12
C11635,1229.397644,1.0,11414.48,6754.38,4660.1,0.0,1.0,0.916667,1.0,0.0,0,176,9000.0,9686.614183,263.250811,0.916667,12
C10528,1529.206464,1.0,874.94,0.0,874.94,0.0,0.833333,0.0,0.75,0.0,0,18,1500.0,716.241063,1502.744095,0.0,12
C18635,460.331646,0.545455,0.0,0.0,0.0,1759.775462,0.0,0.0,0.0,0.416667,6,0,3000.0,357.29622,349.836034,0.0,12
C12478,10.106017,0.727273,1160.66,34.9,1125.76,0.0,1.0,0.083333,0.916667,0.0,0,37,1500.0,1152.518504,32.376453,0.111111,12
C16281,756.887956,0.727273,178.0,0.0,178.0,0.0,0.333333,0.0,0.333333,0.0,0,4,1000.0,1390.256371,4287.23667,0.090909,12
C17359,621.553537,0.727273,0.0,0.0,0.0,5018.474514,0.0,0.0,0.0,0.333333,6,0,2000.0,3406.081412,172.409386,0.1,12
C10646,2.175751,0.454545,0.0,0.0,0.0,136.662804,0.0,0.0,0.0,0.083333,1,0,3000.0,278.731912,56.686755,0.2,12
C12192,33.528505,0.818182,477.5,193.5,284.0,0.0,0.583333,0.166667,0.333333,0.0,0,17,3000.0,591.867645,157.374987,0.625,12
C18485,385.845093,0.25,0.0,0.0,0.0,2397.763368,0.0,0.0,0.0,0.25,5,0,2500.0,0.0,,0.0,8
C15307,303.929544,0.545455,0.0,0.0,0.0,1120.769857,0.0,0.0,0.0,0.083333,1,0,1200.0,1471.642879,146.079539,0.125,12
C14981,72.372971,0.363636,456.7,456.7,0.0,0.0,0.25,0.25,0.0,0.0,0,4,1200.0,312.287787,163.340754,0.0,12
C16996,77.653879,1.0,473.62,340.48,133.14,1260.284262,0.5,0.25,0.166667,0.083333,1,6,1800.0,1572.10707,121.46035,0.083333,12
C16894,63.047104,1.0,766.56,175.0,591.56,0.0,0.833333,0.083333,0.666667,0.0,0,11,2900.0,777.890206,153.058328,0.8,12
C10358,1032.241153,1.0,1005.52,464.5,541.02,0.0,1.0,0.5,0.833333,0.0,0,33,3000.0,1866.265366,237.328382,0.0,12
C10826,197.555397,1.0,1876.8,0.0,1876.8,0.0,1.0,0.0,1.0,0.0,0,12,5000.0,1715.207478,163.663033,1.0,12
C15792,2997.999455,1.0,288.4,0.0,288.4,931.971634,0.75,0.0,0.75,0.166667,2,9,9000.0,1733.213844,705.163246,0.0,12
C12911,1079.008102,1.0,0.0,0.0,0.0,1259.571764,0.0,0.0,0.0,0.545455,9,0,1200.0,1379.635287,271.364415,0.090909,11
C19134,367.263145,1.0,280.0,0.0,280.0,254.298735,1.0,0.0,0.857143,0.142857,1,7,1000.0,64.596029,137.819399,0.0,7
C18554,192.25979,0.272727,86.03,86.03,0.0,997.125484,0.083333,0.083333,0.0,0.166667,4,1,1200.0,0.0,,0.0,12
C17665,68.624743,1.0,423.23,243.23,180.0,0.0,1.0,0.111111,0.888889,0.0,0,10,1000.0,458.251229,107.879849,0.5,9
C18875,10.286805,0.363636,60.0,0.0,60.0,0.0,0.25,0.0,0.25,0.0,0,3,1000.0,194.460801,141.594889,0.25,12
C10323,515.904786,1.0,5359.02,2399.78,2959.24,0.0,1.0,1.0,1.0,0.0,0,60,6000.0,0.0,,0.0,12
C16677,3915.151082,1.0,2607.07,2155.66,451.41,0.0,0.916667,0.583333,0.583333,0.0,0,27,8000.0,857.533676,930.799308,0.0,12
C10773,1350.286625,1.0,642.33,642.33,0.0,0.0,0.5,0.5,0.0,0.0,0,12,9000.0,323.683167,344.973051,0.0,12
C10819,2435.823938,1.0,749.3,393.5,355.8,0.0,0.583333,0.083333,0.5,0.0,0,8,8500.0,2501.125038,541.51241,0.0,12
C12550,96.699394,0.545455,1475.23,1475.23,0.0,0.0,1.0,1.0,0.0,0.0,0,14,4000.0,1595.023315,34.819015,0.0,12
C12087,595.655746,1.0,6562.24,4892.43,1669.81,0.0,1.0,1.0,1.0,0.0,0,114,8000.0,6240.58958,219.062841,1.0,12
C13643,1811.87843,1.0,900.0,0.0,900.0,99.27619,0.666667,0.0,0.666667,0.083333,1,12,1700.0,1147.826125,1998.400995,0.0,12
C12644,310.795046,0.909091,0.0,0.0,0.0,2810.45573,0.0,0.0,0.0,0.166667,2,0,7500.0,2811.544882,111.338928,0.1,12
C13475,4005.202539,1.0,1425.23,1208.45,216.78,2637.011333,1.0,1.0,0.416667,0.333333,6,46,5550.0,1607.054463,1061.281539,0.0,12
C15705,750.528885,1.0,1384.79,886.32,498.47,0.0,1.0,1.0,0.916667,0.0,0,34,1800.0,759.916056,225.743387,0.0,12
C18725,1384.431318,1.0,3013.2,924.39,2088.81,0.0,1.0,0.166667,1.0,0.0,0,33,6600.0,1218.29542,316.469656,0.0,12
C15501,2891.678357,0.454545,0.0,0.0,0.0,7981.152983,0.0,0.0,0.0,0.083333,4,0,10000.0,1379.83404,1840.913723,0.0,12
C17454,2347.383015,1.0,0.0,0.0,0.0,1480.171443,0.0,0.0,0.0,0.333333,4,0,3000.0,571.934258,740.954917,0.0,12
C17837,3377.632916,1.0,0.0,0.0,0.0,1241.559904,0.0,0.0,0.0,0.083333,2,0,5000.0,1028.191288,724.601528,0.0,12
C10270,1668.591831,1.0,0.0,0.0,0.0,1716.941235,0.0,0.0,0.0,0.166667,5,0,1800.0,2166.981163,568.063083,0.083333,12
C12230,1003.704494,0.818182,50.0,50.0,0.0,457.650652,0.083333,0.083333,0.0,0.25,5,1,3500.0,3389.03546,260.16707,0.0,12
C18410,12.039155,0.363636,100.0,0.0,100.0,0.0,0.181818,0.0,0.181818,0.0,0,2,3000.0,406.868896,80.075627,0.333333,11
C10392,12474.72954,1.0,136.88,0.0,136.88,515.147607,0.166667,0.0,0.166667,0.166667,2,2,14000.0,3519.008859,3430.627754,0.0,12
C14990,5177.774511,1.0,1562.74,979.99,582.75,1443.200669,0.666667,0.166667,0.5,0.166667,4,9,9000.0,3770.423728,1262.016427,0.0,12
C13815,30.186422,0.909091,345.99,120.0,225.99,0.0,0.666667,0.25,0.583333,0.0,0,15,9000.0,99.876601,149.179856,0.083333,12
C11974,5292.905315,1.0,5539.68,2603.79,2935.89,0.0,1.0,0.916667,1.0,0.0,0,273,6000.0,3597.677582,3838.484817,0.0,12
C19126,28.719231,0.571429,171.0,66.5,104.5,0.0,0.571429,0.142857,0.285714,0.0,0,4,1500.0,88.029232,100.579304,0.5,7
C10624,917.732846,1.0,18.41,0.0,18.41,0.0,0.083333,0.0,0.083333,0.0,0,1,1000.0,1407.291593,424.623595,0.0,12
C10047,2242.311686,1.0,437.0,97.0,340.0,184.648692,0.333333,0.083333,0.333333,0.166667,2,5,2400.0,0.0,,0.0,12
C11492,619.375758,1.0,6133.45,5932.61,200.84,0.0,1.0,1.0,0.5,0.0,0,129,7000.0,5505.517545,182.916276,0.833333,12
C11706,1410.753575,1.0,588.85,399.85,189.0,1668.104809,0.583333,0.416667,0.25,0.75,23,13,4000.0,409.037304,379.58191,0.0,12
C12776,1467.212481,0.636364,107.0,107.0,0.0,5203.612362,0.083333,0.083333,0.0,0.166667,6,1,6000.0,268.310194,569.623112,0.0,12
C18029,1060.630483,1.0,330.0,0.0,330.0,0.0,1.0,0.0,1.0,0.0,0,12,1000.0,588.576603,794.656428,0.0,12
C11955,2205.471982,1.0,3278.42,1640.05,1638.37,0.0,1.0,0.666667,1.0,0.0,0,147,6000.0,2726.198575,966.350823,0.0,12
C12007,6537.800686,1.0,1885.94,75.0,1810.94,2099.802521,0.916667,0.083333,0.916667,0.416667,6,29,8500.0,1625.320799,1608.307521,0.0,12
C12479,397.003171,1.0,3042.08,1419.07,1623.01,0.0,1.0,1.0,1.0,0.0,0,98,8500.0,2764.893686,246.737259,0.333333,12
C15453,37.261373,1.0,498.65,51.05,447.6,0.0,1.0,0.083333,1.0,0.0,0,29,7000.0,487.168856,164.505587,0.666667,12
C18977,1367.703777,0.909091,153.0,0.0,153.0,1487.406583,0.545455,0.0,0.454545,0.090909,14,6,1500.0,0.0,,0.0,11
C13531,118.463635,0.818182,1572.67,1572.67,0.0,0.0,0.583333,0.583333,0.0,0.0,0,14,5000.0,1838.425899,131.342387,0.8,12
C12029,1630.620638,1.0,0.0,0.0,0.0,381.541722,0.0,0.0,0.0,0.166667,2,0,2100.0,1117.714796,459.782873,0.0,12
C13002,1484.705242,1.0,2673.3,2272.02,401.28,4104.024116,0.916667,0.666667,1.0,0.5,29,26,5000.0,6169.78218,646.953153,0.0,12
C15842,1422.3042,1.0,0.0,0.0,0.0,115.324837,0.0,0.0,0.0,0.083333,1,0,3000.0,3489.163639,5873.275911,0.083333,12
C13950,1008.864224,1.0,1392.83,1392.83,0.0,0.0,0.333333,0.333333,0.0,0.0,0,7,9000.0,1265.870255,274.007655,0.0,12
C14452,597.416499,1.0,175.4,0.0,175.4,1816.49181,0.416667,0.0,0.416667,0.166667,2,5,1200.0,2524.423875,201.610785,0.181818,12
C11653,3478.592472,0.9,0.0,0.0,0.0,3757.973335,0.0,0.0,0.0,0.2,11,0,4000.0,611.537657,1167.341625,0.0,10
C17043,1259.179009,1.0,99.77,54.13,45.64,0.0,0.166667,0.166667,0.083333,0.0,0,4,1500.0,643.17199,281.091585,0.0,12
C11438,164.684836,1.0,622.9,622.9,0.0,464.882608,0.545455,0.545455,0.0,0.090909,1,7,3000.0,825.929531,171.750543,0.1,11
C17326,3740.785208,1.0,0.0,0.0,0.0,3010.940233,0.0,0.0,0.0,0.333333,5,0,10000.0,6038.594309,1355.822971,0.083333,12
C14201,552.464447,0.818182,1866.81,1075.17,791.64,0.0,0.666667,0.25,0.583333,0.0,0,35,3000.0,3158.4173,481.438547,0.111111,12
C17701,256.02662,0.909091,2098.56,1798.3,300.26,0.0,0.909091,0.909091,0.272727,0.0,0,22,3000.0,1909.534262,155.695781,0.25,11
C13380,1484.693487,1.0,399.96,0.0,399.96,0.0,1.0,0.0,1.0,0.0,0,12,1200.0,185.006776,10729.24905,0.0,12
C10442,654.574445,1.0,0.0,0.0,0.0,2819.60583,0.0,0.0,0.0,0.083333,3,0,8000.0,422.878799,269.178995,0.0,12
C15125,217.993205,1.0,2435.21,1681.89,753.32,0.0,1.0,1.0,0.666667,0.0,0,30,7500.0,2024.009974,193.289032,1.0,12
C18232,449.733124,1.0,788.58,0.0,788.58,0.0,0.666667,0.0,0.666667,0.0,0,21,3000.0,419.35193,195.196969,0.0,12
C10425,1322.057239,1.0,0.0,0.0,0.0,76.260896,0.0,0.0,0.0,0.090909,1,0,6200.0,802.038512,291.307669,0.0,11
C18300,33.100875,0.888889,277.47,0.0,277.47,0.0,0.666667,0.0,0.555556,0.0,0,9,1500.0,194.180564,124.55425,0.142857,9
C18092,17.832004,0.272727,148.0,148.0,0.0,0.0,0.083333,0.083333,0.0,0.0,0,1,10500.0,117.223554,165.37547,0.0,12
C13655,6744.845686,1.0,4.44,0.0,4.44,19862.87844,0.25,0.0,0.166667,0.416667,11,3,16500.0,21440.29866,1350.823356,0.1,12
C12560,2008.004976,1.0,75.5,75.5,0.0,0.0,0.166667,0.166667,0.0,0.0,0,2,5000.0,485.389275,603.340807,0.0,12
C14214,295.374207,0.909091,0.0,0.0,0.0,2032.983385,0.0,0.0,0.0,0.25,4,0,1200.0,2781.869782,174.631958,0.0,12
C10808,4343.537475,1.0,1326.3,1326.3,0.0,1123.247578,1.0,1.0,0.0,0.166667,2,23,4500.0,1373.689245,3414.220124,0.0,12
C16322,1729.618796,1.0,3533.46,2533.5,999.96,0.0,1.0,0.5,0.833333,0.0,0,46,5000.0,4868.256038,735.288195,0.083333,12
C14032,9061.317491,1.0,0.0,0.0,0.0,366.077141,0.0,0.0,0.0,0.083333,1,0,10000.0,2524.110566,4676.178874,0.0,12
C16278,91.623484,0.7,179.8,179.8,0.0,1099.441745,0.1,0.1,0.0,0.4,8,1,1200.0,1374.794128,99.449376,0.5,10
C10218,5635.860679,1.0,393.62,153.72,239.9,5933.467329,0.916667,0.916667,0.166667,0.75,24,15,10000.0,1919.630466,1731.549385,0.0,12
C12561,5880.218671,0.666667,0.0,0.0,0.0,10590.41113,0.0,0.0,0.0,0.166667,1,0,11500.0,1828.239171,1952.041626,0.0,6
C16245,5478.956337,1.0,0.0,0.0,0.0,2925.736794,0.0,0.0,0.0,0.416667,6,0,6500.0,1109.464387,1961.996767,0.0,12
C16575,1434.793889,1.0,467.88,467.88,0.0,0.0,1.0,1.0,0.0,0.0,0,12,4300.0,2538.815988,2898.375147,0.0,12
C16010,1906.67771,1.0,486.27,580.2,0.0,0.0,0.416667,0.25,0.0,0.0,0,14,2000.0,712.776539,1440.494944,0.0,12
C17281,23.111629,0.363636,237.66,0.0,237.66,0.0,0.25,0.0,0.166667,0.0,0,3,3000.0,538.820587,131.332498,1.0,12
C11084,1048.067171,1.0,0.0,0.0,0.0,158.347647,0.0,0.0,0.0,0.25,3,0,1200.0,369.895952,281.091657,0.0,12
C19041,275.02095,1.0,1943.0,1943.0,0.0,0.0,0.6,0.6,0.0,0.0,0,9,500.0,1438.120632,142.241273,0.555556,10
C14359,3334.683766,1.0,0.0,0.0,0.0,3411.430841,0.0,0.0,0.0,0.25,16,0,6000.0,682.561453,1166.814409,0.0,12
C18256,111.539712,1.0,1364.86,0.0,1364.86,0.0,0.916667,0.0,0.833333,0.0,0,11,4000.0,1500.447193,150.868096,0.2,12
C14570,203.499251,1.0,2115.76,530.0,1585.76,0.0,1.0,0.5,1.0,0.0,0,52,4000.0,1953.639143,172.233875,1.0,12
C18771,908.465054,1.0,425.0,0.0,425.0,1457.729917,0.583333,0.0,0.583333,0.25,5,9,2000.0,742.934802,262.925278,0.25,12
C12035,2156.616367,1.0,1695.0,0.0,1695.0,90.775238,0.333333,0.0,0.25,0.083333,1,10,2000.0,2194.901135,2095.016662,0.0,12
C13624,31.107711,0.272727,230.0,0.0,230.0,0.0,0.166667,0.0,0.166667,0.0,0,2,4500.0,1314.252082,134.541185,1.0,12
C12165,26.325409,0.636364,266.71,0.0,266.71,0.0,0.416667,0.0,0.416667,0.0,0,5,2000.0,477.592124,184.739137,0.571429,12
C11550,432.385707,1.0,2171.86,1048.28,1123.58,138.67751,0.833333,0.416667,0.416667,0.083333,1,20,1200.0,1980.281176,195.203093,0.0,12
C11146,8115.039014,1.0,383.42,0.0,383.42,0.0,0.5,0.0,0.416667,0.0,0,7,11000.0,1982.542865,1821.785907,0.0,12
C18170,54.58197,1.0,247.66,132.0,115.66,0.0,1.0,0.166667,1.0,0.0,0,16,1700.0,163.543097,151.846536,0.0,12
C14048,2997.977825,1.0,35131.16,34087.73,1043.43,0.0,1.0,1.0,0.833333,0.0,0,344,12000.0,28896.66522,767.01418,0.75,12
C10678,7760.5254,1.0,14332.92,10588.97,3743.95,0.0,1.0,0.909091,0.909091,0.0,0,152,16000.0,7116.531862,2117.186083,0.0,11
C17500,724.614301,0.909091,1534.71,431.4,1103.31,1363.547989,0.666667,0.416667,0.5,0.75,26,18,1700.0,1809.593702,283.938453,0.090909,12
C12810,259.15982,1.0,1971.9,1580.98,390.92,19.395458,0.833333,0.5,0.5,0.083333,1,20,1800.0,2170.921218,167.050694,0.166667,12
C10251,1272.927288,1.0,5350.19,4783.34,566.85,0.0,1.0,1.0,0.916667,0.0,0,101,8000.0,5825.602115,318.305326,0.166667,12
C11855,7888.028118,1.0,0.0,0.0,0.0,1282.985376,0.0,0.0,0.0,0.333333,7,0,12000.0,1685.554741,2145.585863,0.0,12
C11758,2391.214539,1.0,4186.49,3313.0,873.49,0.0,1.0,0.916667,0.916667,0.0,0,50,4000.0,2710.98198,561.918093,0.0,12
C13968,1593.364737,1.0,2298.49,684.2,1614.29,554.604914,1.0,0.416667,1.0,0.25,3,53,4500.0,1082.087826,347.210824,0.0,12
C15712,13.99841,0.857143,94.86,0.0,94.86,0.0,0.857143,0.0,0.714286,0.0,0,6,1500.0,68.323361,104.264949,0.4,7
C14219,9440.796576,1.0,0.0,0.0,0.0,5831.378,0.0,0.0,0.0,0.666667,13,0,13000.0,2031.387858,2432.132089,0.0,12
C11549,2619.752921,1.0,3563.07,2675.63,887.44,0.0,0.916667,0.666667,0.666667,0.0,0,69,4500.0,1227.952887,688.645056,0.0,12
C12835,3057.553683,1.0,0.0,0.0,0.0,2037.648071,0.0,0.0,0.0,0.25,3,0,12500.0,7265.976143,847.170642,0.0,12
C13728,11.799054,0.5,77.36,0.0,77.36,0.0,0.5,0.0,0.375,0.0,0,4,1200.0,103.635381,117.664686,1.0,8
C17089,1460.077343,0.9,79.8,79.8,0.0,3494.069968,0.1,0.1,0.0,0.6,16,1,2500.0,1967.368185,518.663889,0.0,10
C12246,0.0,0.0,174.12,0.0,174.12,0.0,1.0,0.0,1.0,0.0,0,12,4000.0,0.0,,0.0,12
C14248,2525.493672,1.0,490.0,0.0,490.0,1470.99071,0.5,0.0,0.416667,0.5,20,6,6000.0,1130.147035,796.560224,0.0,12
C17905,465.86405,0.909091,0.0,0.0,0.0,895.874898,0.0,0.0,0.0,0.5,19,0,1000.0,643.394901,342.36985,0.0,12
C15030,23.651198,0.454545,250.0,0.0,250.0,0.0,0.416667,0.0,0.333333,0.0,0,5,1200.0,475.347623,173.942309,1.0,12
C15844,80.198389,0.454545,981.75,459.0,522.75,0.0,0.583333,0.083333,0.5,0.0,0,14,1000.0,1381.850719,58.816069,0.1,12
C10732,454.580913,1.0,1229.57,1229.57,0.0,0.0,0.416667,0.416667,0.0,0.0,0,16,2700.0,1125.497981,192.979922,0.0,12
C11934,538.995587,1.0,0.0,0.0,0.0,2156.577132,0.0,0.0,0.0,0.166667,2,0,1200.0,3303.660591,303.152869,0.111111,12
C14767,531.269205,1.0,33.4,0.0,33.4,0.0,1.0,0.0,1.0,0.0,0,12,3700.0,2508.700414,170.113751,0.0,12
C15930,202.08047,1.0,190.96,0.0,190.96,0.0,0.25,0.0,0.25,0.0,0,3,1000.0,156.408373,173.016455,0.083333,12
C14786,58.83251,1.0,551.93,0.0,551.93,0.0,1.0,0.0,1.0,0.0,0,27,2500.0,437.19547,194.026175,0.75,12
C15609,417.898933,0.9,1735.17,1116.67,618.5,649.936157,0.9,0.3,0.8,0.1,2,20,2500.0,1892.675483,170.458741,0.125,10
C18607,61.15435,0.818182,791.67,214.0,577.67,19.841346,1.0,0.166667,1.0,0.083333,1,50,1000.0,941.78413,131.473679,0.090909,12
C14391,1983.111978,1.0,1119.56,1119.56,0.0,5582.881679,0.333333,0.333333,0.0,0.416667,9,13,7000.0,6892.546158,467.408433,0.0,12
C16177,2112.383095,1.0,0.0,0.0,0.0,1437.963388,0.0,0.0,0.0,0.25,5,0,2500.0,763.38027,705.382787,0.0,12
C16066,212.25194,1.0,0.0,0.0,0.0,310.679119,0.0,0.0,0.0,0.166667,3,0,300.0,332.528057,193.718315,0.083333,12
C14365,48.068313,0.7,788.08,448.0,340.08,0.0,0.8,0.2,0.5,0.0,0,10,13000.0,689.403349,85.608786,0.555556,10
C17736,87.034432,0.636364,697.57,0.0,697.57,0.0,0.5,0.0,0.416667,0.0,0,15,3200.0,811.903413,112.569353,0.454545,12
C10589,4546.766836,1.0,3525.37,0.0,3525.37,0.0,1.0,0.0,1.0,0.0,0,66,15000.0,14083.96809,1442.933291,0.25,12
C15869,2447.62454,1.0,116.16,26.16,90.0,729.174169,0.5,0.083333,0.416667,0.083333,1,7,7500.0,525.469962,571.995314,0.0,12
C18157,1369.504264,1.0,1603.8,0.0,1603.8,0.0,1.0,0.0,1.0,0.0,0,12,1300.0,1591.602315,1278.329537,0.0,12
C13255,7293.108794,1.0,0.0,0.0,0.0,1877.531533,0.0,0.0,0.0,0.333333,4,0,8500.0,1816.195475,1659.404676,0.0,12
C10666,299.765294,1.0,2352.2,1136.7,1215.5,0.0,0.916667,0.666667,0.75,0.0,0,30,6500.0,2671.279796,185.468819,0.25,12
C13634,152.983848,0.375,0.0,0.0,0.0,451.815934,0.0,0.0,0.0,0.125,1,0,1200.0,54.712966,123.051387,0.0,8
C19127,435.696854,1.0,0.0,0.0,0.0,460.284824,0.0,0.0,0.0,0.285714,4,0,500.0,70.419023,153.993517,0.0,7
C12858,2274.992396,1.0,1794.82,1618.72,176.1,2373.651556,1.0,1.0,0.416667,0.416667,5,30,7000.0,722.123971,505.65312,0.0,12
C10529,2643.343414,1.0,26402.39,22257.39,4145.0,0.0,1.0,1.0,0.333333,0.0,0,114,16500.0,24529.27662,534.032339,1.0,12
C16160,1776.088454,1.0,117.0,117.0,0.0,139.117692,0.333333,0.333333,0.0,0.166667,2,4,9000.0,1160.657884,381.46904,0.0,12
C12027,51.427334,1.0,486.01,486.01,0.0,0.0,0.833333,0.833333,0.0,0.0,0,13,7000.0,544.044265,164.607409,0.0,12
C16598,3169.141778,1.0,435.0,435.0,0.0,3049.497763,0.083333,0.083333,0.0,0.166667,3,3,6500.0,795.908206,792.369143,0.0,12
C11586,131.459201,1.0,705.84,0.0,705.84,0.0,0.916667,0.0,0.916667,0.0,0,11,13500.0,669.589,208.164096,0.454545,12
C10336,57.842746,1.0,689.34,0.0,689.34,0.0,1.0,0.0,1.0,0.0,0,24,1500.0,453.842413,148.28357,0.333333,12
C16425,347.997266,0.454545,0.0,0.0,0.0,1224.607415,0.0,0.0,0.0,0.083333,1,0,4500.0,3486.642342,159.204938,0.090909,12
C12411,3860.238072,1.0,11.41,11.41,0.0,0.0,0.166667,0.166667,0.0,0.0,0,2,10000.0,7280.584479,1013.780486,0.083333,12
C17480,600.450838,1.0,351.88,104.78,247.1,445.263361,0.666667,0.25,0.5,0.583333,13,10,800.0,785.561972,378.370091,0.0,12
C16708,130.644698,1.0,338.79,0.0,338.79,0.0,0.916667,0.0,0.916667,0.0,0,19,1500.0,196.79846,176.914811,0.083333,12
C18292,2046.306856,1.0,1942.39,1608.95,333.44,1488.710959,1.0,0.833333,0.666667,0.166667,4,26,4000.0,1400.972622,455.333953,0.0,12
C12307,992.424289,1.0,0.0,0.0,0.0,45.026228,0.0,0.0,0.0,0.111111,1,0,1000.0,161.400987,183.86589,0.0,9
C16591,1162.7795,1.0,757.37,0.0,757.37,131.28406,1.0,0.0,1.0,0.083333,1,13,1000.0,512.315951,3533.665385,0.0,12
C16108,2968.476388,1.0,185.1,185.1,0.0,5874.584626,0.25,0.25,0.0,0.333333,10,3,4000.0,5549.022185,3011.099397,0.166667,12
C15443,66.842287,1.0,908.34,723.02,185.32,0.0,1.0,1.0,0.083333,0.0,0,14,6500.0,788.60284,177.213829,0.5,12
C18885,543.219992,0.833333,0.0,0.0,0.0,1497.188933,0.0,0.0,0.0,0.833333,8,0,3000.0,407.343532,99.150338,0.25,6
C17296,2.053676,0.181818,74.0,0.0,74.0,0.0,0.166667,0.0,0.083333,0.0,0,2,6000.0,68.147484,29.485897,0.090909,12
C15427,96.820999,0.272727,928.53,611.04,317.49,148.450478,0.25,0.25,0.166667,0.083333,2,13,3000.0,1827.504821,173.812568,1.0,12
C10895,993.533549,1.0,851.68,0.0,851.68,1515.648089,0.833333,0.0,0.75,0.083333,4,12,1500.0,1660.242557,512.342306,0.0,12
C14799,438.337653,1.0,1867.9,1424.87,443.03,128.429272,0.75,0.5,0.5,0.166667,3,24,6500.0,2080.403638,204.877516,0.083333,12
C18401,1606.875936,1.0,1863.48,1302.0,561.48,0.0,0.666667,0.083333,0.666667,0.0,0,20,6500.0,698.65014,328.146908,0.0,12
C13492,1158.783497,1.0,183.0,183.0,0.0,0.0,0.166667,0.166667,0.0,0.0,0,3,1200.0,271.548882,355.227627,0.0,12
C14834,3363.288511,1.0,1123.42,865.78,257.64,1992.271699,1.0,1.0,0.583333,0.166667,2,30,4500.0,4772.462052,948.702747,0.0,12
C12897,1912.691045,0.666667,0.0,0.0,0.0,9553.955906,0.0,0.0,0.0,0.166667,1,0,10000.0,19998.38969,637.003067,0.5,6
C16417,7.777595,0.454545,66.25,0.0,66.25,0.0,0.416667,0.0,0.333333,0.0,0,5,2000.0,129.109877,138.717776,0.333333,12
C17453,0.0,0.0,226.07,0.0,226.07,0.0,0.583333,0.0,0.583333,0.0,0,7,2500.0,0.0,,0.0,12
C10383,8806.866629,1.0,1490.94,0.02,1490.92,2813.063846,1.0,0.166667,1.0,0.166667,4,25,9000.0,2116.662516,3598.719728,0.0,12
C14546,158.919439,1.0,0.0,0.0,0.0,787.758817,0.0,0.0,0.0,0.25,3,0,4400.0,554.846112,173.790575,0.0,12
C14686,4187.550741,1.0,0.0,0.0,0.0,433.71918,0.0,0.0,0.0,0.083333,1,0,4500.0,1216.465192,935.585513,0.0,12
C17208,49.401973,0.727273,373.34,310.0,63.34,0.0,0.333333,0.25,0.083333,0.0,0,4,5000.0,584.836547,153.35767,0.571429,12
C12616,2384.257016,1.0,0.0,0.0,0.0,99.110887,0.0,0.0,0.0,0.166667,2,0,2500.0,564.37975,847.079637,0.0,12
C17839,504.127471,0.909091,0.0,0.0,0.0,18.042768,0.0,0.0,0.0,0.083333,1,0,1200.0,1383.846999,376.80756,0.1,12
C16836,173.23165,0.181818,1555.85,1555.85,0.0,0.0,0.083333,0.083333,0.0,0.0,0,2,1500.0,8494.566989,1157.992946,0.0,12
C17815,83.030075,1.0,2298.89,567.55,1731.34,0.0,0.916667,0.166667,0.833333,0.0,0,22,1000.0,2034.589917,166.237338,1.0,12
C17237,2980.054695,0.818182,26784.62,26514.32,270.3,0.0,0.583333,0.5,0.083333,0.0,0,33,30000.0,30029.01496,11853.79613,0.75,12
C18993,455.471255,1.0,389.7,44.7,345.0,276.902382,1.0,0.083333,0.916667,0.083333,4,14,1000.0,48.594194,3644.17131,0.090909,12
C12437,1073.370435,0.818182,824.77,377.81,446.96,1214.495468,0.666667,0.416667,0.5,0.333333,6,25,1800.0,534.728641,892.117717,0.0,12
C11406,1186.928037,1.0,2178.0,1546.5,631.5,0.0,1.0,1.0,0.333333,0.0,0,28,7000.0,2565.252377,300.082054,0.0,12
C10943,24.820164,0.727273,209.0,0.0,209.0,0.0,0.5,0.0,0.333333,0.0,0,6,1500.0,278.257109,153.048247,0.75,12
